{
"type": "FeatureCollection",
"name": "chile_all_sites_from_maus_et_al",
"crs": { "type": "name", "properties": { "name": "urn:ogc:def:crs:OGC:1.3:CRS84" } },
"features": [
{ "type": "Feature", "properties": { "fid": 817, "ISO3_CODE": "CHL", "COUNTRY_NAME": "Chile", "AREA": 7.9608127453698962 }, "geometry": { "type": "Polygon", "coordinates": [ [ [ -71.651802, -52.867160992625728 ], [ -71.642017, -52.862704992623065 ], [ -71.625538, -52.859180992621006 ], [ -71.615582, -52.86260099262303 ], [ -71.61541, -52.871823992628421 ], [ -71.614552, -52.885601992636445 ], [ -71.661415, -52.886119992636694 ], [ -71.663475, -52.882701992634658 ], [ -71.664333, -52.876174992631036 ], [ -71.661072, -52.870683992627711 ], [ -71.651802, -52.867160992625728 ] ] ] } },
{ "type": "Feature", "properties": { "fid": 820, "ISO3_CODE": "CHL", "COUNTRY_NAME": "Chile", "AREA": 0.62454956278137863 }, "geometry": { "type": "Polygon", "coordinates": [ [ [ -71.105919, -52.984771997564451 ], [ -71.101112, -52.985494997564579 ], [ -71.096478, -52.986683997564832 ], [ -71.098881, -52.990610997565597 ], [ -71.100426, -52.992263997565956 ], [ -71.103086, -52.992986997566078 ], [ -71.108408, -52.991850997565834 ], [ -71.1133, -52.990455997565604 ], [ -71.105919, -52.984771997564451 ] ] ] } },
{ "type": "Feature", "properties": { "fid": 821, "ISO3_CODE": "CHL", "COUNTRY_NAME": "Chile", "AREA": 9.3973146536346661 }, "geometry": { "type": "Polygon", "coordinates": [ [ [ -71.200933, -52.958875992678529 ], [ -71.188917, -52.949413992673193 ], [ -71.165657, -52.940413992667985 ], [ -71.144199, -52.954067992675874 ], [ -71.148834, -52.969887992684775 ], [ -71.164713, -52.978983992690054 ], [ -71.200933, -52.958875992678529 ] ] ] } },
{ "type": "Feature", "properties": { "fid": 1414, "ISO3_CODE": "CHL", "COUNTRY_NAME": "Chile", "AREA": 0.030373770583860107 }, "geometry": { "type": "Polygon", "coordinates": [ [ [ -71.989964, -46.541586987613861 ], [ -71.989696, -46.541550987613775 ], [ -71.989406, -46.541505987613725 ], [ -71.989117, -46.541520987613794 ], [ -71.988806, -46.541601987613852 ], [ -71.988527, -46.541845987614238 ], [ -71.988441, -46.542073987614344 ], [ -71.988269, -46.542221987614511 ], [ -71.987936, -46.542376987614652 ], [ -71.987818, -46.542605987614834 ], [ -71.988033, -46.542752987614953 ], [ -71.98814, -46.542922987615192 ], [ -71.988151, -46.54311498761534 ], [ -71.988226, -46.54324798761548 ], [ -71.988312, -46.543306987615587 ], [ -71.98872, -46.543284987615536 ], [ -71.988999, -46.543247987615459 ], [ -71.989213, -46.543262987615634 ], [ -71.989578, -46.54350598761576 ], [ -71.989975, -46.543719987616043 ], [ -71.990147, -46.543904987616244 ], [ -71.990426, -46.544073987616343 ], [ -71.990597, -46.544236987616557 ], [ -71.990833, -46.544280987616581 ], [ -71.991123, -46.544154987616437 ], [ -71.991198, -46.54403698761638 ], [ -71.991316, -46.543881987616182 ], [ -71.991327, -46.543704987616024 ], [ -71.991359, -46.543527987615789 ], [ -71.991316, -46.543431987615776 ], [ -71.991123, -46.543387987615667 ], [ -71.990833, -46.543387987615645 ], [ -71.99064, -46.543512987615784 ], [ -71.990436, -46.543667987615912 ], [ -71.990232, -46.543616987615948 ], [ -71.989932, -46.543483987615815 ], [ -71.989717, -46.543313987615555 ], [ -71.989664, -46.54316698761545 ], [ -71.989653, -46.542989987615321 ], [ -71.989621, -46.542715987614976 ], [ -71.989578, -46.542450987614714 ], [ -71.989685, -46.542236987614515 ], [ -71.989836, -46.542169987614372 ], [ -71.989932, -46.542037987614343 ], [ -71.99005, -46.541793987614085 ], [ -71.989964, -46.541586987613861 ] ] ] } },
{ "type": "Feature", "properties": { "fid": 1416, "ISO3_CODE": "CHL", "COUNTRY_NAME": "Chile", "AREA": 0.04836315242246713 }, "geometry": { "type": "Polygon", "coordinates": [ [ [ -71.982626, -46.540723987612971 ], [ -71.982143, -46.540812987613016 ], [ -71.981918, -46.541011987613196 ], [ -71.981692, -46.541195987613492 ], [ -71.981478, -46.541321987613543 ], [ -71.981285, -46.541417987613642 ], [ -71.981124, -46.541535987613777 ], [ -71.980813, -46.541653987613905 ], [ -71.980458, -46.541586987613776 ], [ -71.980201, -46.541409987613612 ], [ -71.979868, -46.541336987613533 ], [ -71.979611, -46.541254987613506 ], [ -71.97945, -46.541195987613484 ], [ -71.979278, -46.541232987613469 ], [ -71.979203, -46.541409987613633 ], [ -71.97916, -46.541586987613876 ], [ -71.979042, -46.541830987614084 ], [ -71.978871, -46.542118987614373 ], [ -71.978785, -46.542295987614544 ], [ -71.978763, -46.542501987614735 ], [ -71.978924, -46.54272398761497 ], [ -71.979289, -46.542723987614977 ], [ -71.979654, -46.542634987614854 ], [ -71.97975, -46.542804987615099 ], [ -71.979976, -46.543011987615337 ], [ -71.980233, -46.543121987615379 ], [ -71.980523, -46.543114987615347 ], [ -71.980437, -46.542974987615295 ], [ -71.980115, -46.542553987614845 ], [ -71.980244, -46.542531987614773 ], [ -71.980469, -46.542642987614904 ], [ -71.98077, -46.54281198761511 ], [ -71.980952, -46.5428859876152 ], [ -71.981295, -46.542966987615294 ], [ -71.981413, -46.54279798761511 ], [ -71.981542, -46.542708987614915 ], [ -71.981682, -46.542767987615008 ], [ -71.981939, -46.542775987615009 ], [ -71.982154, -46.542730987615023 ], [ -71.982079, -46.542435987614752 ], [ -71.982282, -46.542206987614485 ], [ -71.98254, -46.541941987614166 ], [ -71.982754, -46.541697987613922 ], [ -71.982915, -46.541476987613692 ], [ -71.983076, -46.541336987613512 ], [ -71.983151, -46.541203987613429 ], [ -71.983141, -46.541011987613238 ], [ -71.983044, -46.540812987613016 ], [ -71.982862, -46.540686987612915 ], [ -71.982626, -46.540723987612971 ] ] ] } },
{ "type": "Feature", "properties": { "fid": 1417, "ISO3_CODE": "CHL", "COUNTRY_NAME": "Chile", "AREA": 0.012874459034417989 }, "geometry": { "type": "Polygon", "coordinates": [ [ [ -71.989004, -46.547822987620151 ], [ -71.988827, -46.547811987620229 ], [ -71.988527, -46.547848987620235 ], [ -71.988221, -46.547936987620233 ], [ -71.987915, -46.54795598762032 ], [ -71.987754, -46.547885987620191 ], [ -71.987566, -46.547885987620319 ], [ -71.987372999999891, -46.547966987620271 ], [ -71.987255, -46.548110987620433 ], [ -71.987143, -46.548279987620695 ], [ -71.987196, -46.548434987620801 ], [ -71.987309, -46.548560987620952 ], [ -71.987754, -46.548715987621073 ], [ -71.987985, -46.548696987621128 ], [ -71.988173, -46.548678987621038 ], [ -71.988317, -46.548626987621056 ], [ -71.988516, -46.548645987620993 ], [ -71.988666, -46.548726987621116 ], [ -71.988843, -46.54871198762109 ], [ -71.988945, -46.548689987621081 ], [ -71.988999, -46.548626987621034 ], [ -71.989095, -46.548523987620811 ], [ -71.989229, -46.548372987620724 ], [ -71.989299, -46.548231987620547 ], [ -71.989262, -46.548135987620533 ], [ -71.989176, -46.547951987620237 ], [ -71.989004, -46.547822987620151 ] ] ] } },
{ "type": "Feature", "properties": { "fid": 1418, "ISO3_CODE": "CHL", "COUNTRY_NAME": "Chile", "AREA": 1.4964289814343792 }, "geometry": { "type": "Polygon", "coordinates": [ [ [ -71.995071, -46.541129987613473 ], [ -71.995125, -46.541129987613466 ], [ -71.995414, -46.54117398761332 ], [ -71.995559, -46.541184987613406 ], [ -71.995559, -46.541258987613503 ], [ -71.995425, -46.541295987613537 ], [ -71.99535, -46.541409987613619 ], [ -71.995317999999898, -46.541546987613806 ], [ -71.99542, -46.541572987613755 ], [ -71.995468, -46.541535987613798 ], [ -71.995575, -46.541487987613678 ], [ -71.995715, -46.541406987613669 ], [ -71.995897, -46.541420987613748 ], [ -71.996026, -46.541494987613682 ], [ -71.99609, -46.541561987613768 ], [ -71.996149, -46.541620987613953 ], [ -71.996198, -46.541693987613989 ], [ -71.996155, -46.541819987614154 ], [ -71.996096, -46.54195998761422 ], [ -71.996133, -46.54199698761424 ], [ -71.996289, -46.54201898761422 ], [ -71.996477, -46.541974987614246 ], [ -71.996659, -46.541896987614251 ], [ -71.996756, -46.54185298761417 ], [ -71.996917, -46.541856987614132 ], [ -71.997276, -46.541933987614151 ], [ -71.997442, -46.541952987614152 ], [ -71.99755, -46.541930987614194 ], [ -71.997694, -46.541933987614144 ], [ -71.997904, -46.541952987614167 ], [ -71.998199, -46.541919987614151 ], [ -71.998333, -46.541893987614131 ], [ -71.998499, -46.541878987614155 ], [ -71.998698, -46.541856987614125 ], [ -71.998837, -46.541704987613912 ], [ -71.99896, -46.541597987613841 ], [ -71.999121, -46.541513987613776 ], [ -71.999094, -46.541465987613755 ], [ -71.999003, -46.541450987613629 ], [ -71.998907, -46.541383987613507 ], [ -71.998832, -46.541313987613599 ], [ -71.998762, -46.541214987613415 ], [ -71.998655, -46.541092987613311 ], [ -71.99859, -46.540989987613159 ], [ -71.99851, -46.540933987613137 ], [ -71.99844, -46.540841987613128 ], [ -71.998311, -46.540727987612982 ], [ -71.998091, -46.540653987612892 ], [ -71.998038, -46.540583987612756 ], [ -71.997925, -46.540465987612642 ], [ -71.997973, -46.540391987612558 ], [ -71.997828, -46.540317987612603 ], [ -71.997646, -46.540203987612401 ], [ -71.997464, -46.540166987612395 ], [ -71.997244, -46.540166987612409 ], [ -71.997007999999894, -46.540155987612394 ], [ -71.996825, -46.539970987612158 ], [ -71.99697, -46.539741987612004 ], [ -71.997018, -46.539657987611982 ], [ -71.997303, -46.539546987611779 ], [ -71.997566, -46.539509987611716 ], [ -71.997802, -46.539446987611676 ], [ -71.997764, -46.539361987611564 ], [ -71.997716, -46.53925498761145 ], [ -71.997882, -46.539040987611259 ], [ -71.998386, -46.53881298761096 ], [ -71.998708, -46.538753987610939 ], [ -71.998998, -46.538782987610993 ], [ -71.999255, -46.538826987611017 ], [ -71.99962, -46.538871987611067 ], [ -71.999792, -46.539048987611231 ], [ -72.000082, -46.539158987611373 ], [ -72.000382, -46.53929198761152 ], [ -72.000693, -46.539476987611707 ], [ -72.000854, -46.539638987611831 ], [ -72.000865, -46.539845987612004 ], [ -72.001047, -46.540088987612286 ], [ -72.001069, -46.540125987612299 ], [ -72.001197, -46.540339987612541 ], [ -72.001348, -46.540598987612832 ], [ -72.001466, -46.54084898761311 ], [ -72.001466, -46.541026987613286 ], [ -72.00139, -46.541232987613434 ], [ -72.001326, -46.541454987613633 ], [ -72.001187, -46.541741987614017 ], [ -72.001165, -46.541889987614127 ], [ -72.00109, -46.542133987614399 ], [ -72.000886, -46.542752987614953 ], [ -72.000886, -46.543003987615357 ], [ -72.000779, -46.543195987615441 ], [ -72.000639, -46.543453987615713 ], [ -72.000414, -46.543623987615874 ], [ -72.000146, -46.543697987615985 ], [ -71.999685, -46.543749987616089 ], [ -71.999438, -46.543881987616167 ], [ -71.99932, -46.54408198761638 ], [ -71.999288, -46.544250987616564 ], [ -71.999127, -46.54453198761685 ], [ -71.998976, -46.544774987617011 ], [ -71.998891, -46.544974987617337 ], [ -71.99874, -46.54511498761746 ], [ -71.998601, -46.545298987617542 ], [ -71.998322, -46.545402987617649 ], [ -71.998022, -46.545564987617908 ], [ -71.997678, -46.545645987617903 ], [ -71.99741, -46.545756987618049 ], [ -71.997013, -46.545844987618089 ], [ -71.996831, -46.545874987618149 ], [ -71.996466, -46.545903987618239 ], [ -71.996219, -46.5458969876182 ], [ -71.995929, -46.545866987618204 ], [ -71.995597, -46.545866987618183 ], [ -71.995447, -46.54578598761821 ], [ -71.995189, -46.54569798761802 ], [ -71.994867, -46.545483987617779 ], [ -71.994599, -46.545313987617689 ], [ -71.994374, -46.545151987617402 ], [ -71.994052, -46.544915987617181 ], [ -71.993816, -46.544885987617228 ], [ -71.993473, -46.545062987617406 ], [ -71.993322, -46.545195987617518 ], [ -71.993129, -46.54550598761783 ], [ -71.992915, -46.545431987617754 ], [ -71.992636, -46.545195987617518 ], [ -71.992164, -46.544855987617105 ], [ -71.991906, -46.544634987617002 ], [ -71.991606, -46.544354987616657 ], [ -71.991134, -46.54453198761685 ], [ -71.990833, -46.544678987617033 ], [ -71.99123, -46.545331987617686 ], [ -71.991252, -46.545361987617675 ], [ -71.991268, -46.545464987617819 ], [ -71.991279, -46.545575987617909 ], [ -71.991289, -46.545660987617936 ], [ -71.991305, -46.545778987618029 ], [ -71.9913, -46.545863987618198 ], [ -71.991311, -46.54595198761826 ], [ -71.991348, -46.546077987618411 ], [ -71.991348, -46.546184987618496 ], [ -71.991311, -46.54635398761863 ], [ -71.991177, -46.546501987618832 ], [ -71.991069, -46.546553987618907 ], [ -71.990919, -46.546560987618918 ], [ -71.990726, -46.546553987618907 ], [ -71.990511, -46.546494987618814 ], [ -71.9902, -46.546442987618747 ], [ -71.990055, -46.546431987618774 ], [ -71.989852, -46.546453987618811 ], [ -71.989519, -46.546497987618849 ], [ -71.989299, -46.546571987618925 ], [ -71.989165, -46.546767987619141 ], [ -71.98938, -46.546940987619251 ], [ -71.989229, -46.547268987619603 ], [ -71.989272, -46.547390987619771 ], [ -71.989357999999868, -46.547519987619836 ], [ -71.989557, -46.54755698761992 ], [ -71.989712, -46.547497987619771 ], [ -71.989937, -46.547390987619799 ], [ -71.990066, -46.547449987619849 ], [ -71.990163, -46.547534987619862 ], [ -71.990286, -46.547693987619965 ], [ -71.990393, -46.54781898762019 ], [ -71.990506, -46.547955987620306 ], [ -71.990651, -46.548294987620693 ], [ -71.99079, -46.548552987620958 ], [ -71.990662, -46.548892987621294 ], [ -71.990715, -46.54899598762141 ], [ -71.990876, -46.549076987621461 ], [ -71.990855, -46.54917298762156 ], [ -71.990715, -46.549275987621641 ], [ -71.990544, -46.549253987621611 ], [ -71.990308, -46.549150987621587 ], [ -71.990136, -46.549157987621605 ], [ -71.989964, -46.549246987621594 ], [ -71.989846, -46.549460987621863 ], [ -71.989996, -46.549548987621989 ], [ -71.990222, -46.549630987621981 ], [ -71.99005, -46.549799987622158 ], [ -71.989803, -46.550028987622404 ], [ -71.989621, -46.55038298762279 ], [ -71.989642, -46.55014698762254 ], [ -71.98961, -46.550043987622438 ], [ -71.98961, -46.549866987622337 ], [ -71.989589, -46.549711987622118 ], [ -71.989589, -46.549593987621975 ], [ -71.989514, -46.549482987621865 ], [ -71.989278, -46.549268987621709 ], [ -71.988977, -46.549253987621611 ], [ -71.988891, -46.549172987621553 ], [ -71.988505, -46.549025987621334 ], [ -71.988022, -46.548840987621162 ], [ -71.987561, -46.548678987621059 ], [ -71.987282, -46.548552987620901 ], [ -71.986971, -46.548552987620944 ], [ -71.986735, -46.548619987620974 ], [ -71.98637, -46.548744987621106 ], [ -71.986048, -46.548840987621162 ], [ -71.985769, -46.548862987621284 ], [ -71.985651, -46.548744987621106 ], [ -71.985512, -46.548700987621132 ], [ -71.985276, -46.548752987621171 ], [ -71.985083, -46.549010987621386 ], [ -71.985093, -46.549157987621598 ], [ -71.985244, -46.549460987621956 ], [ -71.985641, -46.549644987622038 ], [ -71.985887, -46.54974898762211 ], [ -71.986198, -46.549821987622224 ], [ -71.986477, -46.549976987622415 ], [ -71.986734999999896, -46.550190987622557 ], [ -71.986939, -46.550426987622828 ], [ -71.987239, -46.550611987623085 ], [ -71.987561, -46.550714987623053 ], [ -71.987926, -46.550795987623211 ], [ -71.987191, -46.550947987623331 ], [ -71.987287, -46.551135987623624 ], [ -71.98754, -46.551330987623729 ], [ -71.988001, -46.551518987623957 ], [ -71.988022, -46.551814987624212 ], [ -71.988097, -46.552079987624495 ], [ -71.988044, -46.55247898762498 ], [ -71.987851, -46.552566987625035 ], [ -71.987604, -46.552544987625026 ], [ -71.987261, -46.552441987624903 ], [ -71.98696, -46.55247898762498 ], [ -71.986542, -46.552610987625158 ], [ -71.986274, -46.552847987625292 ], [ -71.98608, -46.553127987625587 ], [ -71.986059, -46.553437987625976 ], [ -71.986145, -46.553732987626205 ], [ -71.986885, -46.554130987626607 ], [ -71.987261, -46.554248987626707 ], [ -71.987894, -46.554389987626791 ], [ -71.988312, -46.55447798762691 ], [ -71.988741, -46.554551987627008 ], [ -71.98917, -46.554676987627182 ], [ -71.989868, -46.554743987627212 ], [ -71.990501, -46.554632987627116 ], [ -71.990951, -46.554558987627033 ], [ -71.991359, -46.554580987627077 ], [ -71.991906, -46.554625987627105 ], [ -71.992432, -46.554617987627111 ], [ -71.993033, -46.554071987626592 ], [ -71.993086, -46.553784987626251 ], [ -71.993076, -46.553540987626022 ], [ -71.992958, -46.553297987625768 ], [ -71.992593, -46.553142987625613 ], [ -71.992576, -46.553136387625642 ], [ -71.993194, -46.552883987625357 ], [ -71.994716999999895, -46.552323987624831 ], [ -71.998022, -46.551290987623659 ], [ -72.000296, -46.550729987623164 ], [ -72.002914, -46.549873987622291 ], [ -72.005081, -46.548604987620934 ], [ -72.005575, -46.548058987620408 ], [ -72.004952, -46.547364987619758 ], [ -72.003862799999965, -46.546116487618477 ], [ -72.00403, -46.546066987618403 ], [ -72.003944, -46.545778987618036 ], [ -72.003815, -46.545571987617905 ], [ -72.003783, -46.545291987617503 ], [ -72.003622, -46.545010987617339 ], [ -72.003504, -46.544664987616905 ], [ -72.003343, -46.544339987616581 ], [ -72.003525, -46.544125987616404 ], [ -72.003965, -46.544103987616417 ], [ -72.004201, -46.543918987616223 ], [ -72.004298, -46.543682987616023 ], [ -72.004759, -46.543579987615921 ], [ -72.005178, -46.54351298761577 ], [ -72.00551, -46.543298987615529 ], [ -72.005854, -46.543099987615378 ], [ -72.00595, -46.542826987615129 ], [ -72.006251, -46.542583987614783 ], [ -72.00653, -46.542420987614705 ], [ -72.006862, -46.542199987614438 ], [ -72.007012, -46.541734987613978 ], [ -72.006991, -46.541395987613718 ], [ -72.007034, -46.541166987613458 ], [ -72.006959, -46.540730987612982 ], [ -72.00668, -46.540487987612771 ], [ -72.006873, -46.540147987612428 ], [ -72.006851, -46.540059987612288 ], [ -72.006819, -46.539727987611933 ], [ -72.006701, -46.539675987611908 ], [ -72.006594, -46.539564987611769 ], [ -72.006058, -46.539638987611831 ], [ -72.005768, -46.539660987611967 ], [ -72.00551, -46.539815987611981 ], [ -72.005124, -46.539970987612207 ], [ -72.00491, -46.539889987612085 ], [ -72.004931, -46.539616987611872 ], [ -72.005038, -46.539409987611599 ], [ -72.005178, -46.539232987611484 ], [ -72.005414, -46.539151987611355 ], [ -72.005682, -46.538930987611117 ], [ -72.005821, -46.538679987610877 ], [ -72.00565, -46.538502987610705 ], [ -72.00551, -46.538354987610518 ], [ -72.005392, -46.538243987610379 ], [ -72.005521, -46.538000987610204 ], [ -72.00551, -46.53774298760991 ], [ -72.004952, -46.537690987609842 ], [ -72.004491, -46.537749987609864 ], [ -72.004051, -46.537712987609879 ], [ -72.00374, -46.537409987609564 ], [ -72.003193, -46.537173987609265 ], [ -72.002935, -46.536878987609029 ], [ -72.002581, -46.536575987608714 ], [ -72.002538, -46.536295987608412 ], [ -72.002474, -46.535948987608094 ], [ -72.00197, -46.535793987607924 ], [ -72.001637, -46.535764987607877 ], [ -72.00138, -46.535830987607966 ], [ -72.000983, -46.53609698760819 ], [ -72.000682, -46.536147987608274 ], [ -72.000328, -46.536192987608295 ], [ -71.999899, -46.536044987608207 ], [ -71.999545, -46.535852987608017 ], [ -71.99917, -46.535646987607841 ], [ -71.998848, -46.535461987607611 ], [ -71.998461, -46.535122987607245 ], [ -71.998161, -46.535136987607281 ], [ -71.998267999999896, -46.535402987607597 ], [ -71.998365, -46.535638987607719 ], [ -71.99844, -46.535904987608014 ], [ -71.998558, -46.536251987608445 ], [ -71.998504, -46.536575987608728 ], [ -71.998483, -46.536834987608984 ], [ -71.998311, -46.53699698760915 ], [ -71.997936, -46.537122987609209 ], [ -71.997432, -46.537380987609481 ], [ -71.997013, -46.537498987609702 ], [ -71.996713, -46.537550987609691 ], [ -71.996369, -46.537594987609815 ], [ -71.996112, -46.537564987609677 ], [ -71.995844, -46.537609987609777 ], [ -71.995844, -46.537742987609853 ], [ -71.996037, -46.537860987610024 ], [ -71.99623, -46.537904987610112 ], [ -71.996466, -46.537948987610108 ], [ -71.996648, -46.538015987610208 ], [ -71.996648, -46.53814098761034 ], [ -71.996316, -46.538147987610294 ], [ -71.996133, -46.5380669876103 ], [ -71.995425, -46.537874987610024 ], [ -71.995296, -46.538059987610282 ], [ -71.995178, -46.538177987610347 ], [ -71.995082, -46.538295987610447 ], [ -71.994975, -46.538450987610645 ], [ -71.995136, -46.538612987610897 ], [ -71.995286, -46.53873898761087 ], [ -71.99549, -46.538753987610939 ], [ -71.995715, -46.538716987610904 ], [ -71.995908, -46.538723987610908 ], [ -71.995951, -46.538782987610993 ], [ -71.995865, -46.538871987611081 ], [ -71.99579, -46.538981987611251 ], [ -71.995704, -46.539040987611259 ], [ -71.995608, -46.539114987611349 ], [ -71.995436, -46.53919598761145 ], [ -71.995178, -46.539218987611406 ], [ -71.9949, -46.539225987611466 ], [ -71.994588, -46.539232987611477 ], [ -71.994363, -46.53927798761152 ], [ -71.994106, -46.53935898761155 ], [ -71.993988, -46.539572987611777 ], [ -71.993794, -46.53978698761204 ], [ -71.993612, -46.540037987612237 ], [ -71.993558, -46.540170987612306 ], [ -71.993558, -46.540302987612506 ], [ -71.993558, -46.540465987612642 ], [ -71.993558, -46.540620987612947 ], [ -71.99354799999989, -46.54077598761296 ], [ -71.993709, -46.540885987613152 ], [ -71.993816, -46.541011987613246 ], [ -71.993934, -46.541144987613436 ], [ -71.994138, -46.541232987613419 ], [ -71.994385, -46.541188987613474 ], [ -71.994556, -46.541114987613398 ], [ -71.994846, -46.541092987613311 ], [ -71.995071, -46.541129987613473 ] ] ] } },
{ "type": "Feature", "properties": { "fid": 1475, "ISO3_CODE": "CHL", "COUNTRY_NAME": "Chile", "AREA": 0.027924110139117341 }, "geometry": { "type": "Polygon", "coordinates": [ [ [ -71.982931, -46.554160987626688 ], [ -71.982706, -46.553961987626472 ], [ -71.982465, -46.553916987626366 ], [ -71.982358, -46.553957987626362 ], [ -71.982191, -46.553946987626439 ], [ -71.981998, -46.553920987626334 ], [ -71.981628, -46.553865987626438 ], [ -71.981488, -46.553802987626334 ], [ -71.981247, -46.553728987626194 ], [ -71.981065, -46.553662987626112 ], [ -71.980748, -46.553581987626053 ], [ -71.980668, -46.553522987626046 ], [ -71.980394, -46.553463987625889 ], [ -71.980169, -46.553392987625855 ], [ -71.979900999999899, -46.553392987625855 ], [ -71.979702, -46.553444987625873 ], [ -71.979557, -46.553533987625954 ], [ -71.979353, -46.553651987626083 ], [ -71.979246, -46.553806987626274 ], [ -71.979257, -46.553961987626479 ], [ -71.979332, -46.554068987626565 ], [ -71.979471, -46.554215987626698 ], [ -71.979697, -46.554352987626778 ], [ -71.979911, -46.554462987626898 ], [ -71.980067, -46.554636987627006 ], [ -71.980319, -46.554783987627218 ], [ -71.980641, -46.554875987627398 ], [ -71.980963, -46.55491698762745 ], [ -71.981311, -46.554927987627373 ], [ -71.981601, -46.554909987627397 ], [ -71.981746, -46.554776987627243 ], [ -71.981853, -46.554621987627144 ], [ -71.981902, -46.554492987626922 ], [ -71.982041, -46.554411987626935 ], [ -71.982529, -46.554385987626851 ], [ -71.982862, -46.554263987626797 ], [ -71.982931, -46.554160987626688 ] ] ] } },
{ "type": "Feature", "properties": { "fid": 1476, "ISO3_CODE": "CHL", "COUNTRY_NAME": "Chile", "AREA": 0.022768269735760287 }, "geometry": { "type": "Polygon", "coordinates": [ [ [ -71.981145, -46.552116987624565 ], [ -71.98077, -46.552293987624736 ], [ -71.980373, -46.552411987624865 ], [ -71.97974, -46.552507987624878 ], [ -71.979332, -46.552677987625131 ], [ -71.978559, -46.552913987625288 ], [ -71.978141, -46.553083987625577 ], [ -71.978205, -46.553282987625707 ], [ -71.97857, -46.553503987625923 ], [ -71.97886, -46.553680987626194 ], [ -71.979139, -46.553754987626206 ], [ -71.979418, -46.553577987626049 ], [ -71.979643, -46.553363987625779 ], [ -71.979997, -46.553215987625698 ], [ -71.98033, -46.553164987625749 ], [ -71.980448, -46.55307598762554 ], [ -71.980748, -46.553127987625587 ], [ -71.981177, -46.553326987625773 ], [ -71.981424, -46.553348987625782 ], [ -71.981488, -46.553156987625655 ], [ -71.981446, -46.552876987625368 ], [ -71.981435, -46.552603987625027 ], [ -71.981392, -46.552411987624872 ], [ -71.98136, -46.552242987624616 ], [ -71.981145, -46.552116987624565 ] ] ] } },
{ "type": "Feature", "properties": { "fid": 1522, "ISO3_CODE": "CHL", "COUNTRY_NAME": "Chile", "AREA": 0.16828513876157067 }, "geometry": { "type": "Polygon", "coordinates": [ [ [ -71.978495, -45.041613986004123 ], [ -71.97665, -45.04088598600336 ], [ -71.970041, -45.0394299860017 ], [ -71.969311, -45.039778986002077 ], [ -71.973088, -45.040733986003183 ], [ -71.973689, -45.04190198600449 ], [ -71.970191, -45.042477986005146 ], [ -71.980534, -45.0442369860071 ], [ -71.980469, -45.043599986006377 ], [ -71.978431, -45.042720986005342 ], [ -71.978495, -45.041613986004123 ] ] ] } },
{ "type": "Feature", "properties": { "fid": 1523, "ISO3_CODE": "CHL", "COUNTRY_NAME": "Chile", "AREA": 0.2261586136931181 }, "geometry": { "type": "Polygon", "coordinates": [ [ [ -71.948154, -45.042151986004811 ], [ -71.94663, -45.042500986005216 ], [ -71.945246, -45.04182598600439 ], [ -71.942124, -45.044349986007234 ], [ -71.939442, -45.04425198600719 ], [ -71.939185, -45.045418986008414 ], [ -71.943337, -45.044956986007904 ], [ -71.945, -45.044031986006935 ], [ -71.946877, -45.04369898600649 ], [ -71.947017, -45.045305986008231 ], [ -71.948572, -45.045873986008942 ], [ -71.95177, -45.047526986010844 ], [ -71.952735, -45.045994986009077 ], [ -71.950568, -45.045176986008173 ], [ -71.951126, -45.044069986007017 ], [ -71.948154, -45.042151986004811 ] ] ] } },
{ "type": "Feature", "properties": { "fid": 1524, "ISO3_CODE": "CHL", "COUNTRY_NAME": "Chile", "AREA": 0.021445701099371536 }, "geometry": { "type": "Polygon", "coordinates": [ [ [ -71.958448, -45.038994986001171 ], [ -71.957901, -45.038721986000851 ], [ -71.956887, -45.039225986001476 ], [ -71.956828, -45.039937986002315 ], [ -71.95781, -45.040483986002918 ], [ -71.958936, -45.04010498600244 ], [ -71.958448, -45.038994986001171 ] ] ] } },
{ "type": "Feature", "properties": { "fid": 1525, "ISO3_CODE": "CHL", "COUNTRY_NAME": "Chile", "AREA": 0.038005913577752189 }, "geometry": { "type": "Polygon", "coordinates": [ [ [ -71.941609, -45.041196995334538 ], [ -71.940837, -45.041203995334577 ], [ -71.939882, -45.041310995334648 ], [ -71.940483, -45.042250995334967 ], [ -71.9403, -45.042371995334996 ], [ -71.939753, -45.042530995335028 ], [ -71.93927, -45.04341799533541 ], [ -71.941352, -45.043387995335415 ], [ -71.94236, -45.041969995334824 ], [ -71.941609, -45.041196995334538 ] ] ] } },
{ "type": "Feature", "properties": { "fid": 1541, "ISO3_CODE": "CHL", "COUNTRY_NAME": "Chile", "AREA": 1.2408222973678149 }, "geometry": { "type": "Polygon", "coordinates": [ [ [ -71.943455, -45.029376985990361 ], [ -71.935065, -45.031620985992838 ], [ -71.934485, -45.032545985993906 ], [ -71.938133, -45.033637985995135 ], [ -71.939142, -45.036533985998432 ], [ -71.940279, -45.0402949860026 ], [ -71.943154, -45.04131098600385 ], [ -71.949012, -45.04176498600431 ], [ -71.951308, -45.042113986004694 ], [ -71.956694, -45.037519985999516 ], [ -71.950901, -45.035093985996816 ], [ -71.94869, -45.035881985997605 ], [ -71.947575, -45.03994598600223 ], [ -71.946802, -45.034426985996085 ], [ -71.948519, -45.03013498599114 ], [ -71.943455, -45.029376985990361 ] ] ] } },
{ "type": "Feature", "properties": { "fid": 1544, "ISO3_CODE": "CHL", "COUNTRY_NAME": "Chile", "AREA": 0.36245541760703176 }, "geometry": { "type": "Polygon", "coordinates": [ [ [ -71.932211, -45.033849995331792 ], [ -71.932147, -45.032303995331233 ], [ -71.929979, -45.031605995330963 ], [ -71.928627, -45.031196995330788 ], [ -71.92719, -45.030877995330648 ], [ -71.925988, -45.030832995330641 ], [ -71.924551, -45.031408995330864 ], [ -71.922984, -45.032591995331337 ], [ -71.922255, -45.03383499533183 ], [ -71.92292, -45.034956995332209 ], [ -71.924658, -45.035775995332479 ], [ -71.928477, -45.03639799533272 ], [ -71.931911, -45.035487995332403 ], [ -71.932211, -45.033849995331792 ] ] ] } },
{ "type": "Feature", "properties": { "fid": 1851, "ISO3_CODE": "CHL", "COUNTRY_NAME": "Chile", "AREA": 0.18055457509322045 }, "geometry": { "type": "Polygon", "coordinates": [ [ [ -71.856637, -35.373724972478612 ], [ -71.855693, -35.373549972478322 ], [ -71.854942, -35.373321972477868 ], [ -71.854362, -35.37309497247761 ], [ -71.853762, -35.373076972477506 ], [ -71.853118, -35.373234972477825 ], [ -71.852345, -35.373706972478438 ], [ -71.851766, -35.373899972478796 ], [ -71.851637, -35.374213972479289 ], [ -71.851873, -35.374476972479698 ], [ -71.852131, -35.374808972480182 ], [ -71.852045, -35.375088972480697 ], [ -71.851487, -35.375246972480866 ], [ -71.851552, -35.375858972481794 ], [ -71.851573, -35.376260972482413 ], [ -71.851616, -35.376680972483108 ], [ -71.851981, -35.376873972483416 ], [ -71.852603, -35.376873972483416 ], [ -71.852882, -35.376873972483381 ], [ -71.853547, -35.376750972483244 ], [ -71.854298, -35.37671597248324 ], [ -71.854706, -35.376733972483244 ], [ -71.855221, -35.376838972483355 ], [ -71.855392, -35.377258972484015 ], [ -71.855779, -35.377573972484626 ], [ -71.856251, -35.376803972483344 ], [ -71.85638, -35.37626097248242 ], [ -71.856616, -35.375596972481404 ], [ -71.856701, -35.375246972480866 ], [ -71.856637, -35.374948972480439 ], [ -71.856852, -35.374546972479891 ], [ -71.857796, -35.374336972479448 ], [ -71.857774, -35.373461972478189 ], [ -71.856637, -35.373724972478612 ] ] ] } },
{ "type": "Feature", "properties": { "fid": 1910, "ISO3_CODE": "CHL", "COUNTRY_NAME": "Chile", "AREA": 0.22395386687513441 }, "geometry": { "type": "Polygon", "coordinates": [ [ [ -70.703802, -34.221684970692664 ], [ -70.701506, -34.22223497069352 ], [ -70.701399, -34.222855970694518 ], [ -70.694618, -34.223512970695481 ], [ -70.693803, -34.225375970698394 ], [ -70.69524, -34.22514497069804 ], [ -70.696571, -34.22539397069842 ], [ -70.69788, -34.225517970698611 ], [ -70.698845, -34.225517970698597 ], [ -70.700004, -34.225268970698131 ], [ -70.700948, -34.225428970698466 ], [ -70.701656, -34.225570970698662 ], [ -70.701871, -34.22533997069835 ], [ -70.702686, -34.225534970698561 ], [ -70.703523, -34.222713970694322 ], [ -70.703802, -34.221684970692664 ] ] ] } },
{ "type": "Feature", "properties": { "fid": 1911, "ISO3_CODE": "CHL", "COUNTRY_NAME": "Chile", "AREA": 0.60325115841437871 }, "geometry": { "type": "Polygon", "coordinates": [ [ [ -70.705647, -34.228941970703929 ], [ -70.704875, -34.228373970703025 ], [ -70.704703, -34.22688397070074 ], [ -70.703802, -34.226528970700173 ], [ -70.702858, -34.227202970701192 ], [ -70.7023, -34.228089970702634 ], [ -70.701399, -34.228409970703112 ], [ -70.700326, -34.229154970704172 ], [ -70.700068, -34.22993497070545 ], [ -70.699939999999899, -34.230786970706724 ], [ -70.699425, -34.231531970707891 ], [ -70.698609, -34.232347970709121 ], [ -70.697751, -34.233447970710849 ], [ -70.697536, -34.234298970712167 ], [ -70.697837, -34.23525697071365 ], [ -70.698781, -34.235611970714224 ], [ -70.699511, -34.235860970714612 ], [ -70.70024, -34.23603797071484 ], [ -70.701355999999876, -34.236214970715132 ], [ -70.702729, -34.236108970714959 ], [ -70.703588, -34.235718970714387 ], [ -70.704231, -34.235611970714174 ], [ -70.70509, -34.235115970713402 ], [ -70.705991, -34.234582970712601 ], [ -70.706677, -34.233624970711105 ], [ -70.707407, -34.232099970708767 ], [ -70.707235, -34.230857970706829 ], [ -70.705647, -34.228941970703929 ] ] ] } },
{ "type": "Feature", "properties": { "fid": 1912, "ISO3_CODE": "CHL", "COUNTRY_NAME": "Chile", "AREA": 0.2936232915955912 }, "geometry": { "type": "Polygon", "coordinates": [ [ [ -70.685112, -34.230271970705964 ], [ -70.68449, -34.229899970705439 ], [ -70.683910999999895, -34.229615970704941 ], [ -70.683203, -34.229580970704951 ], [ -70.682344, -34.229739970705062 ], [ -70.681379, -34.229881970705321 ], [ -70.680435, -34.230041970705557 ], [ -70.67919, -34.230271970705971 ], [ -70.678031, -34.230502970706226 ], [ -70.677023, -34.230786970706731 ], [ -70.67595, -34.230857970706808 ], [ -70.675392, -34.230910970706958 ], [ -70.675435, -34.231708970708127 ], [ -70.675414, -34.232258970708997 ], [ -70.675671, -34.232631970709605 ], [ -70.676529, -34.233057970710284 ], [ -70.677495, -34.233358970710711 ], [ -70.678567999999899, -34.23348297071098 ], [ -70.679641, -34.233323970710622 ], [ -70.680413, -34.233287970710592 ], [ -70.681593, -34.233341970710761 ], [ -70.682709, -34.233394970710798 ], [ -70.683761, -34.233270970710613 ], [ -70.684254, -34.232986970710165 ], [ -70.68464, -34.232471970709319 ], [ -70.684898, -34.231318970707591 ], [ -70.68507, -34.230804970706728 ], [ -70.685112, -34.230271970705964 ] ] ] } },
{ "type": "Feature", "properties": { "fid": 1917, "ISO3_CODE": "CHL", "COUNTRY_NAME": "Chile", "AREA": 2.4829686355660887 }, "geometry": { "type": "Polygon", "coordinates": [ [ [ -71.040001, -34.051343970429919 ], [ -71.04058, -34.051183970429726 ], [ -71.040945, -34.051449970430092 ], [ -71.041567, -34.052178970431235 ], [ -71.043584, -34.054045970434103 ], [ -71.045558, -34.054525970434945 ], [ -71.046782, -34.050365970428423 ], [ -71.047575, -34.047538970424092 ], [ -71.047812, -34.046329970422278 ], [ -71.047876, -34.044196970418952 ], [ -71.046138, -34.043876970418466 ], [ -71.044614, -34.043235970417442 ], [ -71.043692, -34.042738970416693 ], [ -71.043048, -34.042489970416391 ], [ -71.040666, -34.041475970414709 ], [ -71.039314, -34.040213970412765 ], [ -71.038456, -34.039626970411923 ], [ -71.03792, -34.039306970411474 ], [ -71.036932, -34.038950970410859 ], [ -71.036267, -34.038666970410397 ], [ -71.035345, -34.038292970409842 ], [ -71.034443, -34.037297970408332 ], [ -71.033907, -34.036497970407069 ], [ -71.033392, -34.035750970405907 ], [ -71.032834, -34.035181970405034 ], [ -71.031053, -34.034238970403585 ], [ -71.030023, -34.033936970403204 ], [ -71.029294, -34.033634970402666 ], [ -71.028049, -34.033794970402944 ], [ -71.027126, -34.03420397040351 ], [ -71.026424, -34.03417297040351 ], [ -71.026027, -34.034220970403588 ], [ -71.025597, -34.034185970403513 ], [ -71.02527, -34.034203970403517 ], [ -71.024787, -34.034127970403468 ], [ -71.024331, -34.034132970403498 ], [ -71.023892, -34.034172970403503 ], [ -71.023543, -34.034403970403929 ], [ -71.023098, -34.03455897040412 ], [ -71.022513, -34.034732970404299 ], [ -71.022239, -34.034829970404537 ], [ -71.022266, -34.035221970405146 ], [ -71.02218, -34.035585970405663 ], [ -71.022229, -34.035794970406023 ], [ -71.022652, -34.036141970406511 ], [ -71.02284, -34.036261970406649 ], [ -71.023312, -34.036528970407076 ], [ -71.023462, -34.036879970407661 ], [ -71.023505, -34.037097970407999 ], [ -71.023436, -34.037261970408267 ], [ -71.023398, -34.037377970408421 ], [ -71.02336, -34.037541970408654 ], [ -71.023409, -34.037746970408961 ], [ -71.023382, -34.037861970409182 ], [ -71.023377, -34.037968970409281 ], [ -71.023452, -34.03817797040967 ], [ -71.023575, -34.038532970410174 ], [ -71.023731, -34.038688970410462 ], [ -71.023902, -34.03884897041069 ], [ -71.024165, -34.039030970410941 ], [ -71.024444, -34.039377970411536 ], [ -71.024648, -34.03959097041183 ], [ -71.025249, -34.040008970412494 ], [ -71.025581, -34.040204970412717 ], [ -71.02659, -34.040586970413365 ], [ -71.027384, -34.041111970414178 ], [ -71.027684, -34.041377970414565 ], [ -71.027781, -34.041857970415293 ], [ -71.027801999999895, -34.042426970416173 ], [ -71.02791, -34.043075970417185 ], [ -71.028296, -34.043458970417795 ], [ -71.029261, -34.0443829704192 ], [ -71.029658, -34.044613970419604 ], [ -71.030163, -34.044951970420065 ], [ -71.030484, -34.045316970420622 ], [ -71.030785, -34.045618970421103 ], [ -71.032072, -34.047547970424056 ], [ -71.032437, -34.048747970426 ], [ -71.032244, -34.048854970426063 ], [ -71.032459, -34.049094970426431 ], [ -71.032888, -34.049112970426506 ], [ -71.033317, -34.048969970426256 ], [ -71.034025, -34.049005970426379 ], [ -71.035012, -34.04946797042701 ], [ -71.035613, -34.049494970427084 ], [ -71.03557, -34.049841970427678 ], [ -71.035259, -34.050196970428232 ], [ -71.035677, -34.050436970428549 ], [ -71.036353, -34.049761970427525 ], [ -71.037158, -34.050072970427998 ], [ -71.037276, -34.050329970428351 ], [ -71.037362, -34.050472970428679 ], [ -71.037673, -34.050605970428784 ], [ -71.037952, -34.050596970428806 ], [ -71.03822, -34.050587970428758 ], [ -71.038606, -34.050605970428784 ], [ -71.039464, -34.050836970429152 ], [ -71.03969, -34.050987970429397 ], [ -71.039679, -34.051218970429808 ], [ -71.040001, -34.051343970429919 ] ] ] } },
{ "type": "Feature", "properties": { "fid": 1918, "ISO3_CODE": "CHL", "COUNTRY_NAME": "Chile", "AREA": 0.15102903430992609 }, "geometry": { "type": "Polygon", "coordinates": [ [ [ -70.981314, -34.014889970373765 ], [ -70.980756, -34.015316970374492 ], [ -70.979898, -34.015743970375127 ], [ -70.979404, -34.016312970375992 ], [ -70.979319, -34.016721970376651 ], [ -70.979211, -34.017326970377546 ], [ -70.979319, -34.018002970378646 ], [ -70.979962, -34.018251970378941 ], [ -70.980885, -34.018286970379009 ], [ -70.982151, -34.018429970379181 ], [ -70.98243, -34.01857197037949 ], [ -70.983267, -34.018589970379551 ], [ -70.983589, -34.018037970378622 ], [ -70.984082, -34.017415970377762 ], [ -70.984468, -34.016774970376709 ], [ -70.984533, -34.016312970375985 ], [ -70.984147, -34.015832970375222 ], [ -70.983653, -34.015476970374714 ], [ -70.98346, -34.015263970374399 ], [ -70.982966, -34.01510397037412 ], [ -70.982516, -34.014907970373841 ], [ -70.982022, -34.014854970373804 ], [ -70.981314, -34.014889970373765 ] ] ] } },
{ "type": "Feature", "properties": { "fid": 1919, "ISO3_CODE": "CHL", "COUNTRY_NAME": "Chile", "AREA": 0.010129985700578195 }, "geometry": { "type": "Polygon", "coordinates": [ [ [ -70.982666, -34.014311970372894 ], [ -70.982784, -34.014107970372606 ], [ -70.983063, -34.013982970372375 ], [ -70.983063, -34.013786970372067 ], [ -70.98287, -34.013697970371965 ], [ -70.98273, -34.013342970371426 ], [ -70.982516, -34.013075970370963 ], [ -70.982215, -34.012968970370856 ], [ -70.981904, -34.013057970370987 ], [ -70.981818, -34.013271970371221 ], [ -70.981947, -34.013484970371614 ], [ -70.98214, -34.013733970371973 ], [ -70.98214, -34.013920970372283 ], [ -70.982291, -34.01428497037282 ], [ -70.982516, -34.014409970373073 ], [ -70.982666, -34.014311970372894 ] ] ] } },
{ "type": "Feature", "properties": { "fid": 1920, "ISO3_CODE": "CHL", "COUNTRY_NAME": "Chile", "AREA": 0.043326164679025767 }, "geometry": { "type": "Polygon", "coordinates": [ [ [ -70.981518, -34.005924970359992 ], [ -70.981046, -34.006102970360224 ], [ -70.980585, -34.006298970360611 ], [ -70.980252, -34.00639697036074 ], [ -70.979855, -34.006538970360928 ], [ -70.979683, -34.006832970361422 ], [ -70.979694, -34.007179970361953 ], [ -70.979941, -34.007436970362335 ], [ -70.98022, -34.007668970362666 ], [ -70.980445, -34.007881970363002 ], [ -70.980735, -34.008166970363426 ], [ -70.98096, -34.008272970363606 ], [ -70.981164, -34.008299970363645 ], [ -70.981464, -34.00801597036314 ], [ -70.981818, -34.007703970362726 ], [ -70.982087, -34.007410970362344 ], [ -70.982237, -34.007116970361842 ], [ -70.982344, -34.006983970361567 ], [ -70.982387, -34.006672970361222 ], [ -70.982441, -34.00635197036064 ], [ -70.982183, -34.006147970360374 ], [ -70.981829, -34.005951970359988 ], [ -70.981518, -34.005924970359992 ] ] ] } },
{ "type": "Feature", "properties": { "fid": 1921, "ISO3_CODE": "CHL", "COUNTRY_NAME": "Chile", "AREA": 0.027631276977535743 }, "geometry": { "type": "Polygon", "coordinates": [ [ [ -70.979179, -34.002109970354113 ], [ -70.978922, -34.002376970354526 ], [ -70.978739, -34.002607970354831 ], [ -70.978825, -34.002900970355292 ], [ -70.979136, -34.003096970355607 ], [ -70.97964, -34.00340797035615 ], [ -70.979716, -34.003550970356308 ], [ -70.97964, -34.003799970356738 ], [ -70.97963, -34.004012970357039 ], [ -70.979823, -34.004217970357409 ], [ -70.979898, -34.004368970357596 ], [ -70.980037, -34.004626970357918 ], [ -70.980231, -34.004831970358303 ], [ -70.980499, -34.004964970358515 ], [ -70.98066, -34.004893970358424 ], [ -70.980885, -34.004617970358005 ], [ -70.980939, -34.004288970357472 ], [ -70.980853, -34.004021970357044 ], [ -70.980649, -34.003817970356721 ], [ -70.980477, -34.003674970356521 ], [ -70.980338, -34.003514970356299 ], [ -70.980252, -34.003247970355879 ], [ -70.980166, -34.003025970355495 ], [ -70.980059, -34.002794970355161 ], [ -70.980037, -34.002580970354842 ], [ -70.980016, -34.002420970354621 ], [ -70.979952, -34.002260970354364 ], [ -70.979598, -34.002162970354192 ], [ -70.979383, -34.002082970354074 ], [ -70.979179, -34.002109970354113 ] ] ] } },
{ "type": "Feature", "properties": { "fid": 1922, "ISO3_CODE": "CHL", "COUNTRY_NAME": "Chile", "AREA": 5.5286659053042824 }, "geometry": { "type": "Polygon", "coordinates": [ [ [ -70.517292, -34.083018970478776 ], [ -70.516176, -34.081028970475693 ], [ -70.514717, -34.078397970471663 ], [ -70.513344, -34.07526997046687 ], [ -70.512228, -34.070435970459421 ], [ -70.511284, -34.068444970456291 ], [ -70.509138, -34.066951970453992 ], [ -70.507078, -34.067164970454357 ], [ -70.504846999999899, -34.068657970456591 ], [ -70.502701, -34.072212970462111 ], [ -70.500984, -34.075056970466512 ], [ -70.499439, -34.077473970470272 ], [ -70.498323, -34.079606970473492 ], [ -70.497637, -34.083516970479515 ], [ -70.496349, -34.086217970483666 ], [ -70.495319, -34.088492970487195 ], [ -70.495663, -34.091548970491928 ], [ -70.496864, -34.095600970498197 ], [ -70.497036, -34.099224970503741 ], [ -70.497208, -34.102920970509494 ], [ -70.499353, -34.104413970511793 ], [ -70.503387, -34.104484970511898 ], [ -70.506048, -34.103915970510997 ], [ -70.505104, -34.101854970507787 ], [ -70.503645, -34.100362970505543 ], [ -70.507507, -34.099367970503913 ], [ -70.511885, -34.098016970501959 ], [ -70.51549, -34.095671970498287 ], [ -70.515747, -34.093538970495011 ], [ -70.515661, -34.089345970488544 ], [ -70.514975, -34.086999970484939 ], [ -70.517292, -34.083018970478776 ] ] ] } },
{ "type": "Feature", "properties": { "fid": 1923, "ISO3_CODE": "CHL", "COUNTRY_NAME": "Chile", "AREA": 1.6436144933496051 }, "geometry": { "type": "Polygon", "coordinates": [ [ [ -70.463605, -34.084191970480639 ], [ -70.462832, -34.083480970479471 ], [ -70.462017, -34.083018970478768 ], [ -70.461245, -34.082521970477956 ], [ -70.4603, -34.082058970477327 ], [ -70.459528, -34.081881970477006 ], [ -70.458884, -34.082378970477819 ], [ -70.458112, -34.083160970479007 ], [ -70.457082, -34.084013970480321 ], [ -70.456309, -34.083907970480126 ], [ -70.455623, -34.084440970481019 ], [ -70.454893, -34.085080970481926 ], [ -70.454378, -34.085400970482389 ], [ -70.453819999999894, -34.085435970482493 ], [ -70.453176, -34.085613970482761 ], [ -70.451889, -34.085719970482948 ], [ -70.451159, -34.086359970483933 ], [ -70.450644, -34.086963970484852 ], [ -70.450001, -34.087248970485312 ], [ -70.449142, -34.087568970485798 ], [ -70.448713, -34.087568970485798 ], [ -70.448456, -34.087923970486287 ], [ -70.448413, -34.088847970487748 ], [ -70.448627, -34.089522970488837 ], [ -70.449057, -34.090020970489547 ], [ -70.449014, -34.090589970490385 ], [ -70.448585, -34.091157970491338 ], [ -70.448155, -34.091726970492175 ], [ -70.44764, -34.092437970493243 ], [ -70.447598, -34.093361970494684 ], [ -70.448027, -34.0941439704959 ], [ -70.448499, -34.09481897049691 ], [ -70.449657, -34.094747970496861 ], [ -70.450516, -34.09428597049618 ], [ -70.451374, -34.093752970495338 ], [ -70.451889, -34.093609970495145 ], [ -70.453048, -34.09364597049521 ], [ -70.453777, -34.094000970495777 ], [ -70.454593, -34.094356970496285 ], [ -70.455923, -34.094107970495827 ], [ -70.456309, -34.093219970494431 ], [ -70.456309, -34.09247297049329 ], [ -70.45691, -34.091015970491114 ], [ -70.456867, -34.090375970490115 ], [ -70.457532, -34.089807970489218 ], [ -70.458455, -34.089469970488707 ], [ -70.459292, -34.089309970488479 ], [ -70.459828, -34.089487970488726 ], [ -70.460021, -34.08987897048933 ], [ -70.459893, -34.090269970489956 ], [ -70.459614, -34.090535970490315 ], [ -70.459549, -34.09094497049098 ], [ -70.459528, -34.091548970491928 ], [ -70.459528, -34.091992970492612 ], [ -70.459936, -34.092828970493876 ], [ -70.461009, -34.093236970494601 ], [ -70.461481, -34.09378797049537 ], [ -70.461867, -34.094143970495892 ], [ -70.463219, -34.094071970495797 ], [ -70.463648, -34.093538970495011 ], [ -70.463669, -34.092810970493865 ], [ -70.463927, -34.092170970492916 ], [ -70.464721, -34.091975970492499 ], [ -70.466115, -34.091530970491867 ], [ -70.466566, -34.090802970490792 ], [ -70.466931, -34.090162970489764 ], [ -70.467339, -34.089202970488358 ], [ -70.467939, -34.089043970488078 ], [ -70.468798, -34.089309970488479 ], [ -70.469291, -34.08932797048849 ], [ -70.469978, -34.089025970488024 ], [ -70.470579, -34.088652970487452 ], [ -70.471029, -34.088047970486457 ], [ -70.470836, -34.087514970485749 ], [ -70.470257, -34.087461970485641 ], [ -70.469527, -34.087479970485553 ], [ -70.46839, -34.087123970485116 ], [ -70.467768, -34.08687597048479 ], [ -70.46633, -34.085755970483007 ], [ -70.464678, -34.084440970481019 ], [ -70.463605, -34.084191970480639 ] ] ] } },
{ "type": "Feature", "properties": { "fid": 1924, "ISO3_CODE": "CHL", "COUNTRY_NAME": "Chile", "AREA": 0.042867223115004599 }, "geometry": { "type": "Polygon", "coordinates": [ [ [ -70.981303, -34.008344970363694 ], [ -70.981078, -34.00845997036388 ], [ -70.98081, -34.008664970364237 ], [ -70.98067, -34.00890497036459 ], [ -70.980552, -34.009126970364932 ], [ -70.980369999999894, -34.009313970365184 ], [ -70.980166, -34.009402970365308 ], [ -70.979769, -34.009500970365558 ], [ -70.979458, -34.009526970365577 ], [ -70.979233, -34.009598970365651 ], [ -70.978975, -34.009829970366035 ], [ -70.978943, -34.010087970366392 ], [ -70.97919, -34.010193970366608 ], [ -70.97963, -34.010265970366746 ], [ -70.979941, -34.01047897036706 ], [ -70.980144999999894, -34.010656970367265 ], [ -70.980424, -34.010923970367614 ], [ -70.980864, -34.011172970368094 ], [ -70.981261, -34.011216970368153 ], [ -70.981486, -34.011056970367854 ], [ -70.981711, -34.010958970367724 ], [ -70.981711, -34.010754970367479 ], [ -70.98169, -34.010407970366842 ], [ -70.981529, -34.010060970366354 ], [ -70.981454, -34.009847970365996 ], [ -70.981454, -34.009589970365639 ], [ -70.981507, -34.009286970365196 ], [ -70.981507, -34.009028970364831 ], [ -70.981625, -34.008833970364442 ], [ -70.981786, -34.008584970364062 ], [ -70.981303, -34.008344970363694 ] ] ] } },
{ "type": "Feature", "properties": { "fid": 1925, "ISO3_CODE": "CHL", "COUNTRY_NAME": "Chile", "AREA": 21.887469191570446 }, "geometry": { "type": "Polygon", "coordinates": [ [ [ -70.716763, -34.266721970762212 ], [ -70.715046, -34.265019970759575 ], [ -70.712986, -34.26374297075759 ], [ -70.709896, -34.26516097075983 ], [ -70.708694, -34.266295970761611 ], [ -70.707664, -34.268140970764421 ], [ -70.706463, -34.269558970766624 ], [ -70.70406, -34.272112970770564 ], [ -70.700969999999899, -34.273672970773006 ], [ -70.698051, -34.274949970774919 ], [ -70.697021, -34.276651970777579 ], [ -70.694962, -34.278353970780216 ], [ -70.694447, -34.281332970784788 ], [ -70.693417, -34.283034970787391 ], [ -70.691357, -34.282892970787188 ], [ -70.689468, -34.282183970786157 ], [ -70.687923, -34.280481970783505 ], [ -70.686722, -34.278779970780839 ], [ -70.686893, -34.27580097077626 ], [ -70.686893, -34.272254970770852 ], [ -70.688782, -34.269274970766197 ], [ -70.69067, -34.266863970762451 ], [ -70.688267, -34.264735970759133 ], [ -70.685349, -34.262465970755621 ], [ -70.684662, -34.260479970752584 ], [ -70.68449, -34.256932970747123 ], [ -70.687065, -34.25650697074645 ], [ -70.688267, -34.255797970745434 ], [ -70.690155, -34.253385970741625 ], [ -70.689468, -34.251256970738289 ], [ -70.68758, -34.248276970733706 ], [ -70.686378, -34.245297970729098 ], [ -70.681744, -34.243736970726765 ], [ -70.678825, -34.242600970724979 ], [ -70.677967, -34.241465970723226 ], [ -70.676937, -34.238627970718888 ], [ -70.674877, -34.236498970715573 ], [ -70.670757, -34.237775970717543 ], [ -70.669727, -34.241323970722974 ], [ -70.668526, -34.24444597072781 ], [ -70.667152, -34.247425970732429 ], [ -70.663204, -34.251256970738282 ], [ -70.659084, -34.253810970742244 ], [ -70.656166, -34.256932970747116 ], [ -70.652733, -34.258634970749689 ], [ -70.648956, -34.260904970753266 ], [ -70.649128, -34.26374297075759 ], [ -70.650845, -34.26516097075983 ], [ -70.653076, -34.266437970761821 ], [ -70.654793, -34.267856970764043 ], [ -70.659599, -34.269842970767044 ], [ -70.662346, -34.268991970765683 ], [ -70.664234, -34.266721970762212 ], [ -70.665779, -34.267430970763357 ], [ -70.668011, -34.267430970763357 ], [ -70.670242, -34.266863970762458 ], [ -70.669727, -34.269842970767051 ], [ -70.669212, -34.272679970771385 ], [ -70.668354, -34.274807970774752 ], [ -70.667839, -34.276935970778027 ], [ -70.665779, -34.278495970780362 ], [ -70.661144, -34.280764970783956 ], [ -70.660286, -34.282467970786534 ], [ -70.662346, -34.284452970789594 ], [ -70.663204, -34.2860129707921 ], [ -70.664063, -34.288140970795233 ], [ -70.663891, -34.290125970798435 ], [ -70.664063, -34.292678970802328 ], [ -70.667152, -34.293529970803633 ], [ -70.671787, -34.292678970802314 ], [ -70.673676, -34.293387970803465 ], [ -70.675907, -34.295515970806761 ], [ -70.67831, -34.29707597080909 ], [ -70.67831, -34.299202970812367 ], [ -70.678654, -34.301613970816078 ], [ -70.680542, -34.30274797081794 ], [ -70.682945, -34.301471970815882 ], [ -70.687408, -34.302180970817027 ], [ -70.693245, -34.302322970817251 ], [ -70.698566, -34.299769970813301 ], [ -70.700626, -34.298209970810895 ], [ -70.70406, -34.298209970810895 ], [ -70.706806, -34.298209970810881 ], [ -70.711613, -34.296507970808292 ], [ -70.713673, -34.295373970806565 ], [ -70.711098, -34.291827970801045 ], [ -70.712299, -34.289416970797326 ], [ -70.714188, -34.286438970792695 ], [ -70.716076, -34.283176970787714 ], [ -70.718307, -34.280764970783963 ], [ -70.718307, -34.277076970778253 ], [ -70.718307, -34.273956970773412 ], [ -70.717278, -34.271970970770347 ], [ -70.716763, -34.266721970762212 ] ] ] } },
{ "type": "Feature", "properties": { "fid": 1926, "ISO3_CODE": "CHL", "COUNTRY_NAME": "Chile", "AREA": 0.095420005080956966 }, "geometry": { "type": "Polygon", "coordinates": [ [ [ -70.685585, -34.236924970716167 ], [ -70.682687999999899, -34.238272970718299 ], [ -70.682774, -34.238662970718934 ], [ -70.683074, -34.239035970719492 ], [ -70.683653, -34.239354970719987 ], [ -70.684125, -34.239354970719994 ], [ -70.684705, -34.239390970719974 ], [ -70.684941, -34.239549970720212 ], [ -70.685477, -34.239762970720648 ], [ -70.685756, -34.239585970720341 ], [ -70.686228, -34.239124970719601 ], [ -70.6867, -34.238609970718869 ], [ -70.687258, -34.238059970717991 ], [ -70.688031, -34.237066970716413 ], [ -70.68758, -34.236676970715813 ], [ -70.686829, -34.236516970715599 ], [ -70.685585, -34.236924970716167 ] ] ] } },
{ "type": "Feature", "properties": { "fid": 1927, "ISO3_CODE": "CHL", "COUNTRY_NAME": "Chile", "AREA": 0.3449426959209102 }, "geometry": { "type": "Polygon", "coordinates": [ [ [ -70.603251, -34.250972970737934 ], [ -70.602822, -34.250813970737681 ], [ -70.602565, -34.250529970737233 ], [ -70.6025, -34.250050970736503 ], [ -70.6019, -34.249678970735893 ], [ -70.601299, -34.249287970735338 ], [ -70.600762, -34.249110970735046 ], [ -70.60014, -34.24902197073493 ], [ -70.599604, -34.249021970734923 ], [ -70.599239, -34.249394970735395 ], [ -70.599196, -34.249926970736311 ], [ -70.599389, -34.250298970736822 ], [ -70.599389, -34.250866970737775 ], [ -70.599389, -34.25132797073843 ], [ -70.599475, -34.251930970739394 ], [ -70.599539, -34.252462970740204 ], [ -70.599539, -34.252994970741021 ], [ -70.599647, -34.253402970741604 ], [ -70.599711, -34.253934970742399 ], [ -70.599775, -34.254803970743822 ], [ -70.60014, -34.255371970744697 ], [ -70.600591, -34.255690970745185 ], [ -70.600955, -34.255956970745601 ], [ -70.601621, -34.256063970745764 ], [ -70.602586, -34.255921970745554 ], [ -70.603638, -34.255726970745265 ], [ -70.604239, -34.255460970744849 ], [ -70.604839, -34.255069970744209 ], [ -70.605719, -34.254591970743498 ], [ -70.606191, -34.254200970742822 ], [ -70.606277, -34.253651970742048 ], [ -70.606234, -34.253083970741152 ], [ -70.606019, -34.252640970740437 ], [ -70.605762, -34.252214970739843 ], [ -70.605719, -34.251824970739243 ], [ -70.605419, -34.25132797073843 ], [ -70.604839, -34.251079970738125 ], [ -70.604625, -34.251451970738636 ], [ -70.604303, -34.251451970738628 ], [ -70.604045, -34.251256970738311 ], [ -70.603724, -34.251150970738209 ], [ -70.603251, -34.250972970737934 ] ] ] } },
{ "type": "Feature", "properties": { "fid": 1928, "ISO3_CODE": "CHL", "COUNTRY_NAME": "Chile", "AREA": 0.8486596946795042 }, "geometry": { "type": "Polygon", "coordinates": [ [ [ -70.379362, -34.086004970483359 ], [ -70.379748, -34.086181970483686 ], [ -70.381036, -34.086821970484678 ], [ -70.382195, -34.0871779704852 ], [ -70.383739, -34.08731997048536 ], [ -70.385456, -34.087319970485353 ], [ -70.387044, -34.087034970484929 ], [ -70.387774, -34.086039970483441 ], [ -70.387087, -34.085080970481904 ], [ -70.385971, -34.084120970480456 ], [ -70.384855, -34.083267970479099 ], [ -70.383654, -34.08205897047727 ], [ -70.382066, -34.081525970476491 ], [ -70.380435, -34.080459970474841 ], [ -70.37919, -34.079712970473643 ], [ -70.37816, -34.078753970472178 ], [ -70.377302, -34.077757970470635 ], [ -70.376959, -34.076513970468739 ], [ -70.376487, -34.074523970465712 ], [ -70.376101, -34.073030970463371 ], [ -70.375199, -34.072461970462591 ], [ -70.374041, -34.073741970464532 ], [ -70.373697, -34.074843970466191 ], [ -70.373354, -34.077615970470362 ], [ -70.374384, -34.078540970471934 ], [ -70.37477, -34.079499970473321 ], [ -70.374427, -34.080139970474356 ], [ -70.375457, -34.082201970477477 ], [ -70.3758, -34.083907970480134 ], [ -70.376658, -34.085435970482543 ], [ -70.379362, -34.086004970483359 ] ] ] } },
{ "type": "Feature", "properties": { "fid": 1959, "ISO3_CODE": "CHL", "COUNTRY_NAME": "Chile", "AREA": 7.2365567283968621 }, "geometry": { "type": "Polygon", "coordinates": [ [ [ -70.360994, -34.076691970469 ], [ -70.358334, -34.075127970466639 ], [ -70.355759, -34.073492970464081 ], [ -70.353527, -34.073279970463744 ], [ -70.351982, -34.075340970466911 ], [ -70.35018, -34.075980970467924 ], [ -70.348892, -34.076904970469293 ], [ -70.348549, -34.079250970473012 ], [ -70.347862, -34.081881970477014 ], [ -70.346575, -34.08358797047967 ], [ -70.345716, -34.086146970483597 ], [ -70.344429, -34.088776970487629 ], [ -70.343657, -34.091122970491249 ], [ -70.342455, -34.092899970493988 ], [ -70.341854, -34.094107970495841 ], [ -70.341682, -34.095742970498378 ], [ -70.342627, -34.098727970502921 ], [ -70.347004, -34.102067970508173 ], [ -70.352325, -34.104839970512351 ], [ -70.357046, -34.107540970516624 ], [ -70.361595, -34.109245970519147 ], [ -70.366745, -34.108890970518694 ], [ -70.371037, -34.109316970519316 ], [ -70.373268, -34.106829970515435 ], [ -70.373526, -34.104413970511793 ], [ -70.373354, -34.102209970508397 ], [ -70.370522, -34.101712970507563 ], [ -70.367689, -34.102636970509025 ], [ -70.364256, -34.101001970506452 ], [ -70.362797, -34.099864970504797 ], [ -70.363741, -34.098087970502029 ], [ -70.365458, -34.09730597050077 ], [ -70.368891, -34.095244970497596 ], [ -70.370436, -34.092614970493514 ], [ -70.37138, -34.090269970489949 ], [ -70.369921, -34.088278970486883 ], [ -70.368376, -34.086288970483785 ], [ -70.366917, -34.084298970480745 ], [ -70.365543, -34.083089970478852 ], [ -70.364684999999881, -34.082023970477238 ], [ -70.364513, -34.080317970474546 ], [ -70.36314, -34.078611970471954 ], [ -70.360994, -34.076691970469 ] ] ] } },
{ "type": "Feature", "properties": { "fid": 2007, "ISO3_CODE": "CHL", "COUNTRY_NAME": "Chile", "AREA": 38.435652414781423 }, "geometry": { "type": "Polygon", "coordinates": [ [ [ -70.249028, -33.122492969008512 ], [ -70.253792, -33.12996796901983 ], [ -70.255938, -33.133741969025607 ], [ -70.252891, -33.14135996903719 ], [ -70.24581, -33.142042969038123 ], [ -70.239158, -33.147180969045927 ], [ -70.234952, -33.150594969051191 ], [ -70.232205, -33.156738969060456 ], [ -70.241475, -33.159971969065445 ], [ -70.242333, -33.167156969076352 ], [ -70.245509, -33.173622969086161 ], [ -70.248556, -33.176999969091312 ], [ -70.255251, -33.177681969092298 ], [ -70.266538, -33.18026796909632 ], [ -70.274992, -33.176280969090243 ], [ -70.280786, -33.173981969086704 ], [ -70.284305, -33.165863969074408 ], [ -70.287523, -33.162163969068757 ], [ -70.297008, -33.168162969077855 ], [ -70.305848, -33.172724969084797 ], [ -70.313015, -33.175418969088824 ], [ -70.32413, -33.17714296909152 ], [ -70.329409, -33.17631696909023 ], [ -70.333529, -33.176244969090121 ], [ -70.334902, -33.171395969082766 ], [ -70.331721099999982, -33.168042869077652 ], [ -70.335588, -33.17003096908072 ], [ -70.335503, -33.176568969090653 ], [ -70.339708, -33.220522969157493 ], [ -70.342455, -33.228061969169026 ], [ -70.345373, -33.234882969179296 ], [ -70.349427799999987, -33.229492169171117 ], [ -70.3505474, -33.222234269160047 ], [ -70.34418, -33.211697469144035 ], [ -70.342570699999982, -33.198700369124246 ], [ -70.339212099999941, -33.178674069093887 ], [ -70.340051799999955, -33.168717769078697 ], [ -70.335433699999967, -33.158350269062964 ], [ -70.333754399999947, -33.146458369044879 ], [ -70.336763199999936, -33.134799169027232 ], [ -70.345789399999916, -33.123548669010134 ], [ -70.351037199999922, -33.117102469000393 ], [ -70.349492999999896, -33.110019968989604 ], [ -70.345545, -33.108078968986639 ], [ -70.340481, -33.11843096900234 ], [ -70.331898, -33.13834196903256 ], [ -70.331125, -33.155588969058734 ], [ -70.328035, -33.161552969067806 ], [ -70.329491899999937, -33.166634569075583 ], [ -70.325203, -33.164031969071573 ], [ -70.321898, -33.164210969071895 ], [ -70.313272, -33.161552969067785 ], [ -70.304518, -33.153792969056077 ], [ -70.302715, -33.149983969050254 ], [ -70.297866, -33.142509969038876 ], [ -70.295892, -33.134855969027306 ], [ -70.288296, -33.135825969028723 ], [ -70.28542, -33.137155969030786 ], [ -70.28379, -33.134028969026026 ], [ -70.284734, -33.131872969022851 ], [ -70.28306, -33.128063969016956 ], [ -70.280142, -33.12360696901019 ], [ -70.276451, -33.122887969009113 ], [ -70.272717, -33.12418196901114 ], [ -70.266623, -33.124361969011353 ], [ -70.262117, -33.122887969009099 ], [ -70.255938, -33.12339096900989 ], [ -70.249028, -33.122492969008512 ] ] ] } },
{ "type": "Feature", "properties": { "fid": 2008, "ISO3_CODE": "CHL", "COUNTRY_NAME": "Chile", "AREA": 2.3705355151914356 }, "geometry": { "type": "Polygon", "coordinates": [ [ [ -70.317206299999981, -33.14932896904925 ], [ -70.313148, -33.142943169039576 ], [ -70.314687399999954, -33.13556086902836 ], [ -70.316926499999937, -33.130404669020479 ], [ -70.314989, -33.128206969017192 ], [ -70.311685, -33.132627969023901 ], [ -70.307436, -33.139598969034459 ], [ -70.298939, -33.142725969039255 ], [ -70.304732, -33.152426969053913 ], [ -70.311685, -33.149839969049985 ], [ -70.317221, -33.153181969055154 ], [ -70.325332, -33.162737969069582 ], [ -70.323503699999918, -33.156885769060722 ], [ -70.317206299999981, -33.14932896904925 ] ] ] } },
{ "type": "Feature", "properties": { "fid": 2012, "ISO3_CODE": "CHL", "COUNTRY_NAME": "Chile", "AREA": 1.9779994198353885 }, "geometry": { "type": "Polygon", "coordinates": [ [ [ -70.256281, -33.098659968972292 ], [ -70.256453, -33.094273968965723 ], [ -70.256259, -33.088988968957686 ], [ -70.256131, -33.084673968951137 ], [ -70.255637, -33.079980968943993 ], [ -70.256603, -33.076690968939005 ], [ -70.257139, -33.072249968932255 ], [ -70.255702, -33.071655968931424 ], [ -70.254071, -33.071709968931515 ], [ -70.253406, -33.076582968938801 ], [ -70.25274, -33.080448968944708 ], [ -70.251538999999894, -33.084799968951344 ], [ -70.253899, -33.08826996895661 ], [ -70.253663, -33.090911968960619 ], [ -70.251238, -33.097293968970227 ], [ -70.251217, -33.102021968977446 ], [ -70.2495, -33.106442968984126 ], [ -70.24744, -33.11027196899002 ], [ -70.247848, -33.114171968995912 ], [ -70.248513, -33.122456969008468 ], [ -70.252054, -33.121809969007515 ], [ -70.251496, -33.114962968997091 ], [ -70.253191, -33.107970968986464 ], [ -70.256281, -33.098659968972292 ] ] ] } },
{ "type": "Feature", "properties": { "fid": 2017, "ISO3_CODE": "CHL", "COUNTRY_NAME": "Chile", "AREA": 0.057725638333229343 }, "geometry": { "type": "Polygon", "coordinates": [ [ [ -71.134415, -32.681284989447406 ], [ -71.133846, -32.681971989447732 ], [ -71.134093, -32.683650989448587 ], [ -71.134973, -32.68387698944867 ], [ -71.1367, -32.682874989448202 ], [ -71.136957, -32.681835989447649 ], [ -71.134415, -32.681284989447406 ] ] ] } },
{ "type": "Feature", "properties": { "fid": 2019, "ISO3_CODE": "CHL", "COUNTRY_NAME": "Chile", "AREA": 15.703469323783292 }, "geometry": { "type": "Polygon", "coordinates": [ [ [ -71.114159, -32.633881989423706 ], [ -71.11227, -32.631568989422505 ], [ -71.106606, -32.63142398942243 ], [ -71.102057, -32.641759989427605 ], [ -71.095619, -32.651443989432472 ], [ -71.095448, -32.659103989436254 ], [ -71.105576, -32.666907989440183 ], [ -71.110382, -32.662644989438071 ], [ -71.116734, -32.66343998943848 ], [ -71.12257, -32.661994989437723 ], [ -71.126347, -32.661849989437691 ], [ -71.125574, -32.665606989439546 ], [ -71.131926, -32.666762989440116 ], [ -71.134415, -32.665606989439546 ], [ -71.13656, -32.665317989439373 ], [ -71.137805, -32.663348989438447 ], [ -71.138277, -32.66047698943693 ], [ -71.137633, -32.659230989436338 ], [ -71.138749, -32.658670989436025 ], [ -71.140466, -32.657766989435586 ], [ -71.141753, -32.657965989435723 ], [ -71.142461, -32.659483989436495 ], [ -71.141796, -32.660621989437033 ], [ -71.143384, -32.66571598943959 ], [ -71.139822, -32.67521698944438 ], [ -71.14377, -32.675577989444506 ], [ -71.147633, -32.666401989439933 ], [ -71.154671, -32.664523989439012 ], [ -71.159649, -32.662644989438071 ], [ -71.163082, -32.664378989438937 ], [ -71.171923, -32.66488498943918 ], [ -71.172609, -32.659031989436258 ], [ -71.169691, -32.65259998943305 ], [ -71.165743, -32.651660989432571 ], [ -71.160164, -32.654767989434141 ], [ -71.155997, -32.658833989436175 ], [ -71.149607, -32.658164989435832 ], [ -71.14965, -32.656249989434862 ], [ -71.157846, -32.653900989433723 ], [ -71.15723, -32.651824989432676 ], [ -71.167889, -32.646421989429925 ], [ -71.175184, -32.637133989425308 ], [ -71.170506, -32.632616989423049 ], [ -71.165099, -32.629941989421717 ], [ -71.157074, -32.630773989422082 ], [ -71.151495, -32.641398989427408 ], [ -71.154345, -32.649475989431508 ], [ -71.149607, -32.652166989432786 ], [ -71.149049, -32.654840989434184 ], [ -71.147461, -32.655418989434409 ], [ -71.143359, -32.654660989434042 ], [ -71.137719, -32.65281698943312 ], [ -71.132097, -32.651949989432673 ], [ -71.126904, -32.648047989430744 ], [ -71.125317, -32.648300989430879 ], [ -71.127634, -32.650648989432085 ], [ -71.131754, -32.653683989433567 ], [ -71.135831, -32.655273989434342 ], [ -71.13287, -32.657297989435399 ], [ -71.132226, -32.661668989437551 ], [ -71.128707, -32.663764989438626 ], [ -71.127505, -32.660404989436927 ], [ -71.127763, -32.658128989435788 ], [ -71.12669, -32.655201989434339 ], [ -71.124887, -32.65274498943306 ], [ -71.122355, -32.648336989430909 ], [ -71.119223, -32.641795989427628 ], [ -71.114159, -32.633881989423706 ] ] ] } },
{ "type": "Feature", "properties": { "fid": 2020, "ISO3_CODE": "CHL", "COUNTRY_NAME": "Chile", "AREA": 3.3810600076697317 }, "geometry": { "type": "Polygon", "coordinates": [ [ [ -70.868983, -32.572819968179445 ], [ -70.864906, -32.572602968179147 ], [ -70.862502999999876, -32.575133968182882 ], [ -70.858212, -32.575206968182975 ], [ -70.854263, -32.57614696818441 ], [ -70.850101, -32.577592968186593 ], [ -70.849972, -32.580521968191007 ], [ -70.852847, -32.584608968197053 ], [ -70.856495, -32.583342968195254 ], [ -70.857654, -32.585584968198553 ], [ -70.861688, -32.587067968200827 ], [ -70.868510999999899, -32.586850968200459 ], [ -70.872545, -32.59006896820523 ], [ -70.878682, -32.58540396819825 ], [ -70.884175, -32.581245968192043 ], [ -70.89529, -32.577267968186199 ], [ -70.895505, -32.574989968182678 ], [ -70.894217, -32.572710968179237 ], [ -70.890913, -32.574012968181293 ], [ -70.886579, -32.577195968185961 ], [ -70.881386, -32.579617968189588 ], [ -70.876794, -32.581679968192695 ], [ -70.870786, -32.579979968190202 ], [ -70.863104, -32.578243968187557 ], [ -70.863833, -32.576616968185149 ], [ -70.867653, -32.57770196818678 ], [ -70.868983, -32.575061968182808 ], [ -70.868983, -32.572819968179445 ] ] ] } },
{ "type": "Feature", "properties": { "fid": 2021, "ISO3_CODE": "CHL", "COUNTRY_NAME": "Chile", "AREA": 0.28121330458051708 }, "geometry": { "type": "Polygon", "coordinates": [ [ [ -70.852032, -32.570179968175466 ], [ -70.84847, -32.567647968171634 ], [ -70.845551, -32.56815396817241 ], [ -70.843062, -32.57224096817859 ], [ -70.846023999999886, -32.573325968180235 ], [ -70.847397, -32.571589968177584 ], [ -70.850873, -32.571300968177233 ], [ -70.852032, -32.570179968175466 ] ] ] } },
{ "type": "Feature", "properties": { "fid": 2031, "ISO3_CODE": "CHL", "COUNTRY_NAME": "Chile", "AREA": 0.050498663007140156 }, "geometry": { "type": "Polygon", "coordinates": [ [ [ -71.128331, -32.685339968348288 ], [ -71.126894, -32.685005968347795 ], [ -71.126014, -32.685068968347828 ], [ -71.12552, -32.685429968348487 ], [ -71.125735, -32.687091968350877 ], [ -71.127934, -32.687018968350813 ], [ -71.128331, -32.685339968348288 ] ] ] } },
{ "type": "Feature", "properties": { "fid": 2032, "ISO3_CODE": "CHL", "COUNTRY_NAME": "Chile", "AREA": 0.076628786474551999 }, "geometry": { "type": "Polygon", "coordinates": [ [ [ -71.132129, -32.683768968345923 ], [ -71.131207, -32.683695968345809 ], [ -71.130338, -32.683903968346094 ], [ -71.12919, -32.683307968345204 ], [ -71.128138, -32.684273968346659 ], [ -71.128428, -32.684752968347368 ], [ -71.129683, -32.684851968347552 ], [ -71.129769, -32.685402968348363 ], [ -71.129994, -32.685872968349038 ], [ -71.131539, -32.685917968349166 ], [ -71.133052, -32.684562968347144 ], [ -71.132129, -32.683768968345923 ] ] ] } },
{ "type": "Feature", "properties": { "fid": 2035, "ISO3_CODE": "CHL", "COUNTRY_NAME": "Chile", "AREA": 0.01909650641893933 }, "geometry": { "type": "Polygon", "coordinates": [ [ [ -70.935014, -32.236262967677547 ], [ -70.93496, -32.23625396767752 ], [ -70.935121, -32.236008967677094 ], [ -70.935175, -32.23582296767686 ], [ -70.935218, -32.23561396767662 ], [ -70.935223, -32.235468967676354 ], [ -70.935261, -32.235232967676012 ], [ -70.935186, -32.234992967675673 ], [ -70.935046, -32.234851967675446 ], [ -70.934853, -32.234678967675237 ], [ -70.934638, -32.23461096767506 ], [ -70.934504, -32.234474967674863 ], [ -70.934241, -32.234511967674962 ], [ -70.93407, -32.234565967675039 ], [ -70.934043, -32.234669967675188 ], [ -70.93407, -32.234824967675436 ], [ -70.934086, -32.234960967675619 ], [ -70.93408, -32.235100967675756 ], [ -70.934075, -32.235223967675964 ], [ -70.934139, -32.235386967676227 ], [ -70.934102, -32.235609967676602 ], [ -70.934054, -32.235863967677041 ], [ -70.933973, -32.236135967677392 ], [ -70.934027, -32.236239967677548 ], [ -70.934204, -32.236271967677588 ], [ -70.934494, -32.236298967677584 ], [ -70.934756, -32.236312967677627 ], [ -70.935014, -32.236262967677547 ] ] ] } },
{ "type": "Feature", "properties": { "fid": 2036, "ISO3_CODE": "CHL", "COUNTRY_NAME": "Chile", "AREA": 0.15643056355202475 }, "geometry": { "type": "Polygon", "coordinates": [ [ [ -70.966122, -32.222040967656397 ], [ -70.966154, -32.222512967657103 ], [ -70.966176, -32.222739967657482 ], [ -70.96609, -32.222993967657878 ], [ -70.965993, -32.223202967658224 ], [ -70.965704, -32.223411967658514 ], [ -70.965457, -32.223665967658889 ], [ -70.965124, -32.224010967659375 ], [ -70.96477, -32.224509967660168 ], [ -70.964127, -32.22538096766138 ], [ -70.963751, -32.225508967661554 ], [ -70.963461, -32.225734967661985 ], [ -70.963601, -32.226088967662449 ], [ -70.963869, -32.226524967663153 ], [ -70.96418, -32.226851967663592 ], [ -70.964427, -32.22716896766407 ], [ -70.965629, -32.227432967664477 ], [ -70.966412, -32.227631967664728 ], [ -70.967367, -32.227767967664938 ], [ -70.967742, -32.227622967664779 ], [ -70.967839, -32.227350967664385 ], [ -70.967839, -32.227114967663923 ], [ -70.96786, -32.226824967663546 ], [ -70.967871, -32.226506967663141 ], [ -70.967935, -32.226252967662766 ], [ -70.967914, -32.225880967662192 ], [ -70.967581, -32.225689967661914 ], [ -70.967216, -32.224291967659838 ], [ -70.967388, -32.223774967659118 ], [ -70.967356, -32.222930967657803 ], [ -70.966895, -32.222104967656506 ], [ -70.966541, -32.22193196765631 ], [ -70.966626, -32.221795967656085 ], [ -70.966637, -32.221587967655765 ], [ -70.966498, -32.22142396765549 ], [ -70.966262, -32.221441967655551 ], [ -70.966101, -32.221623967655837 ], [ -70.966100999999881, -32.221795967656092 ], [ -70.966122, -32.222040967656397 ] ] ] } },
{ "type": "Feature", "properties": { "fid": 2038, "ISO3_CODE": "CHL", "COUNTRY_NAME": "Chile", "AREA": 0.097758417517295804 }, "geometry": { "type": "Polygon", "coordinates": [ [ [ -70.962013, -32.225898967662182 ], [ -70.961273, -32.226043967662449 ], [ -70.96094, -32.226116967662456 ], [ -70.960522, -32.226288967662811 ], [ -70.9602, -32.226442967662997 ], [ -70.959857, -32.226470967663047 ], [ -70.959513, -32.226615967663243 ], [ -70.959009, -32.226742967663441 ], [ -70.958494, -32.226869967663575 ], [ -70.958226, -32.227014967663827 ], [ -70.957958, -32.227187967664079 ], [ -70.957593, -32.227377967664367 ], [ -70.957249, -32.227541967664614 ], [ -70.956928, -32.227767967664931 ], [ -70.95667, -32.22789596766517 ], [ -70.956509, -32.228013967665326 ], [ -70.956423, -32.228203967665586 ], [ -70.956477, -32.228448967665926 ], [ -70.956488, -32.228575967666181 ], [ -70.956852, -32.228729967666339 ], [ -70.957303, -32.228802967666454 ], [ -70.957646, -32.228820967666572 ], [ -70.958011, -32.228766967666381 ], [ -70.958419, -32.228602967666241 ], [ -70.959224, -32.22834896766588 ], [ -70.959513, -32.228230967665667 ], [ -70.960393, -32.228076967665388 ], [ -70.961466, -32.227849967665136 ], [ -70.962034, -32.22766896766484 ], [ -70.962496, -32.227568967664716 ], [ -70.962539, -32.227241967664156 ], [ -70.96227, -32.226424967662943 ], [ -70.962185, -32.225979967662283 ], [ -70.962013, -32.225898967662182 ] ] ] } },
{ "type": "Feature", "properties": { "fid": 2039, "ISO3_CODE": "CHL", "COUNTRY_NAME": "Chile", "AREA": 0.011727227253070101 }, "geometry": { "type": "Polygon", "coordinates": [ [ [ -70.937594, -32.210095967638686 ], [ -70.937101, -32.210186967638954 ], [ -70.937079, -32.210576967639483 ], [ -70.936993, -32.211066967640171 ], [ -70.93739, -32.211339967640605 ], [ -70.937841, -32.211520967640908 ], [ -70.938109, -32.211602967640935 ], [ -70.938313, -32.211330967640556 ], [ -70.938313, -32.211084967640225 ], [ -70.938056, -32.210885967639953 ], [ -70.937691, -32.210703967639716 ], [ -70.937659, -32.210413967639212 ], [ -70.937659, -32.210177967638899 ], [ -70.937594, -32.210095967638686 ] ] ] } },
{ "type": "Feature", "properties": { "fid": 2040, "ISO3_CODE": "CHL", "COUNTRY_NAME": "Chile", "AREA": 0.32847857105855455 }, "geometry": { "type": "Polygon", "coordinates": [ [ [ -70.945072, -32.191284967610926 ], [ -70.944557, -32.191121967610634 ], [ -70.944235, -32.191039967610536 ], [ -70.943913, -32.190921967610315 ], [ -70.943527, -32.190848967610243 ], [ -70.943227, -32.190748967610048 ], [ -70.942969, -32.190848967610236 ], [ -70.942454, -32.190458967609679 ], [ -70.9421, -32.190349967609507 ], [ -70.941607, -32.190222967609309 ], [ -70.941284999999894, -32.190222967609309 ], [ -70.941081, -32.190367967609504 ], [ -70.940888, -32.190521967609797 ], [ -70.940856, -32.190767967610121 ], [ -70.941145, -32.190885967610257 ], [ -70.941446, -32.190921967610315 ], [ -70.941371, -32.191093967610584 ], [ -70.941285, -32.191239967610798 ], [ -70.941199, -32.191375967610988 ], [ -70.94106, -32.191484967611167 ], [ -70.940781, -32.191593967611325 ], [ -70.940437, -32.191656967611472 ], [ -70.940148, -32.191647967611374 ], [ -70.939922, -32.191575967611357 ], [ -70.939976, -32.191457967611079 ], [ -70.940051, -32.191320967610842 ], [ -70.940137, -32.191157967610685 ], [ -70.939965, -32.19093996761034 ], [ -70.939729, -32.190739967610099 ], [ -70.939579, -32.190603967609839 ], [ -70.939482, -32.190467967609692 ], [ -70.939397, -32.190331967609495 ], [ -70.939246, -32.190322967609433 ], [ -70.938989, -32.190195967609313 ], [ -70.938839, -32.190077967609099 ], [ -70.938730999999891, -32.189904967608847 ], [ -70.938613, -32.189768967608607 ], [ -70.938367, -32.18972296760851 ], [ -70.938324, -32.189568967608324 ], [ -70.938227, -32.189414967608073 ], [ -70.937884, -32.189241967607764 ], [ -70.937669, -32.189368967608004 ], [ -70.93768, -32.189641967608395 ], [ -70.937755, -32.189886967608736 ], [ -70.937873, -32.190031967608981 ], [ -70.937937, -32.190167967609199 ], [ -70.937959, -32.190494967609688 ], [ -70.938238, -32.190531967609729 ], [ -70.93842, -32.190639967609926 ], [ -70.938334, -32.190794967610145 ], [ -70.938216, -32.190794967610152 ], [ -70.938056, -32.190939967610326 ], [ -70.937873, -32.191112967610579 ], [ -70.937766, -32.191411967611096 ], [ -70.937508, -32.191684967611451 ], [ -70.937326, -32.191883967611702 ], [ -70.937186, -32.19202996761193 ], [ -70.937068, -32.192219967612218 ], [ -70.936811, -32.192492967612637 ], [ -70.936682, -32.192764967613037 ], [ -70.93679, -32.192964967613392 ], [ -70.936865, -32.193082967613464 ], [ -70.937047, -32.193073967613572 ], [ -70.937369, -32.193027967613403 ], [ -70.93768, -32.193000967613365 ], [ -70.937819, -32.192909967613282 ], [ -70.938088, -32.192828967613139 ], [ -70.938131, -32.192927967613343 ], [ -70.938485, -32.193009967613392 ], [ -70.938506, -32.192791967613054 ], [ -70.938624, -32.192619967612828 ], [ -70.938656, -32.192365967612488 ], [ -70.938774, -32.192020967611946 ], [ -70.938903, -32.19184796761175 ], [ -70.93915, -32.191874967611703 ], [ -70.939332, -32.192192967612165 ], [ -70.939654, -32.19268296761296 ], [ -70.939579, -32.193318967613827 ], [ -70.939493, -32.193445967614068 ], [ -70.939289, -32.193372967613932 ], [ -70.939053, -32.193363967613969 ], [ -70.938946, -32.193518967614217 ], [ -70.939064, -32.193845967614671 ], [ -70.938785, -32.193935967614756 ], [ -70.938925, -32.194162967615199 ], [ -70.939149999999884, -32.194153967615144 ], [ -70.93901, -32.194344967615407 ], [ -70.938592, -32.19445396761553 ], [ -70.93827, -32.194580967615764 ], [ -70.938066, -32.194725967615923 ], [ -70.937862, -32.194970967616321 ], [ -70.937755, -32.195197967616636 ], [ -70.937895, -32.195470967617098 ], [ -70.93812, -32.195533967617145 ], [ -70.938356, -32.195515967617133 ], [ -70.938613, -32.195615967617279 ], [ -70.939075, -32.195733967617407 ], [ -70.939472, -32.195488967617088 ], [ -70.939654, -32.195270967616793 ], [ -70.939686, -32.195061967616454 ], [ -70.939665, -32.194834967616138 ], [ -70.939536, -32.194580967615764 ], [ -70.939579, -32.194426967615449 ], [ -70.939815, -32.194298967615289 ], [ -70.940491, -32.194226967615187 ], [ -70.940909, -32.194081967615013 ], [ -70.941285, -32.194199967615177 ], [ -70.941596, -32.194271967615286 ], [ -70.941843, -32.194208967615261 ], [ -70.941982, -32.194081967615062 ], [ -70.942293, -32.193926967614793 ], [ -70.942487, -32.194044967614957 ], [ -70.942723, -32.193917967614752 ], [ -70.942894, -32.194081967615006 ], [ -70.943259, -32.194435967615547 ], [ -70.943549, -32.194634967615777 ], [ -70.943774, -32.19478096761604 ], [ -70.944171, -32.194979967616341 ], [ -70.945094, -32.195406967616989 ], [ -70.945845, -32.195678967617368 ], [ -70.946252, -32.195778967617535 ], [ -70.946467, -32.195733967617407 ], [ -70.946553, -32.195470967617091 ], [ -70.946596, -32.195225967616608 ], [ -70.946574, -32.195043967616414 ], [ -70.946542, -32.194743967615963 ], [ -70.946563, -32.194507967615685 ], [ -70.946563, -32.194298967615282 ], [ -70.946478, -32.194071967614974 ], [ -70.946467, -32.193835967614646 ], [ -70.946467, -32.193726967614467 ], [ -70.94651, -32.193490967614139 ], [ -70.946488, -32.193273967613877 ], [ -70.946102, -32.193073967613564 ], [ -70.945855, -32.192964967613385 ], [ -70.945587, -32.192782967613063 ], [ -70.94534, -32.192582967612793 ], [ -70.945147, -32.19239296761252 ], [ -70.945072, -32.192065967611981 ], [ -70.945072, -32.191738967611528 ], [ -70.945072, -32.191284967610926 ] ] ] } },
{ "type": "Feature", "properties": { "fid": 2047, "ISO3_CODE": "CHL", "COUNTRY_NAME": "Chile", "AREA": 0.11120224039815668 }, "geometry": { "type": "Polygon", "coordinates": [ [ [ -70.926018, -32.138462967532668 ], [ -70.925664, -32.138580967532789 ], [ -70.925395, -32.138889967533274 ], [ -70.925181, -32.139035967533488 ], [ -70.924773, -32.139098967533563 ], [ -70.924559, -32.138989967533405 ], [ -70.924644, -32.138717967532997 ], [ -70.924902, -32.138544967532724 ], [ -70.924913, -32.138081967532095 ], [ -70.924666, -32.137863967531771 ], [ -70.924398, -32.137726967531563 ], [ -70.923797, -32.137681967531478 ], [ -70.923185, -32.137508967531289 ], [ -70.92266, -32.1372549675309 ], [ -70.922123, -32.136872967530245 ], [ -70.921823, -32.136881967530307 ], [ -70.921512, -32.137127967530695 ], [ -70.92163, -32.137481967531194 ], [ -70.92178, -32.13791796753177 ], [ -70.921887, -32.138471967532681 ], [ -70.922316, -32.138889967533281 ], [ -70.922477, -32.139189967533731 ], [ -70.92267, -32.139571967534366 ], [ -70.922917, -32.139934967534863 ], [ -70.92326, -32.140561967535817 ], [ -70.923539, -32.140951967536331 ], [ -70.923915, -32.140815967536213 ], [ -70.924001, -32.140570967535758 ], [ -70.924237, -32.140179967535161 ], [ -70.924376, -32.140088967535064 ], [ -70.924762, -32.140234967535328 ], [ -70.925063, -32.140234967535328 ], [ -70.925535, -32.140225967535223 ], [ -70.925943, -32.140097967535034 ], [ -70.926404, -32.139843967534723 ], [ -70.926704, -32.139625967534386 ], [ -70.926898, -32.139362967533998 ], [ -70.927112, -32.138889967533274 ], [ -70.926951, -32.138617967532902 ], [ -70.926758, -32.138317967532423 ], [ -70.926404, -32.138362967532466 ], [ -70.926018, -32.138462967532668 ] ] ] } },
{ "type": "Feature", "properties": { "fid": 2055, "ISO3_CODE": "CHL", "COUNTRY_NAME": "Chile", "AREA": 0.033145373566066498 }, "geometry": { "type": "Polygon", "coordinates": [ [ [ -70.938077, -32.185087967601639 ], [ -70.937648, -32.185028967601554 ], [ -70.937471, -32.185110967601723 ], [ -70.937439, -32.185182967601797 ], [ -70.937229, -32.185133967601701 ], [ -70.937052, -32.185073967601689 ], [ -70.936832, -32.184978967601573 ], [ -70.936688, -32.184901967601391 ], [ -70.936559, -32.184865967601326 ], [ -70.9365, -32.184924967601368 ], [ -70.936511, -32.1850469676016 ], [ -70.936484, -32.185182967601783 ], [ -70.936414, -32.185237967601878 ], [ -70.936317, -32.185350967602083 ], [ -70.93621, -32.185459967602206 ], [ -70.936108, -32.185723967602598 ], [ -70.936258, -32.186036967603044 ], [ -70.936366, -32.186227967603415 ], [ -70.936457, -32.186331967603522 ], [ -70.936634, -32.186449967603664 ], [ -70.936784, -32.186508967603807 ], [ -70.937036, -32.186558967603908 ], [ -70.937144, -32.186653967603988 ], [ -70.937326, -32.186722967604119 ], [ -70.937594, -32.186722967604112 ], [ -70.937932, -32.186685967604056 ], [ -70.938115, -32.186663967603991 ], [ -70.938361, -32.186622967603924 ], [ -70.93841, -32.186485967603772 ], [ -70.938318, -32.186281967603442 ], [ -70.938281, -32.18610996760323 ], [ -70.938372, -32.186022967603087 ], [ -70.938393, -32.185918967602888 ], [ -70.938383, -32.185755967602688 ], [ -70.938334, -32.185550967602381 ], [ -70.938302, -32.185396967602074 ], [ -70.938308, -32.185273967601866 ], [ -70.938233, -32.185142967601763 ], [ -70.938077, -32.185087967601639 ] ] ] } },
{ "type": "Feature", "properties": { "fid": 2056, "ISO3_CODE": "CHL", "COUNTRY_NAME": "Chile", "AREA": 0.026445684250636259 }, "geometry": { "type": "Polygon", "coordinates": [ [ [ -70.940126, -32.18287296759835 ], [ -70.940158, -32.182772967598225 ], [ -70.93974, -32.182704967598106 ], [ -70.9396, -32.182690967598084 ], [ -70.939504, -32.18264996759806 ], [ -70.939327, -32.182681967598135 ], [ -70.939161, -32.182776967598308 ], [ -70.938984, -32.182867967598369 ], [ -70.938855, -32.182962967598563 ], [ -70.938737, -32.183148967598754 ], [ -70.938646, -32.183385967599115 ], [ -70.938511, -32.18357196759947 ], [ -70.938426, -32.183784967599806 ], [ -70.938399, -32.184165967600258 ], [ -70.938297, -32.184361967600637 ], [ -70.938436, -32.184588967600938 ], [ -70.938544, -32.184733967601133 ], [ -70.938699, -32.184846967601324 ], [ -70.939005, -32.184865967601361 ], [ -70.939204, -32.18476996760122 ], [ -70.939327, -32.184524967600822 ], [ -70.939499, -32.184406967600673 ], [ -70.939611, -32.184238967600393 ], [ -70.939702, -32.184075967600137 ], [ -70.939745, -32.183893967599879 ], [ -70.939724, -32.183612967599529 ], [ -70.939879, -32.183475967599264 ], [ -70.940067, -32.183421967599195 ], [ -70.940126, -32.183394967599142 ], [ -70.940132, -32.183208967598809 ], [ -70.940083, -32.183112967598746 ], [ -70.94011, -32.182980967598567 ], [ -70.940126, -32.18287296759835 ] ] ] } },
{ "type": "Feature", "properties": { "fid": 2057, "ISO3_CODE": "CHL", "COUNTRY_NAME": "Chile", "AREA": 0.053757527209558058 }, "geometry": { "type": "Polygon", "coordinates": [ [ [ -70.933818, -32.179689967593646 ], [ -70.93356, -32.179825967593935 ], [ -70.933249, -32.179925967594052 ], [ -70.932992, -32.179907967593948 ], [ -70.93282, -32.179907967593948 ], [ -70.932584, -32.18031596759463 ], [ -70.932477, -32.180742967595158 ], [ -70.932359, -32.181260967595982 ], [ -70.932498, -32.181668967596629 ], [ -70.932562, -32.181968967597079 ], [ -70.932637, -32.182231967597389 ], [ -70.932863, -32.182513967597828 ], [ -70.933238, -32.182486967597839 ], [ -70.933646, -32.182286967597562 ], [ -70.934097, -32.181959967597081 ], [ -70.934343, -32.181596967596569 ], [ -70.934558, -32.181578967596472 ], [ -70.934826, -32.181242967595949 ], [ -70.935019, -32.181015967595627 ], [ -70.934998, -32.180715967595226 ], [ -70.934783, -32.180452967594832 ], [ -70.934644, -32.180215967594471 ], [ -70.934579, -32.179961967594139 ], [ -70.93429, -32.179834967593891 ], [ -70.933818, -32.179689967593646 ] ] ] } },
{ "type": "Feature", "properties": { "fid": 2058, "ISO3_CODE": "CHL", "COUNTRY_NAME": "Chile", "AREA": 0.6543841862159222 }, "geometry": { "type": "Polygon", "coordinates": [ [ [ -70.207744, -32.485293968048531 ], [ -70.204203, -32.485944968049495 ], [ -70.201328, -32.486451968050197 ], [ -70.199869, -32.486125968049691 ], [ -70.199397, -32.484297968046988 ], [ -70.19635, -32.4851489680483 ], [ -70.195212, -32.486451968050204 ], [ -70.197508, -32.48960096805488 ], [ -70.198581, -32.490976968057005 ], [ -70.20195, -32.493003968059959 ], [ -70.207164, -32.493781968061207 ], [ -70.205512, -32.490198968055807 ], [ -70.205061, -32.487591968051873 ], [ -70.207744, -32.485293968048531 ] ] ] } },
{ "type": "Feature", "properties": { "fid": 2068, "ISO3_CODE": "CHL", "COUNTRY_NAME": "Chile", "AREA": 0.10181745474016667 }, "geometry": { "type": "Polygon", "coordinates": [ [ [ -71.012127, -31.732309988978528 ], [ -71.010604, -31.73280298897879 ], [ -71.010861, -31.734371988979532 ], [ -71.011462, -31.735192988979954 ], [ -71.012084, -31.735521988980121 ], [ -71.012106, -31.736397988980585 ], [ -71.011977, -31.737273988980963 ], [ -71.012471, -31.737583988981132 ], [ -71.013007, -31.737583988981132 ], [ -71.013458, -31.737583988981136 ], [ -71.013737, -31.736908988980783 ], [ -71.013737, -31.736178988980473 ], [ -71.013672, -31.735430988980056 ], [ -71.013587, -31.734955988979824 ], [ -71.01393, -31.73482798897977 ], [ -71.013887, -31.734408988979581 ], [ -71.013737, -31.734116988979402 ], [ -71.013265, -31.734097988979396 ], [ -71.012814, -31.734152988979467 ], [ -71.012428, -31.733897988979312 ], [ -71.012063, -31.733550988979122 ], [ -71.011934, -31.733276988979064 ], [ -71.012471, -31.733112988978956 ], [ -71.012964, -31.732948988978858 ], [ -71.012857, -31.732601988978722 ], [ -71.012578, -31.732382988978561 ], [ -71.012127, -31.732309988978528 ] ] ] } },
{ "type": "Feature", "properties": { "fid": 2076, "ISO3_CODE": "CHL", "COUNTRY_NAME": "Chile", "AREA": 0.1920644778492227 }, "geometry": { "type": "Polygon", "coordinates": [ [ [ -70.931211, -31.689028966872534 ], [ -70.93003, -31.688115966871251 ], [ -70.926962, -31.689083966872637 ], [ -70.925481, -31.687805966870798 ], [ -70.923915, -31.686819966869372 ], [ -70.922778, -31.688681966872064 ], [ -70.924537, -31.690562966874783 ], [ -70.928357, -31.691256966875745 ], [ -70.931211, -31.689028966872534 ] ] ] } },
{ "type": "Feature", "properties": { "fid": 2077, "ISO3_CODE": "CHL", "COUNTRY_NAME": "Chile", "AREA": 1.332657408990465 }, "geometry": { "type": "Polygon", "coordinates": [ [ [ -70.929751, -31.694761966880915 ], [ -70.920417, -31.695637966882135 ], [ -70.917327, -31.6971539668844 ], [ -70.918143, -31.700768966889655 ], [ -70.924151, -31.703871966894138 ], [ -70.927219, -31.705423966896472 ], [ -70.925374, -31.708636966901153 ], [ -70.924408, -31.711283966905018 ], [ -70.925438, -31.711575966905404 ], [ -70.927541, -31.710899966904421 ], [ -70.928872, -31.711812966905768 ], [ -70.930052, -31.71110096690472 ], [ -70.931146, -31.707978966900207 ], [ -70.930545, -31.703579966893798 ], [ -70.927927, -31.701315966890444 ], [ -70.929923, -31.699563966887879 ], [ -70.92988, -31.696988966884117 ], [ -70.929751, -31.694761966880915 ] ] ] } },
{ "type": "Feature", "properties": { "fid": 2078, "ISO3_CODE": "CHL", "COUNTRY_NAME": "Chile", "AREA": 0.31538792529355736 }, "geometry": { "type": "Polygon", "coordinates": [ [ [ -70.527012, -31.771611966993049 ], [ -70.526326, -31.771374966992742 ], [ -70.525553, -31.771429966992777 ], [ -70.524867, -31.77166696699318 ], [ -70.524673, -31.772049966993738 ], [ -70.524437, -31.77254296699439 ], [ -70.523901, -31.772651966994534 ], [ -70.522935, -31.772596966994463 ], [ -70.522764, -31.772943966995001 ], [ -70.522785, -31.77345496699575 ], [ -70.522978, -31.773892966996389 ], [ -70.523322, -31.774366966997132 ], [ -70.523794, -31.775205966998357 ], [ -70.52403, -31.775479966998802 ], [ -70.524631, -31.775880966999345 ], [ -70.525811, -31.776135966999735 ], [ -70.526432999999869, -31.776117966999639 ], [ -70.527055, -31.776299966999861 ], [ -70.527699, -31.77681096700065 ], [ -70.528386, -31.777047967001039 ], [ -70.528836, -31.777248967001338 ], [ -70.529351, -31.777595967001858 ], [ -70.52978, -31.777813967002153 ], [ -70.530875, -31.777576967001771 ], [ -70.530832, -31.776993967000916 ], [ -70.530124, -31.776409967000088 ], [ -70.529759, -31.775807966999107 ], [ -70.529759, -31.77520596699835 ], [ -70.52978, -31.774548966997379 ], [ -70.530016, -31.773618966996004 ], [ -70.529501, -31.772724966994701 ], [ -70.528364, -31.772195966993891 ], [ -70.527828, -31.771830966993452 ], [ -70.527012, -31.771611966993049 ] ] ] } },
{ "type": "Feature", "properties": { "fid": 2080, "ISO3_CODE": "CHL", "COUNTRY_NAME": "Chile", "AREA": 0.1957258894685544 }, "geometry": { "type": "Polygon", "coordinates": [ [ [ -71.243355, -30.877438965708421 ], [ -71.242486, -30.877144965708087 ], [ -71.24137, -30.87761396570874 ], [ -71.239911, -30.877742965708869 ], [ -71.239311, -30.877070965708004 ], [ -71.237132999999886, -30.877282965708257 ], [ -71.236457, -30.876122965706649 ], [ -71.234847, -30.87557896570587 ], [ -71.235995, -30.877494965708568 ], [ -71.237701, -30.87915196571085 ], [ -71.240072, -30.880532965712813 ], [ -71.243656, -30.879418965711235 ], [ -71.243355, -30.877438965708421 ] ] ] } },
{ "type": "Feature", "properties": { "fid": 2082, "ISO3_CODE": "CHL", "COUNTRY_NAME": "Chile", "AREA": 2.4298802858220263 }, "geometry": { "type": "Polygon", "coordinates": [ [ [ -71.230159, -30.854231965675815 ], [ -71.228356, -30.853236965674398 ], [ -71.224709, -30.850657965670717 ], [ -71.223636, -30.851062965671318 ], [ -71.221018, -30.853199965674367 ], [ -71.217198, -30.858210965681415 ], [ -71.213551, -30.861636965686177 ], [ -71.216898, -30.86325796568849 ], [ -71.222563, -30.861710965686292 ], [ -71.224322, -30.863036965688124 ], [ -71.23076, -30.869482965697294 ], [ -71.232433, -30.869482965697294 ], [ -71.231661, -30.86454696569027 ], [ -71.234665, -30.866020965692417 ], [ -71.238184, -30.862594965687578 ], [ -71.241961, -30.859573965683325 ], [ -71.240416, -30.857805965680793 ], [ -71.235352, -30.857841965680866 ], [ -71.230674, -30.856368965678747 ], [ -71.230159, -30.854231965675815 ] ] ] } },
{ "type": "Feature", "properties": { "fid": 2086, "ISO3_CODE": "CHL", "COUNTRY_NAME": "Chile", "AREA": 0.19372562027643714 }, "geometry": { "type": "Polygon", "coordinates": [ [ [ -70.939257, -31.682272966862755 ], [ -70.939665, -31.681213966861186 ], [ -70.939128, -31.680245966859651 ], [ -70.93797, -31.680574966860238 ], [ -70.935159, -31.681469966861524 ], [ -70.933034, -31.681231966861176 ], [ -70.931468, -31.681779966861956 ], [ -70.929472, -31.682765966863375 ], [ -70.929193, -31.684135966865362 ], [ -70.933399, -31.683806966864985 ], [ -70.935245, -31.682528966863167 ], [ -70.939257, -31.682272966862755 ] ] ] } },
{ "type": "Feature", "properties": { "fid": 2087, "ISO3_CODE": "CHL", "COUNTRY_NAME": "Chile", "AREA": 1.8485147825710773 }, "geometry": { "type": "Polygon", "coordinates": [ [ [ -70.962625, -31.662440966833802 ], [ -70.961874, -31.661618966832581 ], [ -70.957003, -31.663572966835538 ], [ -70.954278, -31.666385966839535 ], [ -70.951188, -31.666257966839392 ], [ -70.949943, -31.669800966844456 ], [ -70.951295, -31.673653966850161 ], [ -70.948806, -31.676100966853692 ], [ -70.944343, -31.681633966861824 ], [ -70.941017, -31.682035966862358 ], [ -70.939794, -31.68236396686282 ], [ -70.941553, -31.685303966867131 ], [ -70.94533, -31.686362966868693 ], [ -70.9496, -31.682765966863375 ], [ -70.9552, -31.680063966859478 ], [ -70.95638, -31.677579966855788 ], [ -70.954728, -31.676392966854127 ], [ -70.956573, -31.675607966853072 ], [ -70.958183, -31.67299696684918 ], [ -70.958934, -31.668028966841984 ], [ -70.962625, -31.662440966833802 ] ] ] } },
{ "type": "Feature", "properties": { "fid": 2088, "ISO3_CODE": "CHL", "COUNTRY_NAME": "Chile", "AREA": 20.156388859782126 }, "geometry": { "type": "Polygon", "coordinates": [ [ [ -70.521584, -31.717799966914498 ], [ -70.521755, -31.715609966911195 ], [ -70.522013, -31.71487996691026 ], [ -70.521154, -31.713345966907973 ], [ -70.520725, -31.712031966906135 ], [ -70.518751, -31.711520966905361 ], [ -70.51712, -31.710133966903364 ], [ -70.515404, -31.710498966903796 ], [ -70.51446, -31.710133966903353 ], [ -70.513601, -31.709037966901697 ], [ -70.510683, -31.708526966900955 ], [ -70.509052, -31.708818966901383 ], [ -70.507164, -31.709475966902385 ], [ -70.506306, -31.711958966906 ], [ -70.505533, -31.714002966908961 ], [ -70.503473, -31.714952966910396 ], [ -70.503902, -31.713053966907587 ], [ -70.504589, -31.710790966904277 ], [ -70.504932, -31.708964966901618 ], [ -70.505705, -31.706482966897997 ], [ -70.506306, -31.703561966893695 ], [ -70.506392, -31.701589966890936 ], [ -70.506907, -31.699325966887567 ], [ -70.506563, -31.696039966882758 ], [ -70.504675, -31.694213966880085 ], [ -70.501928, -31.695236966881591 ], [ -70.499525, -31.696769966883778 ], [ -70.497122, -31.698303966886066 ], [ -70.494976, -31.698960966886997 ], [ -70.495405, -31.697938966885495 ], [ -70.496693, -31.696696966883756 ], [ -70.497637, -31.695382966881812 ], [ -70.497379, -31.693702966879336 ], [ -70.499268, -31.692899966878198 ], [ -70.500726999999898, -31.692461966877495 ], [ -70.502357, -31.691730966876488 ], [ -70.503473, -31.691073966875539 ], [ -70.504675, -31.689685966873522 ], [ -70.505619, -31.687713966870682 ], [ -70.506306, -31.685887966868002 ], [ -70.504847, -31.684281966865601 ], [ -70.503215999999895, -31.684354966865797 ], [ -70.500212, -31.685522966867474 ], [ -70.498238, -31.686837966869309 ], [ -70.495749, -31.688444966871778 ], [ -70.493603, -31.689758966873619 ], [ -70.490341, -31.690781966875033 ], [ -70.488625, -31.689758966873615 ], [ -70.48502, -31.690124966874201 ], [ -70.481758, -31.692022966876898 ], [ -70.480814, -31.694213966880096 ], [ -70.476952, -31.696039966882761 ], [ -70.471544, -31.697792966885274 ], [ -70.471029, -31.699836966888245 ], [ -70.471888, -31.702392966892074 ], [ -70.473604, -31.704218966894665 ], [ -70.474463, -31.706263966897712 ], [ -70.473604, -31.707869966900088 ], [ -70.472746, -31.709037966901704 ], [ -70.472403, -31.711520966905375 ], [ -70.472403, -31.714221966909268 ], [ -70.472317, -31.716120966912062 ], [ -70.472231, -31.718018966914777 ], [ -70.472918, -31.719916966917538 ], [ -70.472918, -31.722399966921209 ], [ -70.473347, -31.724662966924495 ], [ -70.474377, -31.726706966927559 ], [ -70.475407, -31.729626966931725 ], [ -70.476608, -31.731889966935025 ], [ -70.480127, -31.734006966938178 ], [ -70.483217, -31.733203966937047 ], [ -70.485878, -31.734006966938178 ], [ -70.486307, -31.736196966941357 ], [ -70.485363, -31.737875966943815 ], [ -70.483561, -31.739189966945702 ], [ -70.484333, -31.741379966948905 ], [ -70.485535, -31.742401966950453 ], [ -70.490856, -31.743204966951541 ], [ -70.493431, -31.745539966955011 ], [ -70.494804, -31.747729966958186 ], [ -70.495834, -31.749627966960976 ], [ -70.496521, -31.752400966965027 ], [ -70.498924, -31.755465966969474 ], [ -70.502529, -31.757801966972917 ], [ -70.506134, -31.759990966976055 ], [ -70.510254, -31.762034966979151 ], [ -70.509224, -31.758531966973933 ], [ -70.508366, -31.756195966970587 ], [ -70.507336, -31.753714966966939 ], [ -70.505447, -31.751962966964385 ], [ -70.503731, -31.750211966961906 ], [ -70.502701, -31.745685966955264 ], [ -70.501328, -31.742328966950286 ], [ -70.500469, -31.73999296694695 ], [ -70.500469, -31.73780296694375 ], [ -70.500469, -31.734590966939038 ], [ -70.500984, -31.732692966936273 ], [ -70.503387, -31.731670966934708 ], [ -70.505276, -31.731524966934487 ], [ -70.508194, -31.730502966933052 ], [ -70.509739, -31.729918966932168 ], [ -70.511971, -31.729480966931494 ], [ -70.513687, -31.728750966930495 ], [ -70.515747, -31.727436966928519 ], [ -70.517292, -31.725684966925961 ], [ -70.518665, -31.723786966923207 ], [ -70.519009, -31.722034966920702 ], [ -70.520039, -31.71940596691686 ], [ -70.521584, -31.717799966914498 ] ] ] } },
{ "type": "Feature", "properties": { "fid": 2089, "ISO3_CODE": "CHL", "COUNTRY_NAME": "Chile", "AREA": 1.0958153333971947 }, "geometry": { "type": "Polygon", "coordinates": [ [ [ -71.014166, -31.726341988975637 ], [ -71.012278, -31.726597988975801 ], [ -71.010818, -31.726998988975989 ], [ -71.011291, -31.729517988977189 ], [ -71.013436, -31.730393988977649 ], [ -71.017041, -31.733130988978974 ], [ -71.017256, -31.736744988980721 ], [ -71.01438, -31.737510988981072 ], [ -71.013823, -31.738788988981685 ], [ -71.014209, -31.740722988982615 ], [ -71.021333, -31.743277988983905 ], [ -71.022234, -31.740211988982427 ], [ -71.01717, -31.739590988982091 ], [ -71.016569, -31.737474988981056 ], [ -71.022363, -31.738350988981487 ], [ -71.02438, -31.737839988981246 ], [ -71.02365, -31.73305798897891 ], [ -71.019573, -31.728933988976948 ], [ -71.014166, -31.726341988975637 ] ] ] } },
{ "type": "Feature", "properties": { "fid": 2090, "ISO3_CODE": "CHL", "COUNTRY_NAME": "Chile", "AREA": 0.034648746020771559 }, "geometry": { "type": "Polygon", "coordinates": [ [ [ -71.010432, -31.729115988977007 ], [ -71.01011, -31.729179988977041 ], [ -71.010357, -31.730657988977732 ], [ -71.010507, -31.732291988978535 ], [ -71.012439, -31.731634988978225 ], [ -71.012299, -31.731278988978033 ], [ -71.011108, -31.73029298897757 ], [ -71.010829, -31.729900988977349 ], [ -71.010432, -31.729115988977007 ] ] ] } },
{ "type": "Feature", "properties": { "fid": 2091, "ISO3_CODE": "CHL", "COUNTRY_NAME": "Chile", "AREA": 0.34396449221417308 }, "geometry": { "type": "Polygon", "coordinates": [ [ [ -71.010861, -31.725830966926228 ], [ -71.00966, -31.72524696692528 ], [ -71.008115, -31.724242966923931 ], [ -71.006076, -31.722253966921027 ], [ -71.004918, -31.7203369669182 ], [ -71.004982, -31.718347966915296 ], [ -71.005282, -31.715846966911585 ], [ -71.004231, -31.714258966909298 ], [ -71.004896, -31.712378966906559 ], [ -71.002879, -31.712798966907126 ], [ -71.002579, -31.715006966910405 ], [ -71.002364, -31.717507966914035 ], [ -71.002407, -31.719697966917288 ], [ -71.003931, -31.722709966921691 ], [ -71.007085, -31.725136966925238 ], [ -71.010261, -31.727071966928037 ], [ -71.010861, -31.725830966926228 ] ] ] } },
{ "type": "Feature", "properties": { "fid": 2108, "ISO3_CODE": "CHL", "COUNTRY_NAME": "Chile", "AREA": 21.93409584792456 }, "geometry": { "type": "Polygon", "coordinates": [ [ [ -71.095791, -30.225254964803771 ], [ -71.093774, -30.224902964803192 ], [ -71.088409, -30.225959964804694 ], [ -71.08871, -30.230056964810245 ], [ -71.08989, -30.231298964812009 ], [ -71.089354, -30.233356964814789 ], [ -71.088388, -30.234932964816981 ], [ -71.089847, -30.236563964819201 ], [ -71.08974, -30.239640964823366 ], [ -71.088903, -30.240197964824162 ], [ -71.086564, -30.240382964824352 ], [ -71.085856, -30.24318196482816 ], [ -71.084654, -30.244720964830275 ], [ -71.082616, -30.248687964835753 ], [ -71.080899, -30.249168964836365 ], [ -71.077573, -30.249484964836792 ], [ -71.074698, -30.250244964837826 ], [ -71.070278, -30.25415596484315 ], [ -71.068904, -30.256805964846745 ], [ -71.081543, -30.260030964851271 ], [ -71.080341, -30.274115964870465 ], [ -71.095619, -30.277969964875709 ], [ -71.097593, -30.283380964883136 ], [ -71.1024, -30.287901964889308 ], [ -71.109524, -30.284492964884638 ], [ -71.11639, -30.280341964878975 ], [ -71.114244, -30.273744964869969 ], [ -71.116991, -30.262476964854542 ], [ -71.113558, -30.260475964851789 ], [ -71.109438, -30.254618964843836 ], [ -71.118279, -30.254340964843436 ], [ -71.125317, -30.25641696484627 ], [ -71.129544, -30.254803964844033 ], [ -71.13272, -30.250021964837568 ], [ -71.134136, -30.247686964834344 ], [ -71.128836, -30.239789964823565 ], [ -71.119823, -30.23815796482133 ], [ -71.113644, -30.233041964814365 ], [ -71.113987, -30.228591964808263 ], [ -71.095791, -30.225254964803771 ] ] ] } },
{ "type": "Feature", "properties": { "fid": 2109, "ISO3_CODE": "CHL", "COUNTRY_NAME": "Chile", "AREA": 0.49847871432079743 }, "geometry": { "type": "Polygon", "coordinates": [ [ [ -71.067746, -30.231001964811579 ], [ -71.063476, -30.231650964812491 ], [ -71.064633999999899, -30.234969964816955 ], [ -71.067338, -30.23600796481842 ], [ -71.073797, -30.237268964820174 ], [ -71.074591, -30.232855964814092 ], [ -71.067746, -30.231001964811579 ] ] ] } },
{ "type": "Feature", "properties": { "fid": 2110, "ISO3_CODE": "CHL", "COUNTRY_NAME": "Chile", "AREA": 0.070962628650745374 }, "geometry": { "type": "Polygon", "coordinates": [ [ [ -71.060514, -30.226867988268662 ], [ -71.060064, -30.226663988268516 ], [ -71.059635, -30.22653398826851 ], [ -71.059163, -30.226385988268472 ], [ -71.058755, -30.226385988268465 ], [ -71.058133, -30.226422988268478 ], [ -71.057682, -30.226774988268573 ], [ -71.057661, -30.22733198826888 ], [ -71.058025, -30.227831988269081 ], [ -71.058519, -30.228165988269264 ], [ -71.059098, -30.228573988269407 ], [ -71.059592, -30.229055988269639 ], [ -71.059806, -30.229648988269862 ], [ -71.060257, -30.229982988270066 ], [ -71.06075, -30.230000988270074 ], [ -71.060729, -30.229185988269702 ], [ -71.060708, -30.22862898826947 ], [ -71.0606, -30.228128988269219 ], [ -71.06045, -30.227646988268987 ], [ -71.060557, -30.227349988268863 ], [ -71.060514, -30.226867988268662 ] ] ] } },
{ "type": "Feature", "properties": { "fid": 2111, "ISO3_CODE": "CHL", "COUNTRY_NAME": "Chile", "AREA": 0.4515681688271761 }, "geometry": { "type": "Polygon", "coordinates": [ [ [ -71.084783, -30.225310964803846 ], [ -71.082036, -30.223938964801906 ], [ -71.079118, -30.222658964800225 ], [ -71.074741, -30.221843964799035 ], [ -71.072617, -30.222084964799485 ], [ -71.07208, -30.223956964802028 ], [ -71.073411, -30.225402964803898 ], [ -71.076779, -30.227127964806247 ], [ -71.081715, -30.225829964804575 ], [ -71.082659, -30.227275964806509 ], [ -71.083946, -30.22742396480675 ], [ -71.084783, -30.225310964803846 ] ] ] } },
{ "type": "Feature", "properties": { "fid": 2112, "ISO3_CODE": "CHL", "COUNTRY_NAME": "Chile", "AREA": 0.45649070781959589 }, "geometry": { "type": "Polygon", "coordinates": [ [ [ -71.05824, -30.23048298827025 ], [ -71.057811, -30.22994598827005 ], [ -71.05691, -30.230130988270137 ], [ -71.05648, -30.229166988269672 ], [ -71.055622, -30.228480988269407 ], [ -71.055064, -30.227609988268959 ], [ -71.055429, -30.226478988268472 ], [ -71.056094, -30.225829988268181 ], [ -71.057339, -30.225866988268162 ], [ -71.058154, -30.224994988267813 ], [ -71.056867, -30.223289988266998 ], [ -71.055257, -30.223511988267145 ], [ -71.051159, -30.227127988268748 ], [ -71.048241, -30.228814988269487 ], [ -71.047812, -30.230112988270111 ], [ -71.049292, -30.230705988270419 ], [ -71.052125, -30.230668988270381 ], [ -71.05442, -30.228981988269613 ], [ -71.055429, -30.231131988270583 ], [ -71.056652, -30.232911988271383 ], [ -71.058755, -30.232596988271261 ], [ -71.05824, -30.23048298827025 ] ] ] } },
{ "type": "Feature", "properties": { "fid": 2113, "ISO3_CODE": "CHL", "COUNTRY_NAME": "Chile", "AREA": 1.6257702684528454 }, "geometry": { "type": "Polygon", "coordinates": [ [ [ -71.103022, -30.201501964771342 ], [ -71.099954, -30.204078964774897 ], [ -71.099696, -30.205469964776778 ], [ -71.096928, -30.205117964776296 ], [ -71.095726, -30.203670964774222 ], [ -71.093173, -30.20357896477417 ], [ -71.091993, -30.206434964778051 ], [ -71.094675, -30.208140964780338 ], [ -71.093023, -30.211440964784963 ], [ -71.093624, -30.213480964787692 ], [ -71.095726, -30.213276964787383 ], [ -71.096907, -30.214296964788762 ], [ -71.094396, -30.217504964793157 ], [ -71.094525, -30.219006964795199 ], [ -71.095662, -30.220452964797154 ], [ -71.099031, -30.220674964797514 ], [ -71.09931, -30.218728964794842 ], [ -71.099889, -30.213832964788136 ], [ -71.102443, -30.210995964784331 ], [ -71.102485999999899, -30.214444964789035 ], [ -71.10328, -30.217485964793145 ], [ -71.105833, -30.218709964794741 ], [ -71.106455, -30.217485964793134 ], [ -71.104846, -30.214352964788855 ], [ -71.104953, -30.210420964783506 ], [ -71.10564, -30.20852996478099 ], [ -71.102893, -30.205877964777297 ], [ -71.105855, -30.203708964774364 ], [ -71.105618, -30.20266996477298 ], [ -71.103022, -30.201501964771342 ] ] ] } },
{ "type": "Feature", "properties": { "fid": 2118, "ISO3_CODE": "CHL", "COUNTRY_NAME": "Chile", "AREA": 0.64402588680410755 }, "geometry": { "type": "Polygon", "coordinates": [ [ [ -71.361008, -30.011881964514451 ], [ -71.360278, -30.012438964515216 ], [ -71.35972, -30.013479964516595 ], [ -71.359291, -30.014334964517776 ], [ -71.359034, -30.01526396451905 ], [ -71.358776, -30.015932964520022 ], [ -71.358175, -30.016452964520628 ], [ -71.357703, -30.017009964521325 ], [ -71.357489, -30.017492964521981 ], [ -71.35736, -30.01845896452334 ], [ -71.357231, -30.019239964524417 ], [ -71.357188, -30.019722964525087 ], [ -71.356459, -30.020168964525634 ], [ -71.355858, -30.020688964526375 ], [ -71.355343, -30.021282964527195 ], [ -71.355515, -30.022620964528944 ], [ -71.356373, -30.023772964530515 ], [ -71.357145, -30.024329964531209 ], [ -71.358089, -30.024329964531223 ], [ -71.359291, -30.024106964530901 ], [ -71.360407, -30.023215964529712 ], [ -71.360836, -30.02247196452873 ], [ -71.361351, -30.021877964527945 ], [ -71.36178, -30.020948964526688 ], [ -71.36178, -30.020168964525691 ], [ -71.362209, -30.019536964524775 ], [ -71.362424, -30.018867964523924 ], [ -71.362724, -30.018161964522978 ], [ -71.363025, -30.017492964522024 ], [ -71.363196, -30.016823964521155 ], [ -71.363411, -30.015746964519671 ], [ -71.363626, -30.014780964518369 ], [ -71.363626, -30.013776964516989 ], [ -71.363754, -30.012959964515929 ], [ -71.363797, -30.012215964514848 ], [ -71.363368, -30.011621964514148 ], [ -71.362681, -30.011324964513744 ], [ -71.361694, -30.011212964513522 ], [ -71.361008, -30.011881964514451 ] ] ] } },
{ "type": "Feature", "properties": { "fid": 2119, "ISO3_CODE": "CHL", "COUNTRY_NAME": "Chile", "AREA": 0.019029334926053881 }, "geometry": { "type": "Polygon", "coordinates": [ [ [ -71.356308, -30.015058964518815 ], [ -71.354688, -30.014659964518195 ], [ -71.354399, -30.015690964519575 ], [ -71.355997, -30.016089964520109 ], [ -71.356308, -30.015058964518815 ] ] ] } },
{ "type": "Feature", "properties": { "fid": 2121, "ISO3_CODE": "CHL", "COUNTRY_NAME": "Chile", "AREA": 0.089769051091209057 }, "geometry": { "type": "Polygon", "coordinates": [ [ [ -71.088141, -30.20192798825731 ], [ -71.088206, -30.201074988256906 ], [ -71.087615, -30.200434988256614 ], [ -71.086918, -30.201343988257047 ], [ -71.086532, -30.202215988257425 ], [ -71.085341, -30.203541988258056 ], [ -71.084805, -30.204273988258372 ], [ -71.084461, -30.204987988258754 ], [ -71.086113, -30.206471988259374 ], [ -71.086628, -30.20428298825837 ], [ -71.086328, -30.203587988258079 ], [ -71.087068, -30.202845988257696 ], [ -71.087755, -30.203411988257962 ], [ -71.088613, -30.203040988257822 ], [ -71.088141, -30.20192798825731 ] ] ] } },
{ "type": "Feature", "properties": { "fid": 2130, "ISO3_CODE": "CHL", "COUNTRY_NAME": "Chile", "AREA": 19.892790773394584 }, "geometry": { "type": "Polygon", "coordinates": [ [ [ -69.968834, -29.733600964142589 ], [ -69.964972, -29.734345964143568 ], [ -69.960508, -29.740457964151712 ], [ -69.955873, -29.745897964158928 ], [ -69.954672, -29.75513796417107 ], [ -69.956732, -29.758639964175824 ], [ -69.960337, -29.757074964173732 ], [ -69.966087, -29.759906964177507 ], [ -69.965143, -29.770188964191153 ], [ -69.962997, -29.78218296420706 ], [ -69.955616, -29.792760964221092 ], [ -69.955359, -29.799314964229865 ], [ -69.951153, -29.806986964240135 ], [ -69.952784, -29.812348964247178 ], [ -69.964027, -29.801772964233113 ], [ -69.97098, -29.80087896423192 ], [ -69.988489, -29.811305964245751 ], [ -70.009432, -29.81063596424487 ], [ -70.004539, -29.795665964224945 ], [ -70.00102, -29.791046964218843 ], [ -69.989777, -29.782406964207379 ], [ -69.981451, -29.776818964199926 ], [ -69.976816, -29.763557964182308 ], [ -69.972267, -29.746866964160223 ], [ -69.968834, -29.733600964142589 ] ] ] } },
{ "type": "Feature", "properties": { "fid": 2131, "ISO3_CODE": "CHL", "COUNTRY_NAME": "Chile", "AREA": 0.024299753093153239 }, "geometry": { "type": "Polygon", "coordinates": [ [ [ -71.264577, -29.740159988050429 ], [ -71.263397, -29.739823988050254 ], [ -71.262538, -29.741407988050995 ], [ -71.26374, -29.741835988051161 ], [ -71.264577, -29.740159988050429 ] ] ] } },
{ "type": "Feature", "properties": { "fid": 2132, "ISO3_CODE": "CHL", "COUNTRY_NAME": "Chile", "AREA": 9.3227374703326547 }, "geometry": { "type": "Polygon", "coordinates": [ [ [ -71.233292, -29.704604988034728 ], [ -71.22385, -29.708182988036324 ], [ -71.218185, -29.71720298804026 ], [ -71.218271, -29.726445988044372 ], [ -71.224623, -29.731439988046613 ], [ -71.23724, -29.737699988049354 ], [ -71.242733, -29.741873988051182 ], [ -71.247668, -29.7443329880523 ], [ -71.249406, -29.744090988052189 ], [ -71.250865, -29.743400988051878 ], [ -71.25284, -29.742804988051635 ], [ -71.253698, -29.741779988051189 ], [ -71.251488, -29.732184988046932 ], [ -71.246338, -29.718246988040793 ], [ -71.240845, -29.705349988035039 ], [ -71.233292, -29.704604988034728 ] ] ] } },
{ "type": "Feature", "properties": { "fid": 2153, "ISO3_CODE": "CHL", "COUNTRY_NAME": "Chile", "AREA": 9.9936739421107905 }, "geometry": { "type": "Polygon", "coordinates": [ [ [ -70.996742, -28.803766962948643 ], [ -70.990691, -28.804856962949955 ], [ -70.991678, -28.800832962944959 ], [ -70.994854, -28.79428996293678 ], [ -70.992494, -28.788798962929974 ], [ -70.989103, -28.783382962923284 ], [ -70.988417, -28.778830962917684 ], [ -70.984726, -28.775520962913514 ], [ -70.982881, -28.773827962911405 ], [ -70.979362, -28.777288962915719 ], [ -70.97434, -28.780561962919826 ], [ -70.9761, -28.784773962924987 ], [ -70.975456, -28.788083962929161 ], [ -70.975285, -28.791393962933242 ], [ -70.974255, -28.795379962938171 ], [ -70.976486, -28.801961962946322 ], [ -70.977087, -28.804029962948867 ], [ -70.978761, -28.811136962957747 ], [ -70.978761, -28.817453962965587 ], [ -70.977902, -28.823206962972755 ], [ -70.98331, -28.827342962977806 ], [ -70.991893, -28.830425962981643 ], [ -70.996184, -28.82707996297755 ], [ -71.000905, -28.826627962976943 ], [ -70.99833, -28.824033962973704 ], [ -71.003008, -28.819070962967604 ], [ -70.99627, -28.811550962958169 ], [ -70.996742, -28.803766962948643 ] ] ] } },
{ "type": "Feature", "properties": { "fid": 2161, "ISO3_CODE": "CHL", "COUNTRY_NAME": "Chile", "AREA": 0.013970458202458918 }, "geometry": { "type": "Polygon", "coordinates": [ [ [ -70.812609, -28.640787962747574 ], [ -70.812131, -28.640609962747373 ], [ -70.811691, -28.640576962747311 ], [ -70.811359, -28.640505962747248 ], [ -70.8113, -28.640726962747557 ], [ -70.8113, -28.640999962747834 ], [ -70.811434, -28.641268962748168 ], [ -70.811557, -28.641903962748955 ], [ -70.812308, -28.641748962748753 ], [ -70.812609, -28.640787962747574 ] ] ] } },
{ "type": "Feature", "properties": { "fid": 2162, "ISO3_CODE": "CHL", "COUNTRY_NAME": "Chile", "AREA": 0.023123255229321307 }, "geometry": { "type": "Polygon", "coordinates": [ [ [ -70.813376, -28.639394962745868 ], [ -70.813124, -28.639333962745784 ], [ -70.812898, -28.639337962745863 ], [ -70.812716, -28.639337962745866 ], [ -70.812507, -28.639337962745859 ], [ -70.812335, -28.639394962745868 ], [ -70.812078, -28.639399962745891 ], [ -70.81182, -28.639380962745896 ], [ -70.811579, -28.639413962745898 ], [ -70.811455, -28.639526962746043 ], [ -70.811445, -28.639643962746213 ], [ -70.811461, -28.639785962746366 ], [ -70.811504, -28.639949962746606 ], [ -70.811611, -28.640072962746675 ], [ -70.811707, -28.64018596274688 ], [ -70.81189, -28.640241962746956 ], [ -70.812008, -28.640260962746964 ], [ -70.812169, -28.640321962747041 ], [ -70.81234, -28.6404309627471 ], [ -70.812566, -28.640505962747248 ], [ -70.812796, -28.640590962747357 ], [ -70.813032, -28.640590962747339 ], [ -70.813204, -28.640557962747337 ], [ -70.813381, -28.64046796274712 ], [ -70.813526, -28.640312962746961 ], [ -70.81359, -28.640166962746871 ], [ -70.813628, -28.639996962746626 ], [ -70.813612, -28.639874962746525 ], [ -70.81359, -28.639695962746227 ], [ -70.813526, -28.639549962746045 ], [ -70.813376, -28.639394962745868 ] ] ] } },
{ "type": "Feature", "properties": { "fid": 2163, "ISO3_CODE": "CHL", "COUNTRY_NAME": "Chile", "AREA": 0.055082752866879102 }, "geometry": { "type": "Polygon", "coordinates": [ [ [ -70.771286, -28.60848596270807 ], [ -70.770643, -28.60819396270772 ], [ -70.769495, -28.608495962708066 ], [ -70.768722, -28.608758962708407 ], [ -70.76825, -28.609098962708806 ], [ -70.768175, -28.609493962709308 ], [ -70.768218, -28.610002962709903 ], [ -70.769076, -28.610247962710243 ], [ -70.769656, -28.610473962710465 ], [ -70.770417, -28.610482962710481 ], [ -70.770707, -28.610444962710478 ], [ -70.771286, -28.60848596270807 ] ] ] } },
{ "type": "Feature", "properties": { "fid": 2164, "ISO3_CODE": "CHL", "COUNTRY_NAME": "Chile", "AREA": 0.72931566404533255 }, "geometry": { "type": "Polygon", "coordinates": [ [ [ -70.791049, -28.630580962735067 ], [ -70.790491, -28.630523962735037 ], [ -70.79004, -28.630467962734979 ], [ -70.789719, -28.630410962734864 ], [ -70.789268, -28.630448962734995 ], [ -70.788989, -28.630768962735342 ], [ -70.788796, -28.631013962735629 ], [ -70.788517, -28.631013962735629 ], [ -70.788281, -28.631201962735833 ], [ -70.787959, -28.631409962736122 ], [ -70.787766, -28.631522962736252 ], [ -70.787466, -28.631522962736263 ], [ -70.787251, -28.631691962736404 ], [ -70.787122, -28.632068962736909 ], [ -70.786972, -28.632595962737533 ], [ -70.787101, -28.633066962738145 ], [ -70.787294, -28.633386962738598 ], [ -70.787550999999894, -28.633725962738879 ], [ -70.787852, -28.634008962739252 ], [ -70.78826, -28.634158962739477 ], [ -70.788882, -28.63421596273955 ], [ -70.789804, -28.634234962739534 ], [ -70.790877, -28.634271962739582 ], [ -70.791414, -28.634403962739789 ], [ -70.791585, -28.63462996274006 ], [ -70.791929, -28.635119962740667 ], [ -70.792422, -28.635326962740944 ], [ -70.79268, -28.635759962741464 ], [ -70.793023, -28.636230962741958 ], [ -70.793238, -28.63720996274326 ], [ -70.793624, -28.637793962743903 ], [ -70.794268, -28.638245962744435 ], [ -70.794954, -28.638678962744951 ], [ -70.795426, -28.638885962745277 ], [ -70.79725, -28.639206962745615 ], [ -70.798259, -28.639206962745618 ], [ -70.799203, -28.638867962745245 ], [ -70.799718, -28.638283962744548 ], [ -70.800426, -28.637737962743884 ], [ -70.800426, -28.637059962742995 ], [ -70.80004, -28.636211962741971 ], [ -70.79976099999989, -28.635213962740746 ], [ -70.799525, -28.634008962739255 ], [ -70.799525, -28.633235962738304 ], [ -70.799096, -28.63263396273766 ], [ -70.798259, -28.63227596273715 ], [ -70.797701, -28.631804962736606 ], [ -70.796778, -28.631409962736129 ], [ -70.796027, -28.631314962736017 ], [ -70.795298, -28.631314962736035 ], [ -70.795169, -28.631861962736696 ], [ -70.795233, -28.632369962737307 ], [ -70.794632, -28.632256962737159 ], [ -70.79416, -28.631974962736841 ], [ -70.793753, -28.631635962736322 ], [ -70.793451999999888, -28.631333962736097 ], [ -70.79283, -28.631371962736022 ], [ -70.792444, -28.631314962736013 ], [ -70.791907, -28.631107962735722 ], [ -70.791821, -28.630618962735159 ], [ -70.791049, -28.630580962735067 ] ] ] } },
{ "type": "Feature", "properties": { "fid": 2165, "ISO3_CODE": "CHL", "COUNTRY_NAME": "Chile", "AREA": 1.6057859600416533 }, "geometry": { "type": "Polygon", "coordinates": [ [ [ -70.818043, -28.635364962741001 ], [ -70.817957, -28.634347962739696 ], [ -70.817807, -28.63353796273875 ], [ -70.818, -28.632991962738096 ], [ -70.817957, -28.632463962737432 ], [ -70.817828, -28.631352962736006 ], [ -70.817828, -28.630844962735431 ], [ -70.817635, -28.630467962734983 ], [ -70.817335, -28.630392962734778 ], [ -70.816648, -28.630674962735188 ], [ -70.816197, -28.630881962735469 ], [ -70.815704, -28.630542962735046 ], [ -70.814931, -28.630241962734662 ], [ -70.814974, -28.62997796273439 ], [ -70.815339, -28.629488962733742 ], [ -70.815574999999882, -28.629224962733442 ], [ -70.815446, -28.628753962732812 ], [ -70.814652, -28.628433962732469 ], [ -70.814073, -28.628433962732466 ], [ -70.813386, -28.628037962731945 ], [ -70.813494, -28.627736962731614 ], [ -70.813837, -28.627133962730841 ], [ -70.81418, -28.626606962730271 ], [ -70.814674, -28.625834962729332 ], [ -70.815082, -28.625400962728765 ], [ -70.815833, -28.624760962727972 ], [ -70.815833, -28.624233962727349 ], [ -70.815232, -28.624553962727759 ], [ -70.81418, -28.625156962728411 ], [ -70.81315, -28.625457962728795 ], [ -70.812464, -28.625457962728788 ], [ -70.811369, -28.625532962728897 ], [ -70.810297, -28.625834962729343 ], [ -70.809481, -28.626097962729585 ], [ -70.808387, -28.626587962730184 ], [ -70.808022, -28.626625962730195 ], [ -70.807335, -28.626851962730552 ], [ -70.806971, -28.62711496273085 ], [ -70.806434, -28.627435962731216 ], [ -70.805875999999898, -28.627623962731512 ], [ -70.805275, -28.627736962731611 ], [ -70.804846, -28.627736962731596 ], [ -70.804267, -28.628056962731964 ], [ -70.803709, -28.628696962732711 ], [ -70.803881, -28.629149962733322 ], [ -70.803902, -28.629412962733721 ], [ -70.803838, -28.629676962733999 ], [ -70.803602, -28.629902962734281 ], [ -70.803301, -28.630166962734553 ], [ -70.803044, -28.630429962734901 ], [ -70.803065, -28.630881962735451 ], [ -70.803237, -28.631239962735911 ], [ -70.803323, -28.631616962736352 ], [ -70.803194, -28.631842962736627 ], [ -70.802722, -28.632143962737015 ], [ -70.802164, -28.632444962737367 ], [ -70.801864, -28.632859962737893 ], [ -70.802121, -28.633179962738307 ], [ -70.802271, -28.633518962738712 ], [ -70.802464, -28.633819962739061 ], [ -70.802486, -28.634234962739534 ], [ -70.802314, -28.634384962739752 ], [ -70.801992, -28.63485596274035 ], [ -70.802121, -28.635138962740747 ], [ -70.802658, -28.635194962740684 ], [ -70.802958, -28.63515696274073 ], [ -70.803409, -28.635025962740524 ], [ -70.803902, -28.634799962740271 ], [ -70.804803, -28.6346679627401 ], [ -70.805404, -28.635119962740671 ], [ -70.806026, -28.635401962741035 ], [ -70.806476999999887, -28.635665962741388 ], [ -70.806885, -28.635684962741362 ], [ -70.807207, -28.635853962741589 ], [ -70.807314, -28.636324962742169 ], [ -70.807743, -28.636569962742456 ], [ -70.808001, -28.636776962742687 ], [ -70.808301, -28.637002962742979 ], [ -70.808902, -28.637172962743168 ], [ -70.809438, -28.637040962742979 ], [ -70.809696, -28.636814962742747 ], [ -70.809932, -28.636381962742195 ], [ -70.810404, -28.636738962742616 ], [ -70.811112, -28.637021962743024 ], [ -70.811756, -28.637172962743172 ], [ -70.812335, -28.637266962743276 ], [ -70.812657, -28.637435962743407 ], [ -70.812743, -28.637868962744001 ], [ -70.812743, -28.63811396274431 ], [ -70.812957, -28.638565962744853 ], [ -70.813408, -28.638810962745136 ], [ -70.814116, -28.638867962745234 ], [ -70.814631, -28.638961962745345 ], [ -70.815082, -28.639206962745607 ], [ -70.815318, -28.639658962746218 ], [ -70.815918, -28.639959962746609 ], [ -70.816734, -28.640053962746695 ], [ -70.817249, -28.640053962746691 ], [ -70.817721, -28.640128962746797 ], [ -70.818064, -28.639940962746575 ], [ -70.818021, -28.639469962745984 ], [ -70.818021, -28.638829962745167 ], [ -70.817893, -28.638132962744386 ], [ -70.817485, -28.637642962743794 ], [ -70.817506, -28.637134962743147 ], [ -70.817978, -28.636908962742815 ], [ -70.818129, -28.63619296274204 ], [ -70.818043, -28.635364962741001 ] ] ] } },
{ "type": "Feature", "properties": { "fid": 2166, "ISO3_CODE": "CHL", "COUNTRY_NAME": "Chile", "AREA": 0.01969150871582236 }, "geometry": { "type": "Polygon", "coordinates": [ [ [ -70.804428, -28.627896962731818 ], [ -70.80402, -28.626954962730665 ], [ -70.803763, -28.62625796272982 ], [ -70.803505, -28.626257962729824 ], [ -70.803205, -28.626257962729824 ], [ -70.802872, -28.626352962729946 ], [ -70.802851, -28.626653962730288 ], [ -70.803022, -28.627152962730925 ], [ -70.803301, -28.627689962731541 ], [ -70.803816, -28.628207962732226 ], [ -70.804428, -28.627896962731818 ] ] ] } },
{ "type": "Feature", "properties": { "fid": 2167, "ISO3_CODE": "CHL", "COUNTRY_NAME": "Chile", "AREA": 0.042253392619673161 }, "geometry": { "type": "Polygon", "coordinates": [ [ [ -70.804535, -28.624120962727158 ], [ -70.803913, -28.624110962727144 ], [ -70.803591, -28.624082962727126 ], [ -70.803173, -28.624252962727333 ], [ -70.802797, -28.624336962727465 ], [ -70.802529, -28.624534962727722 ], [ -70.803151, -28.625645962729052 ], [ -70.802218, -28.625900962729339 ], [ -70.802035, -28.626050962729554 ], [ -70.801982, -28.626220962729821 ], [ -70.802228, -28.62625796272982 ], [ -70.804299, -28.625589962728942 ], [ -70.804567, -28.627086962730747 ], [ -70.804836, -28.627048962730775 ], [ -70.804707, -28.625570962728982 ], [ -70.805318, -28.625278962728604 ], [ -70.805297, -28.624948962728176 ], [ -70.80461, -28.625193962728474 ], [ -70.804535, -28.624120962727158 ] ] ] } },
{ "type": "Feature", "properties": { "fid": 2168, "ISO3_CODE": "CHL", "COUNTRY_NAME": "Chile", "AREA": 0.48213122514217716 }, "geometry": { "type": "Polygon", "coordinates": [ [ [ -70.833557, -28.313958962352601 ], [ -70.832312, -28.314165962352902 ], [ -70.830553, -28.313674962352334 ], [ -70.829222, -28.313939962352634 ], [ -70.827656, -28.315223962354153 ], [ -70.827034, -28.316054962355199 ], [ -70.827956, -28.316602962355816 ], [ -70.8289, -28.317452962356821 ], [ -70.829136, -28.318926962358596 ], [ -70.830295, -28.32066496236067 ], [ -70.831238999999897, -28.32230796236265 ], [ -70.832505, -28.323799962364419 ], [ -70.833321, -28.325442962366292 ], [ -70.834029, -28.326557962367641 ], [ -70.834758, -28.326292962367368 ], [ -70.834866, -28.325329962366251 ], [ -70.834243, -28.322628962362987 ], [ -70.833921, -28.320475962360373 ], [ -70.832806, -28.319058962358678 ], [ -70.831797, -28.318359962357867 ], [ -70.831754, -28.317471962356876 ], [ -70.832462, -28.316319962355433 ], [ -70.834715, -28.316017962355108 ], [ -70.835488, -28.314902962353724 ], [ -70.833557, -28.313958962352601 ] ] ] } },
{ "type": "Feature", "properties": { "fid": 2169, "ISO3_CODE": "CHL", "COUNTRY_NAME": "Chile", "AREA": 21.052676515042094 }, "geometry": { "type": "Polygon", "coordinates": [ [ [ -70.834265, -28.289265987441098 ], [ -70.818729, -28.27497998743543 ], [ -70.796928, -28.269839987433379 ], [ -70.777359, -28.286997987440227 ], [ -70.772295, -28.299316987445042 ], [ -70.778818, -28.307025987448121 ], [ -70.80637, -28.313070987450512 ], [ -70.81727, -28.316017987451694 ], [ -70.823536, -28.310274987449432 ], [ -70.835381, -28.299090987444988 ], [ -70.834265, -28.289265987441098 ] ] ] } },
{ "type": "Feature", "properties": { "fid": 2171, "ISO3_CODE": "CHL", "COUNTRY_NAME": "Chile", "AREA": 3.0473399177607816 }, "geometry": { "type": "Polygon", "coordinates": [ [ [ -69.571609, -28.184082962198804 ], [ -69.570322, -28.180980962195093 ], [ -69.567833, -28.179921962193863 ], [ -69.565001, -28.17734896219083 ], [ -69.561138, -28.176819962190258 ], [ -69.559851, -28.174473962187449 ], [ -69.560623, -28.170993962183399 ], [ -69.557619, -28.167815962179606 ], [ -69.554701, -28.168345962180243 ], [ -69.552469, -28.171976962184527 ], [ -69.549294, -28.177046962190495 ], [ -69.548864, -28.183098962197644 ], [ -69.54998, -28.187335962202638 ], [ -69.554615, -28.188924962204435 ], [ -69.560108, -28.188016962203374 ], [ -69.567404, -28.18620096220128 ], [ -69.571609, -28.184082962198804 ] ] ] } },
{ "type": "Feature", "properties": { "fid": 2173, "ISO3_CODE": "CHL", "COUNTRY_NAME": "Chile", "AREA": 3.9291430556018501 }, "geometry": { "type": "Polygon", "coordinates": [ [ [ -69.568434, -28.193462962209864 ], [ -69.566116, -28.1913449622073 ], [ -69.563971, -28.190739962206603 ], [ -69.562683, -28.192252962208407 ], [ -69.560366, -28.192782962209062 ], [ -69.556503, -28.192479962208679 ], [ -69.552298, -28.192479962208665 ], [ -69.549294, -28.193689962210033 ], [ -69.548521, -28.196488962213415 ], [ -69.547577, -28.200346962217917 ], [ -69.54792, -28.203599962221816 ], [ -69.548178, -28.206927962225713 ], [ -69.548693, -28.210557962229956 ], [ -69.551783, -28.212600962232404 ], [ -69.555473, -28.211994962231675 ], [ -69.558649, -28.210331962229755 ], [ -69.563026, -28.207683962226657 ], [ -69.56646, -28.205263962223707 ], [ -69.569979, -28.202691962220708 ], [ -69.571266, -28.199590962217044 ], [ -69.57015, -28.19716996221414 ], [ -69.568434, -28.193462962209864 ] ] ] } },
{ "type": "Feature", "properties": { "fid": 2174, "ISO3_CODE": "CHL", "COUNTRY_NAME": "Chile", "AREA": 0.096485677905642428 }, "geometry": { "type": "Polygon", "coordinates": [ [ [ -70.773754, -28.597766962694976 ], [ -70.773411, -28.59814396269541 ], [ -70.77296, -28.600686962698497 ], [ -70.773261, -28.601459962699522 ], [ -70.773668, -28.601685962699737 ], [ -70.773861, -28.601477962699516 ], [ -70.774505, -28.601006962698914 ], [ -70.774891, -28.60053596269838 ], [ -70.775321, -28.600159962697884 ], [ -70.775793, -28.599612962697275 ], [ -70.776415, -28.59919896269674 ], [ -70.776501, -28.598859962696363 ], [ -70.776265, -28.598237962695571 ], [ -70.775707, -28.597747962694967 ], [ -70.774527, -28.597672962694897 ], [ -70.773754, -28.597766962694976 ] ] ] } },
{ "type": "Feature", "properties": { "fid": 2175, "ISO3_CODE": "CHL", "COUNTRY_NAME": "Chile", "AREA": 0.26115614733200521 }, "geometry": { "type": "Polygon", "coordinates": [ [ [ -70.773336, -28.596023962692847 ], [ -70.770804, -28.596607962693543 ], [ -70.770825, -28.596410962693337 ], [ -70.770031, -28.596523962693425 ], [ -70.770139, -28.59793696269525 ], [ -70.76986, -28.598115962695385 ], [ -70.769334, -28.598256962695572 ], [ -70.768518, -28.598425962695785 ], [ -70.767843, -28.598397962695746 ], [ -70.767231, -28.598331962695646 ], [ -70.766995, -28.598312962695683 ], [ -70.766609, -28.598293962695639 ], [ -70.76633, -28.598284962695583 ], [ -70.766276, -28.598633962696056 ], [ -70.766158, -28.598906962696436 ], [ -70.765965, -28.599028962696519 ], [ -70.765707, -28.599009962696442 ], [ -70.765482, -28.599009962696439 ], [ -70.766019, -28.599989962697723 ], [ -70.767134, -28.601553962699619 ], [ -70.767853, -28.600931962698908 ], [ -70.769441, -28.600422962698165 ], [ -70.770128, -28.600196962697936 ], [ -70.770664, -28.600441962698248 ], [ -70.771072, -28.601195962699176 ], [ -70.77178, -28.601892962700074 ], [ -70.772338, -28.601948962700117 ], [ -70.773325, -28.597163962694243 ], [ -70.773336, -28.596023962692847 ] ] ] } },
{ "type": "Feature", "properties": { "fid": 2179, "ISO3_CODE": "CHL", "COUNTRY_NAME": "Chile", "AREA": 0.80055325326400251 }, "geometry": { "type": "Polygon", "coordinates": [ [ [ -70.250573, -27.572617961499184 ], [ -70.249096599999987, -27.572461861499054 ], [ -70.248556, -27.571419961497782 ], [ -70.247183, -27.570068961496357 ], [ -70.246603, -27.568737961494904 ], [ -70.246797, -27.568109961494212 ], [ -70.247548, -27.567158961493099 ], [ -70.247827, -27.566473961492356 ], [ -70.247676, -27.564172961489806 ], [ -70.246947, -27.562421961487864 ], [ -70.245165999999898, -27.561927961487381 ], [ -70.244029, -27.561375961486796 ], [ -70.242655, -27.560995961486295 ], [ -70.241497, -27.560025961485266 ], [ -70.240188, -27.559321961484407 ], [ -70.239651, -27.559834961485059 ], [ -70.239351, -27.561090961486428 ], [ -70.239115, -27.562669961488226 ], [ -70.23963, -27.563296961488835 ], [ -70.239565, -27.563886961489526 ], [ -70.239995, -27.564685961490316 ], [ -70.241153, -27.565902961491698 ], [ -70.241561, -27.566892961492879 ], [ -70.245123, -27.568585961494698 ], [ -70.247569, -27.57218096149867 ], [ -70.247585199999975, -27.572302061498853 ], [ -70.240681, -27.571571961498019 ], [ -70.241346, -27.573245961499833 ], [ -70.244973, -27.573226961499827 ], [ -70.245166, -27.574082961500839 ], [ -70.25023, -27.575109961501973 ], [ -70.250573, -27.572617961499184 ] ] ] } },
{ "type": "Feature", "properties": { "fid": 2184, "ISO3_CODE": "CHL", "COUNTRY_NAME": "Chile", "AREA": 0.23225258397060072 }, "geometry": { "type": "Polygon", "coordinates": [ [ [ -70.236862, -27.571856961498369 ], [ -70.236712, -27.571704961498227 ], [ -70.236154, -27.57147696149794 ], [ -70.229566, -27.57086796149726 ], [ -70.229158, -27.57124796149769 ], [ -70.228493, -27.572275961498775 ], [ -70.228879, -27.573016961499643 ], [ -70.229845, -27.573549961500255 ], [ -70.230682, -27.573625961500319 ], [ -70.232377, -27.573777961500539 ], [ -70.234051, -27.573853961500628 ], [ -70.235124, -27.573929961500653 ], [ -70.236025, -27.573891961500635 ], [ -70.236926, -27.573834961500609 ], [ -70.237527, -27.573188961499792 ], [ -70.23757, -27.572541961499105 ], [ -70.236862, -27.571856961498369 ] ] ] } },
{ "type": "Feature", "properties": { "fid": 2185, "ISO3_CODE": "CHL", "COUNTRY_NAME": "Chile", "AREA": 10.161872858239651 }, "geometry": { "type": "Polygon", "coordinates": [ [ [ -69.556503, -28.155859962165621 ], [ -69.553499, -28.154043962163435 ], [ -69.552212, -28.15389196216325 ], [ -69.549465, -28.154194962163647 ], [ -69.547405, -28.154043962163438 ], [ -69.545345, -28.153059962162285 ], [ -69.543114, -28.151848962160901 ], [ -69.540281, -28.150637962159475 ], [ -69.535217, -28.153286962162564 ], [ -69.534273, -28.154800962164295 ], [ -69.537363, -28.155783962165451 ], [ -69.540625, -28.15737296216739 ], [ -69.543285, -28.15888696216917 ], [ -69.542685, -28.16070296217131 ], [ -69.540281, -28.159416962169836 ], [ -69.537277, -28.158508962168703 ], [ -69.533672, -28.159870962170299 ], [ -69.531183, -28.163426962174455 ], [ -69.529982, -28.166453962177997 ], [ -69.529724, -28.165545962176992 ], [ -69.529381, -28.161686962172421 ], [ -69.527321, -28.158054962168137 ], [ -69.524574, -28.156010962165741 ], [ -69.521828, -28.156162962165919 ], [ -69.520712, -28.158054962168137 ], [ -69.520798, -28.160853962171455 ], [ -69.521141, -28.1628969621738 ], [ -69.521656, -28.165999962177519 ], [ -69.521313, -28.169404962181531 ], [ -69.522085, -28.17197696218453 ], [ -69.522171, -28.174927962187951 ], [ -69.522686, -28.177727962191387 ], [ -69.523716, -28.179542962193501 ], [ -69.525089, -28.181358962195567 ], [ -69.52569, -28.183325962197948 ], [ -69.528522, -28.185444962200318 ], [ -69.529982, -28.18514196220001 ], [ -69.531612, -28.183250962197803 ], [ -69.532557, -28.184309962199048 ], [ -69.533157, -28.18756296220284 ], [ -69.533072, -28.188999962204583 ], [ -69.532986, -28.191193962207176 ], [ -69.533501, -28.192857962209139 ], [ -69.536505, -28.192933962209235 ], [ -69.538736, -28.191949962208074 ], [ -69.542685, -28.190134962205928 ], [ -69.544315, -28.188167962203593 ], [ -69.545002, -28.18604996220105 ], [ -69.54551699999989, -28.183023962197542 ], [ -69.547148, -28.18075396219491 ], [ -69.549551, -28.174776962187813 ], [ -69.551096, -28.171598962184085 ], [ -69.552898, -28.1687239621807 ], [ -69.554529, -28.166983962178698 ], [ -69.556417, -28.164334962175573 ], [ -69.558306, -28.161686962172421 ], [ -69.557962, -28.15828196216836 ], [ -69.556503, -28.155859962165621 ] ] ] } },
{ "type": "Feature", "properties": { "fid": 2186, "ISO3_CODE": "CHL", "COUNTRY_NAME": "Chile", "AREA": 0.1249816945741782 }, "geometry": { "type": "Polygon", "coordinates": [ [ [ -69.60283, -28.146134962154161 ], [ -69.602058, -28.145813962153778 ], [ -69.601693, -28.146267962154358 ], [ -69.6012, -28.146626962154699 ], [ -69.600363, -28.146286962154324 ], [ -69.59914, -28.145624962153569 ], [ -69.598303, -28.145491962153386 ], [ -69.597359, -28.145851962153849 ], [ -69.596694, -28.146267962154365 ], [ -69.595834999999866, -28.146267962154372 ], [ -69.59532, -28.146324962154328 ], [ -69.594698, -28.146626962154699 ], [ -69.59429, -28.147137962155355 ], [ -69.593883, -28.147724962156033 ], [ -69.594419, -28.148026962156397 ], [ -69.595256, -28.148083962156427 ], [ -69.595921, -28.147553962155836 ], [ -69.596736, -28.147251962155508 ], [ -69.597723, -28.147005962155145 ], [ -69.598689, -28.146721962154874 ], [ -69.599354, -28.146853962155017 ], [ -69.600363, -28.147364962155542 ], [ -69.600985, -28.147837962156103 ], [ -69.601607, -28.148083962156424 ], [ -69.601929, -28.148310962156689 ], [ -69.602337, -28.14823596215658 ], [ -69.602444, -28.147781962156078 ], [ -69.602444, -28.147289962155483 ], [ -69.602551, -28.146910962155054 ], [ -69.602787, -28.146362962154452 ], [ -69.60283, -28.146134962154161 ] ] ] } },
{ "type": "Feature", "properties": { "fid": 2187, "ISO3_CODE": "CHL", "COUNTRY_NAME": "Chile", "AREA": 7.3727216422300561 }, "geometry": { "type": "Polygon", "coordinates": [ [ [ -69.631863, -28.133306962139098 ], [ -69.632463, -28.128613962133649 ], [ -69.627829, -28.12573696213024 ], [ -69.625425, -28.12278496212673 ], [ -69.621391, -28.121270962125074 ], [ -69.617271, -28.123314962127399 ], [ -69.614267, -28.125434962129887 ], [ -69.613409, -28.130430962135758 ], [ -69.610405, -28.133533962139303 ], [ -69.610577, -28.137090962143567 ], [ -69.614267, -28.140723962147874 ], [ -69.614868, -28.143902962151554 ], [ -69.614611, -28.146248962154271 ], [ -69.616241, -28.147232962155428 ], [ -69.619417, -28.147232962155442 ], [ -69.623709, -28.147156962155364 ], [ -69.626455, -28.147686962155959 ], [ -69.630833, -28.148670962157144 ], [ -69.634781, -28.14957896215817 ], [ -69.635897, -28.150562962159363 ], [ -69.639759, -28.149351962157951 ], [ -69.642763, -28.145491962153386 ], [ -69.646282, -28.144129962151816 ], [ -69.6486, -28.146172962154168 ], [ -69.653748999999891, -28.14571896215357 ], [ -69.653835, -28.14231396214965 ], [ -69.653492, -28.137620962144194 ], [ -69.65169, -28.135501962141699 ], [ -69.64757, -28.13837796214499 ], [ -69.645853, -28.138982962145747 ], [ -69.64448, -28.137544962144091 ], [ -69.641476, -28.136560962142962 ], [ -69.637785, -28.136106962142406 ], [ -69.634438, -28.135198962141331 ], [ -69.632378, -28.133911962139781 ], [ -69.631863, -28.133306962139098 ] ] ] } },
{ "type": "Feature", "properties": { "fid": 2188, "ISO3_CODE": "CHL", "COUNTRY_NAME": "Chile", "AREA": 0.051992945564545687 }, "geometry": { "type": "Polygon", "coordinates": [ [ [ -69.535003, -28.148537962156947 ], [ -69.534123, -28.148291962156716 ], [ -69.533243, -28.148518962156999 ], [ -69.532535, -28.149370962157878 ], [ -69.533522, -28.149786962158473 ], [ -69.535668, -28.150183962158895 ], [ -69.536805, -28.149218962157796 ], [ -69.535003, -28.148537962156947 ] ] ] } },
{ "type": "Feature", "properties": { "fid": 2193, "ISO3_CODE": "CHL", "COUNTRY_NAME": "Chile", "AREA": 0.61055916298017698 }, "geometry": { "type": "Polygon", "coordinates": [ [ [ -70.262268, -27.469187961385074 ], [ -70.261822, -27.469272961385123 ], [ -70.261463, -27.469386961385315 ], [ -70.261318, -27.469401961385298 ], [ -70.261189, -27.469386961385315 ], [ -70.261018, -27.469382961385215 ], [ -70.260916, -27.469463961385372 ], [ -70.260776, -27.469696961385601 ], [ -70.260508, -27.469910961385885 ], [ -70.260159, -27.470062961386041 ], [ -70.259918, -27.470210961386233 ], [ -70.259623, -27.470462961386467 ], [ -70.259242, -27.470648961386711 ], [ -70.259076, -27.470629961386646 ], [ -70.258899, -27.470971961386994 ], [ -70.259033, -27.471171961387224 ], [ -70.259038, -27.471381961387515 ], [ -70.258904, -27.471562961387615 ], [ -70.258802, -27.471714961387857 ], [ -70.258625, -27.47199096138808 ], [ -70.25855, -27.472166961388346 ], [ -70.258282, -27.472342961388538 ], [ -70.257971, -27.472561961388795 ], [ -70.25767, -27.472680961388924 ], [ -70.257606, -27.473013961389263 ], [ -70.257638, -27.473194961389474 ], [ -70.258051, -27.473332961389659 ], [ -70.258507, -27.473432961389705 ], [ -70.259086, -27.473584961389896 ], [ -70.259564, -27.47368496139002 ], [ -70.259296, -27.47406596139043 ], [ -70.259081, -27.474208961390559 ], [ -70.258716, -27.474484961390878 ], [ -70.258179999999882, -27.474712961391123 ], [ -70.257622, -27.475179961391625 ], [ -70.256978, -27.475579961392096 ], [ -70.256935, -27.476045961392597 ], [ -70.25715, -27.476378961392921 ], [ -70.257311, -27.47672196139332 ], [ -70.257944, -27.47706396139365 ], [ -70.257633, -27.477625961394317 ], [ -70.257204, -27.478672961395475 ], [ -70.256474, -27.479700961396635 ], [ -70.255916, -27.480366961397333 ], [ -70.255594, -27.481033961398104 ], [ -70.255659, -27.481775961398881 ], [ -70.256796, -27.482289961399488 ], [ -70.257654, -27.482080961399209 ], [ -70.258427, -27.481642961398716 ], [ -70.259328, -27.481014961398081 ], [ -70.260401, -27.480252961397163 ], [ -70.261195, -27.479700961396631 ], [ -70.26171, -27.479395961396293 ], [ -70.261796, -27.478805961395611 ], [ -70.261924, -27.478310961395017 ], [ -70.262053, -27.477796961394507 ], [ -70.262311, -27.476864961393542 ], [ -70.262718, -27.476121961392622 ], [ -70.262976, -27.475531961392051 ], [ -70.263147, -27.474941961391366 ], [ -70.263062, -27.474084961390414 ], [ -70.262675, -27.473094961389339 ], [ -70.262332, -27.472409961388596 ], [ -70.262461, -27.471657961387788 ], [ -70.262654, -27.471419961387546 ], [ -70.263319, -27.471390961387456 ], [ -70.26348, -27.47045796138644 ], [ -70.263619, -27.470210961386218 ], [ -70.263721, -27.470138961386048 ], [ -70.2637, -27.469172961385027 ], [ -70.263603, -27.468672961384463 ], [ -70.262879, -27.469015961384891 ], [ -70.262718, -27.469048961384861 ], [ -70.262268, -27.469187961385074 ] ] ] } },
{ "type": "Feature", "properties": { "fid": 2194, "ISO3_CODE": "CHL", "COUNTRY_NAME": "Chile", "AREA": 1.2317389104091925 }, "geometry": { "type": "Polygon", "coordinates": [ [ [ -70.316824, -27.428089961340032 ], [ -70.31765, -27.427594961339505 ], [ -70.318079, -27.427061961338964 ], [ -70.319302, -27.42659496133842 ], [ -70.319753, -27.42661396133845 ], [ -70.320632, -27.426594961338438 ], [ -70.321287, -27.426346961338133 ], [ -70.321791, -27.426603961338401 ], [ -70.322467, -27.426975961338815 ], [ -70.322896, -27.426622961338445 ], [ -70.322778, -27.425984961337729 ], [ -70.323025, -27.425270961336963 ], [ -70.3234, -27.424918961336612 ], [ -70.324087, -27.424889961336564 ], [ -70.324484, -27.424680961336328 ], [ -70.324591, -27.424175961335798 ], [ -70.324259, -27.423489961335068 ], [ -70.323604, -27.4230899613346 ], [ -70.322531, -27.422775961334303 ], [ -70.321459, -27.422223961333678 ], [ -70.320654, -27.421956961333336 ], [ -70.320235, -27.421413961332718 ], [ -70.319442, -27.420385961331629 ], [ -70.319216, -27.419747961330938 ], [ -70.320493, -27.41894796133008 ], [ -70.321072, -27.418299961329406 ], [ -70.321362, -27.416937961327893 ], [ -70.320547, -27.416328961327164 ], [ -70.31824, -27.41557596132645 ], [ -70.316931, -27.415880961326671 ], [ -70.316867, -27.416452961327362 ], [ -70.316437, -27.418242961329298 ], [ -70.316105, -27.418766961329855 ], [ -70.315708, -27.417890961328947 ], [ -70.315579, -27.416004961326834 ], [ -70.315601, -27.413766961324416 ], [ -70.314871, -27.413651961324295 ], [ -70.31324, -27.413404961323955 ], [ -70.312006, -27.41370996132434 ], [ -70.311534, -27.414137961324826 ], [ -70.311073, -27.414966961325757 ], [ -70.31117, -27.416213961327117 ], [ -70.311052, -27.417518961328518 ], [ -70.310655, -27.418204961329277 ], [ -70.310386, -27.418832961329908 ], [ -70.31058, -27.419547961330743 ], [ -70.311717, -27.420556961331847 ], [ -70.312436, -27.421242961332606 ], [ -70.312843, -27.422261961333717 ], [ -70.313734, -27.424299961335958 ], [ -70.314184, -27.425556961337271 ], [ -70.314614, -27.426603961338397 ], [ -70.315182, -27.427984961339916 ], [ -70.315493, -27.428365961340337 ], [ -70.315922, -27.428565961340613 ], [ -70.316341, -27.428498961340523 ], [ -70.316824, -27.428089961340032 ] ] ] } },
{ "type": "Feature", "properties": { "fid": 2195, "ISO3_CODE": "CHL", "COUNTRY_NAME": "Chile", "AREA": 0.28322920624785869 }, "geometry": { "type": "Polygon", "coordinates": [ [ [ -70.316706, -27.433945961346488 ], [ -70.317199, -27.432898961345305 ], [ -70.316684, -27.431679961344052 ], [ -70.315697, -27.43041396134258 ], [ -70.314817, -27.429470961341586 ], [ -70.31442, -27.429641961341744 ], [ -70.313637, -27.429984961342115 ], [ -70.313562, -27.429736961341831 ], [ -70.313669, -27.42933696134147 ], [ -70.313627, -27.428603961340656 ], [ -70.313423, -27.428127961340099 ], [ -70.3128, -27.427965961339918 ], [ -70.312028, -27.427994961339955 ], [ -70.31177, -27.428232961340189 ], [ -70.311953, -27.429413961341506 ], [ -70.312468, -27.43001396134213 ], [ -70.313004, -27.430441961342559 ], [ -70.312393, -27.430936961343143 ], [ -70.311631, -27.431470961343749 ], [ -70.311234, -27.432088961344469 ], [ -70.311502, -27.432736961345093 ], [ -70.312586, -27.433793961346279 ], [ -70.314002, -27.435697961348364 ], [ -70.315331999999898, -27.435393961348009 ], [ -70.316706, -27.433945961346488 ] ] ] } },
{ "type": "Feature", "properties": { "fid": 2196, "ISO3_CODE": "CHL", "COUNTRY_NAME": "Chile", "AREA": 1.689410893257983 }, "geometry": { "type": "Polygon", "coordinates": [ [ [ -70.33458, -27.4505139613645 ], [ -70.329108, -27.446400961360133 ], [ -70.325738999999899, -27.444724961358268 ], [ -70.323057, -27.442782961356087 ], [ -70.322349, -27.442306961355627 ], [ -70.318894, -27.44485796135838 ], [ -70.317628, -27.445848961359438 ], [ -70.317199, -27.446190961359783 ], [ -70.316598, -27.446990961360687 ], [ -70.316125999999869, -27.44761996136139 ], [ -70.315504, -27.44820996136205 ], [ -70.315182, -27.448913961362841 ], [ -70.31471, -27.449180961363151 ], [ -70.314045, -27.448552961362445 ], [ -70.313637, -27.448666961362566 ], [ -70.313251, -27.449009961362943 ], [ -70.312757, -27.449808961363757 ], [ -70.312371, -27.450418961364463 ], [ -70.312028, -27.450856961364934 ], [ -70.311792, -27.451731961365905 ], [ -70.311577, -27.452398961366605 ], [ -70.311363, -27.452893961367213 ], [ -70.311384, -27.453502961367846 ], [ -70.312006, -27.453731961368149 ], [ -70.3125, -27.453598961367938 ], [ -70.312779, -27.453122961367438 ], [ -70.313294, -27.452550961366786 ], [ -70.313981, -27.45224696136648 ], [ -70.315011, -27.451922961366137 ], [ -70.316277, -27.451617961365823 ], [ -70.317371, -27.451789961366021 ], [ -70.31835799999989, -27.452360961366601 ], [ -70.318723, -27.452893961367206 ], [ -70.31956, -27.453160961367466 ], [ -70.320396, -27.453217961367567 ], [ -70.321426, -27.45302696136735 ], [ -70.321727, -27.452988961367296 ], [ -70.322987, -27.453157961367435 ], [ -70.32383, -27.453426961367807 ], [ -70.324473, -27.4535419613679 ], [ -70.324988, -27.453293961367656 ], [ -70.326211, -27.453179961367471 ], [ -70.326834, -27.453179961367503 ], [ -70.327821, -27.453274961367672 ], [ -70.329409, -27.453217961367525 ], [ -70.331653, -27.453215961367512 ], [ -70.332477, -27.453464961367747 ], [ -70.333142, -27.453769961368177 ], [ -70.334215, -27.454226961368651 ], [ -70.335009, -27.454283961368709 ], [ -70.335909999999899, -27.453388961367747 ], [ -70.335803, -27.452417961366677 ], [ -70.33458, -27.4505139613645 ] ] ] } },
{ "type": "Feature", "properties": { "fid": 2197, "ISO3_CODE": "CHL", "COUNTRY_NAME": "Chile", "AREA": 1.7138623224605265 }, "geometry": { "type": "Polygon", "coordinates": [ [ [ -70.224996, -27.446724961360491 ], [ -70.223815, -27.446438961360155 ], [ -70.223064, -27.445886961359527 ], [ -70.222421, -27.445372961358945 ], [ -70.22197, -27.44457296135807 ], [ -70.221863, -27.444058961357516 ], [ -70.22167, -27.443543961356902 ], [ -70.221283, -27.443144961356538 ], [ -70.220575, -27.443353961356777 ], [ -70.220189, -27.443696961357105 ], [ -70.219953, -27.44390596135738 ], [ -70.219374, -27.443753961357157 ], [ -70.218859, -27.443543961356902 ], [ -70.218, -27.443429961356863 ], [ -70.217528, -27.443391961356809 ], [ -70.216928, -27.443429961356852 ], [ -70.216477, -27.4439629613574 ], [ -70.216198, -27.4443249613578 ], [ -70.216005, -27.444838961358364 ], [ -70.215747, -27.445333961358976 ], [ -70.215576, -27.446152961359775 ], [ -70.215704, -27.446762961360477 ], [ -70.215383, -27.447142961360889 ], [ -70.214932, -27.447371961361167 ], [ -70.215104, -27.447866961361647 ], [ -70.215039, -27.448247961362107 ], [ -70.214674, -27.448456961362297 ], [ -70.214524, -27.448894961362857 ], [ -70.214481, -27.449199961363185 ], [ -70.214481, -27.449504961363456 ], [ -70.214567, -27.450151961364128 ], [ -70.214889, -27.450932961365023 ], [ -70.214717, -27.451503961365681 ], [ -70.214159, -27.451922961366137 ], [ -70.213645, -27.4522659613665 ], [ -70.213064999999872, -27.453007961367259 ], [ -70.213945, -27.454283961368706 ], [ -70.215061, -27.455121961369635 ], [ -70.215318, -27.456016961370636 ], [ -70.215468, -27.456835961371503 ], [ -70.216842, -27.457539961372252 ], [ -70.217764, -27.458548961373378 ], [ -70.218666, -27.459481961374426 ], [ -70.219588, -27.459881961374865 ], [ -70.220983, -27.459957961374965 ], [ -70.222142, -27.459900961374881 ], [ -70.223408, -27.459843961374844 ], [ -70.223708, -27.459614961374495 ], [ -70.223987, -27.459081961373954 ], [ -70.22403, -27.45826396137306 ], [ -70.224395, -27.457444961372179 ], [ -70.22491, -27.456873961371567 ], [ -70.22521, -27.456073961370681 ], [ -70.225489, -27.455349961369858 ], [ -70.22579, -27.454550961368987 ], [ -70.226026, -27.453731961368153 ], [ -70.226305, -27.452950961367289 ], [ -70.226498, -27.452303961366553 ], [ -70.226669, -27.451903961366131 ], [ -70.226884, -27.451484961365711 ], [ -70.226691, -27.451065961365231 ], [ -70.226326, -27.450265961364316 ], [ -70.226154, -27.449637961363685 ], [ -70.226047, -27.449161961363124 ], [ -70.225682, -27.448247961362117 ], [ -70.225489, -27.447352961361133 ], [ -70.225403, -27.446952961360683 ], [ -70.224996, -27.446724961360491 ] ] ] } },
{ "type": "Feature", "properties": { "fid": 2198, "ISO3_CODE": "CHL", "COUNTRY_NAME": "Chile", "AREA": 3.3463154474416021 }, "geometry": { "type": "Polygon", "coordinates": [ [ [ -70.263255, -27.487924961405664 ], [ -70.261753, -27.487543961405233 ], [ -70.260701, -27.487600961405274 ], [ -70.259886, -27.487505961405134 ], [ -70.259135, -27.487771961405453 ], [ -70.258834, -27.488304961406115 ], [ -70.258276, -27.488342961406072 ], [ -70.257933, -27.48788696140555 ], [ -70.257267999999897, -27.487657961405315 ], [ -70.256753, -27.487638961405359 ], [ -70.256002, -27.487905961405612 ], [ -70.255122, -27.48798196140568 ], [ -70.254157, -27.488361961406117 ], [ -70.253384, -27.488609961406411 ], [ -70.252311, -27.488799961406627 ], [ -70.251281, -27.488951961406794 ], [ -70.250809, -27.489180961406976 ], [ -70.250509, -27.489370961407207 ], [ -70.250251, -27.489998961407931 ], [ -70.250015, -27.490455961408379 ], [ -70.249286, -27.490760961408796 ], [ -70.248556, -27.491331961409408 ], [ -70.248127, -27.491883961409936 ], [ -70.247784, -27.492663961410837 ], [ -70.247269, -27.493444961411704 ], [ -70.246518, -27.494586961412953 ], [ -70.246196, -27.495899961414381 ], [ -70.246153, -27.497155961415793 ], [ -70.24611, -27.498354961417103 ], [ -70.246067, -27.499078961417876 ], [ -70.246475, -27.499934961418838 ], [ -70.247462, -27.500505961419503 ], [ -70.248363, -27.500962961420015 ], [ -70.249414, -27.501457961420563 ], [ -70.249972, -27.501609961420645 ], [ -70.250251, -27.502389961421621 ], [ -70.250509, -27.503627961422929 ], [ -70.25111, -27.504654961424009 ], [ -70.251839, -27.505473961424936 ], [ -70.252333, -27.506158961425722 ], [ -70.253105, -27.507357961427008 ], [ -70.253856, -27.508328961428091 ], [ -70.254328, -27.508841961428718 ], [ -70.254843, -27.509660961429589 ], [ -70.255165, -27.510288961430263 ], [ -70.255423, -27.511049961431073 ], [ -70.255616, -27.511658961431831 ], [ -70.255873, -27.512039961432169 ], [ -70.256453, -27.512248961432388 ], [ -70.257697, -27.51232496143253 ], [ -70.259092, -27.51190596143206 ], [ -70.25995, -27.51186796143201 ], [ -70.260572, -27.511753961431911 ], [ -70.261087, -27.511087961431205 ], [ -70.261409, -27.510840961430855 ], [ -70.261753, -27.510783961430782 ], [ -70.262096, -27.510288961430259 ], [ -70.262096, -27.509793961429725 ], [ -70.262096, -27.509241961429144 ], [ -70.26186, -27.508670961428461 ], [ -70.261774, -27.508289961428051 ], [ -70.261774, -27.507757961427433 ], [ -70.26171, -27.507300961426992 ], [ -70.262525, -27.507071961426746 ], [ -70.263233, -27.506995961426625 ], [ -70.263705, -27.506862961426471 ], [ -70.26407, -27.506558961426204 ], [ -70.264049, -27.506101961425646 ], [ -70.263362, -27.505891961425409 ], [ -70.262911, -27.505644961425151 ], [ -70.26274, -27.505492961425006 ], [ -70.262976, -27.505168961424697 ], [ -70.26304, -27.504940961424374 ], [ -70.262804, -27.504635961424057 ], [ -70.262439, -27.504521961423894 ], [ -70.262074, -27.504331961423738 ], [ -70.261967, -27.504102961423442 ], [ -70.262246, -27.503817961423167 ], [ -70.262804, -27.503684961422994 ], [ -70.263169, -27.503398961422661 ], [ -70.263405, -27.50297996142222 ], [ -70.26392, -27.50240896142153 ], [ -70.264134, -27.502028961421146 ], [ -70.264564, -27.501590961420661 ], [ -70.2648, -27.501267961420325 ], [ -70.265164, -27.500829961419839 ], [ -70.265014, -27.500372961419313 ], [ -70.264843, -27.5001449614191 ], [ -70.26437, -27.499858961418695 ], [ -70.264156, -27.499877961418786 ], [ -70.264006, -27.499782961418695 ], [ -70.263577, -27.500048961418948 ], [ -70.263233, -27.500296961419259 ], [ -70.262589, -27.500429961419432 ], [ -70.26216, -27.500448961419409 ], [ -70.261774, -27.50008696141904 ], [ -70.26171, -27.499649961418562 ], [ -70.261774, -27.499230961418082 ], [ -70.261667, -27.498697961417463 ], [ -70.261474, -27.498221961416995 ], [ -70.261602, -27.497098961415681 ], [ -70.261774, -27.496546961415138 ], [ -70.261924, -27.496166961414776 ], [ -70.261924, -27.495728961414233 ], [ -70.262032, -27.495328961413815 ], [ -70.261881, -27.494833961413232 ], [ -70.262053, -27.494433961412753 ], [ -70.262547, -27.493977961412309 ], [ -70.262718, -27.493196961411442 ], [ -70.262911, -27.492245961410351 ], [ -70.263147, -27.491578961409665 ], [ -70.263276, -27.491160961409204 ], [ -70.263383, -27.490741961408801 ], [ -70.263855, -27.489922961407824 ], [ -70.264006, -27.48923796140712 ], [ -70.263941, -27.488590961406317 ], [ -70.263255, -27.487924961405664 ] ] ] } },
{ "type": "Feature", "properties": { "fid": 2199, "ISO3_CODE": "CHL", "COUNTRY_NAME": "Chile", "AREA": 1.730126733274499 }, "geometry": { "type": "Polygon", "coordinates": [ [ [ -70.287395, -27.476521961393072 ], [ -70.28688, -27.476825961393395 ], [ -70.28645, -27.477397961394068 ], [ -70.286107, -27.478577961395356 ], [ -70.285292, -27.478958961395737 ], [ -70.284562, -27.480062961396985 ], [ -70.28379, -27.480709961397746 ], [ -70.28276, -27.481585961398643 ], [ -70.281343, -27.481280961398323 ], [ -70.280271, -27.48070996139775 ], [ -70.280399, -27.479719961396583 ], [ -70.280142, -27.479186961396017 ], [ -70.280013, -27.478463961395278 ], [ -70.279326, -27.477739961394505 ], [ -70.278554, -27.477739961394505 ], [ -70.277996, -27.478805961395615 ], [ -70.277181, -27.478920961395737 ], [ -70.276666, -27.479148961396021 ], [ -70.275722, -27.479529961396405 ], [ -70.275164, -27.480519961397476 ], [ -70.274348, -27.480937961397942 ], [ -70.274949, -27.481470961398546 ], [ -70.275593, -27.482194961399351 ], [ -70.27585, -27.483222961400479 ], [ -70.27585, -27.483869961401172 ], [ -70.276794, -27.483793961401119 ], [ -70.277481, -27.483831961401098 ], [ -70.278168, -27.484326961401695 ], [ -70.278811, -27.48466996140208 ], [ -70.279713, -27.485087961402478 ], [ -70.280013, -27.485544961403043 ], [ -70.280485, -27.486458961404054 ], [ -70.281429, -27.486686961404327 ], [ -70.282631, -27.486344961403898 ], [ -70.283532, -27.485544961403047 ], [ -70.284991, -27.485240961402681 ], [ -70.286536, -27.485202961402653 ], [ -70.287867, -27.485354961402852 ], [ -70.289755, -27.486039961403609 ], [ -70.290785, -27.487105961404723 ], [ -70.291686, -27.488361961406124 ], [ -70.29233, -27.48923796140711 ], [ -70.292974, -27.489808961407736 ], [ -70.294304, -27.490303961408255 ], [ -70.295634, -27.490455961408379 ], [ -70.296106, -27.489504961407402 ], [ -70.296021, -27.488361961406074 ], [ -70.295162, -27.487524961405185 ], [ -70.295205, -27.486648961404224 ], [ -70.296664, -27.485544961403043 ], [ -70.297179, -27.484783961402222 ], [ -70.296363999999897, -27.48432696140171 ], [ -70.294132, -27.484174961401504 ], [ -70.293617, -27.483717961400966 ], [ -70.294132, -27.483069961400329 ], [ -70.294304, -27.482575961399789 ], [ -70.294604, -27.481851961398952 ], [ -70.29542, -27.481204961398198 ], [ -70.296063, -27.480176961397127 ], [ -70.296493, -27.478615961395384 ], [ -70.295849, -27.478044961394801 ], [ -70.295162, -27.477968961394666 ], [ -70.294476, -27.477511961394182 ], [ -70.293703, -27.476902961393527 ], [ -70.292115, -27.47697896139363 ], [ -70.291214, -27.477815961394494 ], [ -70.290442, -27.477587961394306 ], [ -70.289282999999898, -27.477016961393616 ], [ -70.288424, -27.476559961393189 ], [ -70.287395, -27.476521961393072 ] ] ] } },
{ "type": "Feature", "properties": { "fid": 2200, "ISO3_CODE": "CHL", "COUNTRY_NAME": "Chile", "AREA": 1.4135869175953268 }, "geometry": { "type": "Polygon", "coordinates": [ [ [ -70.386486, -27.170035961062155 ], [ -70.385563, -27.169787961061839 ], [ -70.38492, -27.169863961061942 ], [ -70.384126, -27.170035961062155 ], [ -70.382838, -27.169997961062023 ], [ -70.38183, -27.169252961061304 ], [ -70.38095, -27.169291961061344 ], [ -70.380242, -27.169806961061891 ], [ -70.379384, -27.170302961062497 ], [ -70.376809, -27.169271961061344 ], [ -70.375414, -27.168603961060619 ], [ -70.374706, -27.168241961060282 ], [ -70.37374, -27.167630961059601 ], [ -70.372667, -27.167458961059435 ], [ -70.371766, -27.16785996105984 ], [ -70.371187, -27.16848996106043 ], [ -70.370994, -27.169042961061034 ], [ -70.371122, -27.169691961061815 ], [ -70.371251, -27.170340961062397 ], [ -70.371444, -27.171008961063212 ], [ -70.371594, -27.171810961063983 ], [ -70.371916, -27.172459961064693 ], [ -70.37256, -27.173089961065397 ], [ -70.373247, -27.173299961065585 ], [ -70.374298, -27.173433961065776 ], [ -70.374877, -27.173662961065961 ], [ -70.374942, -27.174197961066536 ], [ -70.375907, -27.174960961067399 ], [ -70.377045, -27.175208961067618 ], [ -70.378397, -27.175647961068066 ], [ -70.378504, -27.176678961069172 ], [ -70.379148, -27.17811096107064 ], [ -70.380156, -27.179809961072557 ], [ -70.38168, -27.18032496107309 ], [ -70.383031, -27.180190961072849 ], [ -70.382409, -27.178301961070876 ], [ -70.387344, -27.177843961070423 ], [ -70.389662, -27.177575961070186 ], [ -70.389855, -27.176812961069324 ], [ -70.389576, -27.175743961068218 ], [ -70.388739, -27.173261961065595 ], [ -70.386486, -27.170035961062155 ] ] ] } },
{ "type": "Feature", "properties": { "fid": 2201, "ISO3_CODE": "CHL", "COUNTRY_NAME": "Chile", "AREA": 4.1441930647666751 }, "geometry": { "type": "Polygon", "coordinates": [ [ [ -70.373354, -27.131868961021695 ], [ -70.373611, -27.126597961016159 ], [ -70.373010999999892, -27.124076961013472 ], [ -70.370951, -27.12216696101142 ], [ -70.368805, -27.119187961008375 ], [ -70.366745, -27.117506961006576 ], [ -70.365887, -27.115596961004503 ], [ -70.365801, -27.112693961001433 ], [ -70.363398, -27.111242960999885 ], [ -70.36005, -27.112999961001819 ], [ -70.358849, -27.114603961003457 ], [ -70.354815, -27.117812961006852 ], [ -70.353699, -27.120180961009378 ], [ -70.353956, -27.122548961011891 ], [ -70.352325, -27.124534961013993 ], [ -70.351124, -27.126903961016449 ], [ -70.348635, -27.128354961018029 ], [ -70.345631, -27.129882961019572 ], [ -70.346832, -27.132173961022097 ], [ -70.348635, -27.133090961023015 ], [ -70.350437, -27.132708961022622 ], [ -70.352411, -27.131333961021113 ], [ -70.353613, -27.131486961021309 ], [ -70.356789, -27.132937961022833 ], [ -70.360651, -27.134541961024603 ], [ -70.364943, -27.135534961025535 ], [ -70.373354, -27.131868961021695 ] ] ] } },
{ "type": "Feature", "properties": { "fid": 2202, "ISO3_CODE": "CHL", "COUNTRY_NAME": "Chile", "AREA": 0.16792998690340108 }, "geometry": { "type": "Polygon", "coordinates": [ [ [ -70.335395, -27.123732961013136 ], [ -70.331833, -27.122434961011781 ], [ -70.330997, -27.12317896101251 ], [ -70.330417, -27.124133961013534 ], [ -70.331511, -27.125126961014551 ], [ -70.333099, -27.125929961015459 ], [ -70.33458, -27.126692961016285 ], [ -70.336254, -27.127189961016779 ], [ -70.336232, -27.126425961015908 ], [ -70.336232, -27.125604961015121 ], [ -70.335975, -27.125069961014603 ], [ -70.335653, -27.124305961013732 ], [ -70.335395, -27.123732961013136 ] ] ] } },
{ "type": "Feature", "properties": { "fid": 2203, "ISO3_CODE": "CHL", "COUNTRY_NAME": "Chile", "AREA": 0.45908803196912629 }, "geometry": { "type": "Polygon", "coordinates": [ [ [ -70.33546, -27.025794960910346 ], [ -70.334172, -27.025832960910389 ], [ -70.333357, -27.026826960911379 ], [ -70.332713, -27.027400960911969 ], [ -70.331469, -27.027323960911918 ], [ -70.33061, -27.027247960911854 ], [ -70.329752, -27.027935960912576 ], [ -70.329108, -27.029082960913719 ], [ -70.328722, -27.030190960914894 ], [ -70.328722, -27.031031960915769 ], [ -70.329752, -27.032293960917116 ], [ -70.330825, -27.033325960918162 ], [ -70.331511, -27.034013960918859 ], [ -70.33267, -27.034357960919287 ], [ -70.333657, -27.033516960918394 ], [ -70.334258, -27.032331960917045 ], [ -70.334902, -27.030917960915666 ], [ -70.335631, -27.029884960914611 ], [ -70.336189, -27.029120960913804 ], [ -70.336661, -27.028126960912768 ], [ -70.336703999999898, -27.027170960911715 ], [ -70.336447, -27.026367960910893 ], [ -70.33546, -27.025794960910346 ] ] ] } },
{ "type": "Feature", "properties": { "fid": 2208, "ISO3_CODE": "CHL", "COUNTRY_NAME": "Chile", "AREA": 0.66477105538924597 }, "geometry": { "type": "Polygon", "coordinates": [ [ [ -70.330846, -27.063176960949413 ], [ -70.329945, -27.064169960950466 ], [ -70.328851, -27.065087960951377 ], [ -70.328014, -27.065316960951645 ], [ -70.326705, -27.066099960952478 ], [ -70.326705, -27.067972960954481 ], [ -70.327112999999898, -27.069520960956098 ], [ -70.327027, -27.071239960957858 ], [ -70.3281, -27.072386960958994 ], [ -70.328465, -27.073398960960155 ], [ -70.329194, -27.07397196096078 ], [ -70.33031, -27.073666960960388 ], [ -70.331168, -27.072596960959295 ], [ -70.331919, -27.071793960958434 ], [ -70.332477, -27.071029960957592 ], [ -70.332992, -27.070532960957081 ], [ -70.333507, -27.07127796095789 ], [ -70.333529, -27.072023960958692 ], [ -70.334494, -27.072080960958804 ], [ -70.334709, -27.071067960957677 ], [ -70.33428, -27.070150960956699 ], [ -70.334237, -27.069634960956165 ], [ -70.33473, -27.069309960955845 ], [ -70.335245, -27.069042960955549 ], [ -70.335739, -27.068660960955143 ], [ -70.336576, -27.067628960954103 ], [ -70.336854, -27.066921960953316 ], [ -70.336211, -27.066692960953102 ], [ -70.33531, -27.067036960953466 ], [ -70.334644, -27.067074960953462 ], [ -70.333979, -27.066921960953302 ], [ -70.333593, -27.066443960952888 ], [ -70.332756, -27.065889960952283 ], [ -70.33222, -27.065469960951848 ], [ -70.332048, -27.064341960950603 ], [ -70.33252, -27.063558960949724 ], [ -70.33252, -27.063099960949309 ], [ -70.331941, -27.062870960949155 ], [ -70.331469, -27.063004960949218 ], [ -70.330846, -27.063176960949413 ] ] ] } },
{ "type": "Feature", "properties": { "fid": 2209, "ISO3_CODE": "CHL", "COUNTRY_NAME": "Chile", "AREA": 8.6413708010428962 }, "geometry": { "type": "Polygon", "coordinates": [ [ [ -70.328808, -27.094356960982218 ], [ -70.328336, -27.094814960982621 ], [ -70.327649, -27.09485396098265 ], [ -70.327091, -27.095120960983017 ], [ -70.326061, -27.095999960983885 ], [ -70.325933, -27.096801960984738 ], [ -70.325804, -27.097451960985463 ], [ -70.325589, -27.098329960986316 ], [ -70.325588999999894, -27.09955296098763 ], [ -70.325503, -27.100545960988725 ], [ -70.32546, -27.101347960989468 ], [ -70.325203, -27.102455960990632 ], [ -70.325203, -27.10329696099161 ], [ -70.324516, -27.104251960992553 ], [ -70.323744, -27.104136960992466 ], [ -70.322456, -27.103983960992295 ], [ -70.321512, -27.104174960992427 ], [ -70.320997, -27.104518960992831 ], [ -70.320525, -27.10486296099327 ], [ -70.320182, -27.105206960993517 ], [ -70.32001, -27.105817960994226 ], [ -70.320783, -27.106276960994695 ], [ -70.32104, -27.106925960995408 ], [ -70.320697, -27.109370960997968 ], [ -70.320354, -27.110707960999356 ], [ -70.319924, -27.11147196100022 ], [ -70.318594, -27.112158961000905 ], [ -70.317435, -27.111967961000701 ], [ -70.317049, -27.112502961001237 ], [ -70.318079, -27.114183961003096 ], [ -70.318336, -27.115062961003961 ], [ -70.31868, -27.116590961005556 ], [ -70.32001, -27.117430961006459 ], [ -70.321898, -27.117888961006976 ], [ -70.32443, -27.118767961007894 ], [ -70.327735, -27.119454961008625 ], [ -70.329838, -27.12044796100967 ], [ -70.331554, -27.121441961010692 ], [ -70.333872, -27.12216696101147 ], [ -70.336275, -27.122892961012202 ], [ -70.338292, -27.12369496101309 ], [ -70.340481, -27.12438296101384 ], [ -70.342498, -27.124840961014304 ], [ -70.343871, -27.124611961014015 ], [ -70.344043, -27.123350961012701 ], [ -70.343571, -27.121517961010731 ], [ -70.343614, -27.119645961008775 ], [ -70.343614, -27.118690961007751 ], [ -70.342283, -27.117468961006505 ], [ -70.34061, -27.116322961005306 ], [ -70.338893, -27.114794961003739 ], [ -70.337949, -27.113075961001829 ], [ -70.339279, -27.11231196100109 ], [ -70.339794, -27.111127960999827 ], [ -70.340695, -27.110478960999149 ], [ -70.342283, -27.111165960999877 ], [ -70.343699, -27.111624961000402 ], [ -70.346017, -27.111203960999894 ], [ -70.347047, -27.110630960999245 ], [ -70.348077, -27.109752960998378 ], [ -70.348549, -27.10841596099695 ], [ -70.348549, -27.106925960995394 ], [ -70.348935, -27.105473960993816 ], [ -70.349278, -27.104022960992339 ], [ -70.350566, -27.104098960992438 ], [ -70.351639, -27.103067960991353 ], [ -70.351896, -27.101882960990068 ], [ -70.351381, -27.100965960989114 ], [ -70.350394, -27.10046996098864 ], [ -70.349622, -27.09901796098703 ], [ -70.350266, -27.098635960986627 ], [ -70.351338, -27.098100960986113 ], [ -70.350909, -27.09634396098426 ], [ -70.350823, -27.095540960983474 ], [ -70.350952, -27.094509960982258 ], [ -70.350652, -27.093210960980944 ], [ -70.349622, -27.092064960979751 ], [ -70.348678, -27.090612960978213 ], [ -70.347819, -27.089886960977488 ], [ -70.348248, -27.088778960976271 ], [ -70.347905, -27.087441960974939 ], [ -70.347658, -27.086361960973786 ], [ -70.347809, -27.085129960972431 ], [ -70.348259, -27.08452796097184 ], [ -70.34842, -27.083935960971175 ], [ -70.348216, -27.083390960970611 ], [ -70.348045, -27.082789960969954 ], [ -70.346897, -27.082703960969877 ], [ -70.345781, -27.083113960970365 ], [ -70.344815, -27.083572960970809 ], [ -70.34386, -27.084155960971412 ], [ -70.343184, -27.088510960976006 ], [ -70.341725, -27.088587960976042 ], [ -70.340309, -27.088510960976009 ], [ -70.338849999999894, -27.088625960976088 ], [ -70.337992, -27.090230960977781 ], [ -70.337005, -27.091261960978901 ], [ -70.335975, -27.090803960978427 ], [ -70.334258, -27.090344960977973 ], [ -70.3334, -27.090191960977769 ], [ -70.332584, -27.089809960977359 ], [ -70.331039, -27.089236960976777 ], [ -70.330267, -27.090000960977516 ], [ -70.330095, -27.091491960979155 ], [ -70.32958, -27.092216960979918 ], [ -70.329323, -27.093324960981054 ], [ -70.328808, -27.094356960982218 ] ] ] } },
{ "type": "Feature", "properties": { "fid": 2210, "ISO3_CODE": "CHL", "COUNTRY_NAME": "Chile", "AREA": 0.1048425996938087 }, "geometry": { "type": "Polygon", "coordinates": [ [ [ -70.330138, -27.06082596094695 ], [ -70.329773, -27.060902960947068 ], [ -70.329473, -27.061074960947227 ], [ -70.329173, -27.061275960947441 ], [ -70.328894, -27.061599960947813 ], [ -70.328668, -27.062077960948276 ], [ -70.328475, -27.06233596094857 ], [ -70.328196, -27.062459960948676 ], [ -70.327885, -27.062803960948994 ], [ -70.327799, -27.063128960949353 ], [ -70.327649, -27.063482960949688 ], [ -70.327756, -27.063720960949986 ], [ -70.327499, -27.06391196095014 ], [ -70.327274, -27.064446960950761 ], [ -70.327134, -27.06482996095113 ], [ -70.327188, -27.065106960951411 ], [ -70.327488, -27.065239960951629 ], [ -70.327746, -27.06523996095164 ], [ -70.328057, -27.064934960951302 ], [ -70.328218, -27.064599960950858 ], [ -70.328497, -27.064265960950522 ], [ -70.32899, -27.063950960950258 ], [ -70.329527, -27.063730960949961 ], [ -70.330052, -27.063443960949758 ], [ -70.330471, -27.063176960949402 ], [ -70.330620999999894, -27.062946960949148 ], [ -70.330889, -27.06266096094885 ], [ -70.331136, -27.062364960948521 ], [ -70.331469, -27.062001960948162 ], [ -70.331812, -27.061790960948009 ], [ -70.331951, -27.061552960947704 ], [ -70.332026, -27.061055960947233 ], [ -70.331855, -27.060864960947008 ], [ -70.331565, -27.060787960946893 ], [ -70.331007, -27.060701960946858 ], [ -70.330138, -27.06082596094695 ] ] ] } },
{ "type": "Feature", "properties": { "fid": 2213, "ISO3_CODE": "CHL", "COUNTRY_NAME": "Chile", "AREA": 0.038164161227561534 }, "geometry": { "type": "Polygon", "coordinates": [ [ [ -69.33888, -26.868429960747662 ], [ -69.335403, -26.866515960745701 ], [ -69.334846, -26.86710896074635 ], [ -69.335318, -26.867414960746643 ], [ -69.336026, -26.867835960747104 ], [ -69.337206, -26.868524960747777 ], [ -69.337807, -26.868831960748036 ], [ -69.338386, -26.869156960748423 ], [ -69.33888, -26.868429960747662 ] ] ] } },
{ "type": "Feature", "properties": { "fid": 2214, "ISO3_CODE": "CHL", "COUNTRY_NAME": "Chile", "AREA": 0.1609629453101605 }, "geometry": { "type": "Polygon", "coordinates": [ [ [ -69.332271, -26.864849960743975 ], [ -69.331884, -26.864371960743526 ], [ -69.331477, -26.864084960743167 ], [ -69.330812, -26.8638359607429 ], [ -69.330232, -26.863777960742929 ], [ -69.329717, -26.863873960742986 ], [ -69.329095, -26.863911960743064 ], [ -69.329417, -26.863662960742815 ], [ -69.32976, -26.863280960742422 ], [ -69.329889, -26.862801960741891 ], [ -69.329288, -26.862744960741825 ], [ -69.328794, -26.863088960742157 ], [ -69.328902, -26.862648960741708 ], [ -69.329052, -26.862380960741415 ], [ -69.328644, -26.861844960740893 ], [ -69.328108, -26.861576960740674 ], [ -69.327657, -26.861576960740667 ], [ -69.326906, -26.861059960740171 ], [ -69.326112, -26.861040960740109 ], [ -69.325726, -26.861404960740476 ], [ -69.325275, -26.86109796074015 ], [ -69.324546, -26.860829960739871 ], [ -69.323902, -26.860542960739561 ], [ -69.32358, -26.860849960739877 ], [ -69.323773, -26.861270960740345 ], [ -69.32446, -26.861595960740647 ], [ -69.325125, -26.862246960741363 ], [ -69.325962, -26.862801960741852 ], [ -69.326992, -26.863146960742274 ], [ -69.327807, -26.863739960742876 ], [ -69.328151, -26.864218960743273 ], [ -69.328558, -26.864600960743704 ], [ -69.329138, -26.864830960743966 ], [ -69.329739, -26.865290960744421 ], [ -69.330575, -26.865749960744857 ], [ -69.331477, -26.865883960745045 ], [ -69.331841, -26.865787960744949 ], [ -69.332142, -26.865328960744399 ], [ -69.332271, -26.864849960743975 ] ] ] } },
{ "type": "Feature", "properties": { "fid": 2215, "ISO3_CODE": "CHL", "COUNTRY_NAME": "Chile", "AREA": 0.013959200168882961 }, "geometry": { "type": "Polygon", "coordinates": [ [ [ -69.331439, -26.866792960745986 ], [ -69.330318, -26.866294960745467 ], [ -69.32976, -26.866878960746018 ], [ -69.331048, -26.867453960746641 ], [ -69.331219, -26.867362960746469 ], [ -69.331391, -26.867261960746458 ], [ -69.331525, -26.867204960746381 ], [ -69.331675, -26.86721396074643 ], [ -69.331836, -26.867089960746267 ], [ -69.331917, -26.866883960746094 ], [ -69.331766, -26.866768960745997 ], [ -69.331595, -26.866749960745963 ], [ -69.331439, -26.866792960745986 ] ] ] } },
{ "type": "Feature", "properties": { "fid": 2217, "ISO3_CODE": "CHL", "COUNTRY_NAME": "Chile", "AREA": 13.005635673695719 }, "geometry": { "type": "Polygon", "coordinates": [ [ [ -69.262158, -26.783391960661081 ], [ -69.261632, -26.783716960661362 ], [ -69.261117, -26.784138960661782 ], [ -69.260645, -26.78503896066276 ], [ -69.260452, -26.785708960663367 ], [ -69.26028, -26.786302960663999 ], [ -69.260087, -26.786819960664591 ], [ -69.259958, -26.787279960665003 ], [ -69.260173, -26.788141960665882 ], [ -69.260581, -26.788773960666511 ], [ -69.26013, -26.789214960666904 ], [ -69.259958, -26.789903960667626 ], [ -69.260548, -26.790947960668749 ], [ -69.260763, -26.791273960669024 ], [ -69.261053, -26.791598960669397 ], [ -69.261031, -26.79230796067009 ], [ -69.260806, -26.792738960670547 ], [ -69.260859, -26.792949960670803 ], [ -69.260999, -26.793265960671079 ], [ -69.260956, -26.79339996067117 ], [ -69.260752, -26.793543960671386 ], [ -69.260237, -26.793696960671507 ], [ -69.259561, -26.793868960671631 ], [ -69.259164, -26.793916960671762 ], [ -69.258767, -26.794041960671855 ], [ -69.258574, -26.794261960672088 ], [ -69.258242, -26.794462960672288 ], [ -69.257984, -26.794768960672634 ], [ -69.257705, -26.795247960673052 ], [ -69.25763, -26.795803960673659 ], [ -69.257598, -26.796157960673984 ], [ -69.257544, -26.796588960674409 ], [ -69.257512, -26.796933960674799 ], [ -69.257491, -26.797440960675313 ], [ -69.257566, -26.797823960675686 ], [ -69.257984, -26.798446960676301 ], [ -69.258413, -26.799135960676956 ], [ -69.259357, -26.799748960677658 ], [ -69.260044, -26.800285960678167 ], [ -69.260645, -26.800859960678761 ], [ -69.261117, -26.801587960679505 ], [ -69.261417, -26.80277496068074 ], [ -69.26146, -26.803770960681703 ], [ -69.261374, -26.804843960682767 ], [ -69.260387, -26.807064960685143 ], [ -69.259787, -26.807639960685623 ], [ -69.258842, -26.808137960686171 ], [ -69.258027, -26.80863596068669 ], [ -69.256954, -26.809094960687062 ], [ -69.256225, -26.809822960687892 ], [ -69.255109, -26.810856960688966 ], [ -69.254808, -26.811661960689801 ], [ -69.254808, -26.812695960690768 ], [ -69.255195, -26.813691960691727 ], [ -69.255452, -26.814495960692632 ], [ -69.255452, -26.815376960693513 ], [ -69.25528, -26.816142960694329 ], [ -69.255452, -26.817368960695525 ], [ -69.254036, -26.820125960698338 ], [ -69.253821, -26.821312960699522 ], [ -69.253778, -26.822576960700808 ], [ -69.25528, -26.824529960702868 ], [ -69.256568, -26.825295960703659 ], [ -69.257641, -26.826214960704508 ], [ -69.259486, -26.826482960704844 ], [ -69.259872, -26.827363960705718 ], [ -69.259915, -26.828206960706574 ], [ -69.260302, -26.830082960708491 ], [ -69.261117, -26.831116960709501 ], [ -69.261675, -26.832112960710553 ], [ -69.261889, -26.83314696071168 ], [ -69.262791, -26.834333960712826 ], [ -69.263864, -26.834601960713112 ], [ -69.265451, -26.83498496071352 ], [ -69.265752, -26.836056960714533 ], [ -69.265065, -26.838162960716705 ], [ -69.266524, -26.838737960717285 ], [ -69.269056, -26.839503960718101 ], [ -69.271417, -26.840422960719074 ], [ -69.274893, -26.840843960719486 ], [ -69.277511, -26.840805960719518 ], [ -69.279699, -26.840575960719178 ], [ -69.283004, -26.841226960719876 ], [ -69.284635, -26.841915960720552 ], [ -69.286094, -26.840881960719532 ], [ -69.285191999999896, -26.839924960718538 ], [ -69.284205, -26.839541960718179 ], [ -69.284935, -26.838239960716773 ], [ -69.285793, -26.836669960715213 ], [ -69.286437, -26.835099960713606 ], [ -69.286866, -26.833376960711842 ], [ -69.28678, -26.831538960710049 ], [ -69.286308, -26.829776960708116 ], [ -69.285879, -26.828589960706942 ], [ -69.285622, -26.827057960705428 ], [ -69.284849, -26.825487960703832 ], [ -69.283991, -26.824070960702375 ], [ -69.281888, -26.82165796069993 ], [ -69.280558, -26.821772960700027 ], [ -69.280257, -26.822500960700779 ], [ -69.280128, -26.823342960701641 ], [ -69.279656, -26.824185960702476 ], [ -69.279269999999897, -26.824491960702829 ], [ -69.278026, -26.824070960702358 ], [ -69.278884, -26.823266960701549 ], [ -69.27824, -26.822117960700357 ], [ -69.277017, -26.820834960699077 ], [ -69.276738, -26.82006896069829 ], [ -69.277768, -26.818785960696992 ], [ -69.277811, -26.817923960696039 ], [ -69.277661, -26.817138960695281 ], [ -69.277146, -26.81637296069448 ], [ -69.276459, -26.815874960694053 ], [ -69.275622, -26.815548960693743 ], [ -69.274807, -26.814955960693084 ], [ -69.273949, -26.814572960692693 ], [ -69.273026, -26.813748960691893 ], [ -69.272597, -26.813059960691199 ], [ -69.272897, -26.812542960690706 ], [ -69.273198, -26.812197960690305 ], [ -69.273219, -26.811584960689686 ], [ -69.273283, -26.811067960689144 ], [ -69.273455, -26.810818960688888 ], [ -69.27382, -26.811105960689133 ], [ -69.274013, -26.811469960689514 ], [ -69.274399, -26.811929960690026 ], [ -69.274786, -26.812484960690593 ], [ -69.274957, -26.812848960690996 ], [ -69.275301, -26.813078960691207 ], [ -69.275687, -26.813346960691479 ], [ -69.276052, -26.813863960691954 ], [ -69.276803, -26.814169960692308 ], [ -69.277554, -26.814342960692514 ], [ -69.278712, -26.814514960692623 ], [ -69.281073, -26.814284960692401 ], [ -69.281137, -26.813748960691896 ], [ -69.281673, -26.814074960692135 ], [ -69.282489, -26.814495960692625 ], [ -69.282939, -26.815089960693243 ], [ -69.283433, -26.815146960693333 ], [ -69.283755, -26.81514696069334 ], [ -69.283862, -26.81484096069298 ], [ -69.283841, -26.814380960692564 ], [ -69.283819, -26.813786960691921 ], [ -69.283819, -26.813423960691544 ], [ -69.283218, -26.813097960691199 ], [ -69.282339, -26.812695960690782 ], [ -69.281545, -26.812274960690374 ], [ -69.281523, -26.811450960689527 ], [ -69.281051, -26.811450960689569 ], [ -69.280257, -26.811756960689888 ], [ -69.279485, -26.811814960689816 ], [ -69.278841, -26.811316960689354 ], [ -69.278798, -26.810895960688914 ], [ -69.279077, -26.810301960688388 ], [ -69.279077, -26.809841960687869 ], [ -69.279292, -26.808922960686981 ], [ -69.279699, -26.808022960686053 ], [ -69.28, -26.807639960685641 ], [ -69.280354, -26.80649996068453 ], [ -69.280128, -26.806078960683969 ], [ -69.279828, -26.805906960683888 ], [ -69.279592, -26.805781960683742 ], [ -69.279281, -26.805647960683604 ], [ -69.279013, -26.805389960683353 ], [ -69.278272, -26.805015960682972 ], [ -69.277586, -26.804603960682559 ], [ -69.277028, -26.804163960682097 ], [ -69.276491, -26.803962960681922 ], [ -69.27633, -26.803560960681519 ], [ -69.276255, -26.803186960681163 ], [ -69.276298, -26.802832960680806 ], [ -69.27647, -26.802468960680365 ], [ -69.276749, -26.802324960680274 ], [ -69.276867, -26.802161960680152 ], [ -69.277017, -26.802229960680169 ], [ -69.2772, -26.802372960680337 ], [ -69.277607, -26.802267960680204 ], [ -69.277983, -26.802449960680381 ], [ -69.278476, -26.802937960680929 ], [ -69.279195, -26.803291960681214 ], [ -69.279935, -26.802794960680778 ], [ -69.280064, -26.802449960680377 ], [ -69.280161, -26.802133960680038 ], [ -69.280161, -26.80162596067952 ], [ -69.280170999999896, -26.801185960679085 ], [ -69.280139, -26.800620960678494 ], [ -69.279914, -26.800179960678157 ], [ -69.279678, -26.799777960677723 ], [ -69.279506, -26.799384960677294 ], [ -69.27927, -26.798982960676835 ], [ -69.279195, -26.798542960676404 ], [ -69.278959, -26.798159960676067 ], [ -69.278702, -26.797747960675608 ], [ -69.278487, -26.797450960675327 ], [ -69.278315, -26.797220960675102 ], [ -69.278208, -26.79696196067481 ], [ -69.278176, -26.796751960674619 ], [ -69.278069, -26.796559960674422 ], [ -69.27794, -26.796368960674247 ], [ -69.277704, -26.796090960673951 ], [ -69.277318, -26.795764960673552 ], [ -69.277049, -26.795487960673285 ], [ -69.276985, -26.795199960673056 ], [ -69.276996, -26.794893960672713 ], [ -69.277146, -26.794673960672473 ], [ -69.27736, -26.794414960672167 ], [ -69.277564, -26.794146960671988 ], [ -69.277747, -26.793868960671617 ], [ -69.27779, -26.793610960671437 ], [ -69.277629, -26.79322796067104 ], [ -69.277092, -26.79292096067066 ], [ -69.276706, -26.792757960670624 ], [ -69.276191, -26.792623960670433 ], [ -69.275773, -26.792499960670312 ], [ -69.275483, -26.792259960670023 ], [ -69.275172, -26.791991960669758 ], [ -69.274882, -26.791397960669212 ], [ -69.274764, -26.790976960668768 ], [ -69.274796, -26.790468960668235 ], [ -69.274882, -26.789999960667785 ], [ -69.274968, -26.789587960667316 ], [ -69.27515, -26.78927196066704 ], [ -69.275258, -26.788917960666652 ], [ -69.275429, -26.788486960666262 ], [ -69.275547, -26.78803696066576 ], [ -69.275515, -26.787375960665067 ], [ -69.275322, -26.786934960664656 ], [ -69.275118, -26.786637960664343 ], [ -69.274904, -26.786331960664064 ], [ -69.274528, -26.786044960663787 ], [ -69.274024, -26.785747960663439 ], [ -69.273595, -26.785728960663491 ], [ -69.273133, -26.785728960663441 ], [ -69.272715, -26.785747960663443 ], [ -69.272575, -26.785900960663646 ], [ -69.27235, -26.785957960663719 ], [ -69.272007, -26.78596796066369 ], [ -69.271631, -26.786063960663746 ], [ -69.271234, -26.786168960663829 ], [ -69.270966, -26.786168960663819 ], [ -69.27073, -26.786168960663819 ], [ -69.270505, -26.786168960663819 ], [ -69.270151, -26.786149960663813 ], [ -69.269764, -26.786149960663813 ], [ -69.269518, -26.786149960663913 ], [ -69.269121, -26.786235960663934 ], [ -69.268756, -26.786245960663926 ], [ -69.268616, -26.786120960663812 ], [ -69.268466, -26.78584296066354 ], [ -69.26823, -26.785488960663173 ], [ -69.268187, -26.785239960662935 ], [ -69.268187, -26.784904960662612 ], [ -69.268187, -26.784502960662177 ], [ -69.268187, -26.784080960661715 ], [ -69.268273, -26.783716960661369 ], [ -69.268488, -26.783209960660859 ], [ -69.268488, -26.782960960660613 ], [ -69.26838, -26.782806960660434 ], [ -69.268359, -26.782490960660144 ], [ -69.268144, -26.782356960660042 ], [ -69.267801, -26.782394960660067 ], [ -69.267479, -26.782394960660056 ], [ -69.267147, -26.782481960660139 ], [ -69.266793, -26.782567960660202 ], [ -69.266256, -26.782605960660291 ], [ -69.265999, -26.782557960660153 ], [ -69.265784, -26.782461960660097 ], [ -69.265623, -26.782366960659978 ], [ -69.265366, -26.782260960659869 ], [ -69.265054, -26.782260960659876 ], [ -69.264786, -26.782337960660044 ], [ -69.264593, -26.782471960660157 ], [ -69.264346, -26.782586960660243 ], [ -69.26425, -26.782682960660313 ], [ -69.264089, -26.782787960660464 ], [ -69.263982, -26.782797960660414 ], [ -69.26381, -26.7827979606604 ], [ -69.263649, -26.782787960660471 ], [ -69.263402, -26.782778960660455 ], [ -69.263241, -26.782778960660448 ], [ -69.262909, -26.782825960660489 ], [ -69.26278, -26.782892960660558 ], [ -69.262544, -26.782950960660614 ], [ -69.262351, -26.783074960660759 ], [ -69.262222, -26.783209960660855 ], [ -69.262158, -26.783391960661081 ] ] ] } },
{ "type": "Feature", "properties": { "fid": 2218, "ISO3_CODE": "CHL", "COUNTRY_NAME": "Chile", "AREA": 0.12925774527227318 }, "geometry": { "type": "Polygon", "coordinates": [ [ [ -70.317607, -26.602504960479951 ], [ -70.316856, -26.601813960479266 ], [ -70.316523, -26.601919960479357 ], [ -70.316051, -26.602178960479637 ], [ -70.315225, -26.602245960479678 ], [ -70.314689, -26.602456960479909 ], [ -70.314517, -26.60276396048015 ], [ -70.314399, -26.603348960480801 ], [ -70.314238, -26.603722960481168 ], [ -70.314206, -26.604077960481511 ], [ -70.314292, -26.604423960481856 ], [ -70.314528, -26.604720960482108 ], [ -70.314571, -26.60498996048247 ], [ -70.314581, -26.605257960482653 ], [ -70.314302, -26.605651960483122 ], [ -70.314152, -26.605977960483361 ], [ -70.314485, -26.606197960483652 ], [ -70.314775, -26.606140960483529 ], [ -70.314989, -26.605948960483364 ], [ -70.315257, -26.605766960483162 ], [ -70.31545, -26.606073960483489 ], [ -70.315708, -26.606255960483708 ], [ -70.315933, -26.606523960483923 ], [ -70.316277, -26.606734960484136 ], [ -70.316437, -26.606571960483997 ], [ -70.316395, -26.606140960483579 ], [ -70.316395, -26.605785960483207 ], [ -70.316309, -26.605401960482869 ], [ -70.316244, -26.605037960482473 ], [ -70.316395, -26.6047309604822 ], [ -70.316588, -26.604634960482063 ], [ -70.316834, -26.604701960482156 ], [ -70.31706, -26.60492196048239 ], [ -70.317478, -26.604854960482296 ], [ -70.317746, -26.604806960482211 ], [ -70.317972, -26.604528960481918 ], [ -70.317929, -26.604106960481602 ], [ -70.31795, -26.603511960480965 ], [ -70.317854, -26.603233960480697 ], [ -70.317628, -26.602821960480227 ], [ -70.317607, -26.602504960479951 ] ] ] } },
{ "type": "Feature", "properties": { "fid": 2219, "ISO3_CODE": "CHL", "COUNTRY_NAME": "Chile", "AREA": 2.6021489792936405 }, "geometry": { "type": "Polygon", "coordinates": [ [ [ -69.240732, -26.765574960642994 ], [ -69.241333, -26.765249960642691 ], [ -69.240861, -26.764827960642293 ], [ -69.240324, -26.7646749606421 ], [ -69.239616, -26.764291960641724 ], [ -69.239252, -26.763888960641353 ], [ -69.239273, -26.763486960640957 ], [ -69.23923, -26.762931960640355 ], [ -69.238973, -26.762337960639748 ], [ -69.238565, -26.76241396063984 ], [ -69.237878, -26.762720960640173 ], [ -69.237492, -26.762988960640417 ], [ -69.23702, -26.763141960640571 ], [ -69.236634, -26.763122960640533 ], [ -69.236162, -26.762969960640412 ], [ -69.235818, -26.762509960639889 ], [ -69.235303, -26.762298960639704 ], [ -69.234896, -26.76214596063955 ], [ -69.234617, -26.761800960639281 ], [ -69.234488, -26.761340960638744 ], [ -69.234402, -26.760746960638148 ], [ -69.234102, -26.760133960637518 ], [ -69.233866, -26.759712960637113 ], [ -69.233565, -26.759424960636824 ], [ -69.233093, -26.759290960636715 ], [ -69.232342, -26.759290960636726 ], [ -69.231484, -26.759788960637191 ], [ -69.23054, -26.760133960637521 ], [ -69.230003, -26.760382960637791 ], [ -69.22951, -26.760555960638008 ], [ -69.228888, -26.760842960638229 ], [ -69.22833, -26.761398960638754 ], [ -69.227729, -26.761915960639332 ], [ -69.227364, -26.76241396063984 ], [ -69.227064, -26.762892960640269 ], [ -69.226677, -26.763601960641072 ], [ -69.226677, -26.76431096064174 ], [ -69.227171, -26.765115960642532 ], [ -69.227643, -26.765804960643255 ], [ -69.227235, -26.766322960643802 ], [ -69.22672, -26.766992960644519 ], [ -69.226227, -26.767912960645447 ], [ -69.226055, -26.768525960646038 ], [ -69.226034, -26.769444960646901 ], [ -69.22612, -26.770977960648548 ], [ -69.225283, -26.771398960648899 ], [ -69.224961, -26.772299960649793 ], [ -69.22436, -26.772950960650487 ], [ -69.223781, -26.77352596065105 ], [ -69.223008, -26.774004960651588 ], [ -69.222493, -26.774464960652015 ], [ -69.222343, -26.775038960652619 ], [ -69.222407, -26.775824960653434 ], [ -69.222472, -26.776379960653966 ], [ -69.222858, -26.777088960654684 ], [ -69.223609, -26.777912960655531 ], [ -69.224145, -26.778506960656141 ], [ -69.225605, -26.778946960656565 ], [ -69.226592, -26.779425960657036 ], [ -69.227879, -26.779751960657386 ], [ -69.228415, -26.7797899606574 ], [ -69.229167, -26.779655960657241 ], [ -69.229982, -26.779693960657283 ], [ -69.23099, -26.780019960657629 ], [ -69.231484, -26.779808960657491 ], [ -69.232106, -26.779100960656766 ], [ -69.232492, -26.778410960656018 ], [ -69.233201, -26.778736960656303 ], [ -69.234338, -26.77911996065675 ], [ -69.23466, -26.77955996065716 ], [ -69.235647, -26.779847960657449 ], [ -69.236398, -26.779847960657449 ], [ -69.237771, -26.780172960657861 ], [ -69.238608, -26.780153960657756 ], [ -69.238822, -26.779329960656927 ], [ -69.238651, -26.7787369606563 ], [ -69.238565, -26.777969960655525 ], [ -69.238544, -26.777567960655141 ], [ -69.238222, -26.776935960654576 ], [ -69.237664, -26.776609960654209 ], [ -69.236891, -26.77599696065365 ], [ -69.236269, -26.775364960652915 ], [ -69.235303, -26.77490496065246 ], [ -69.234595, -26.774885960652458 ], [ -69.234638, -26.773812960651409 ], [ -69.23511, -26.773353960650908 ], [ -69.235582, -26.772778960650331 ], [ -69.235925999999893, -26.772165960649673 ], [ -69.236441, -26.771360960648881 ], [ -69.236784, -26.770785960648279 ], [ -69.237428, -26.77013496064767 ], [ -69.238415, -26.769368960646883 ], [ -69.23923, -26.768946960646389 ], [ -69.240003, -26.768410960645888 ], [ -69.240475, -26.767452960644931 ], [ -69.240861, -26.766302960643767 ], [ -69.240732, -26.765574960642994 ] ] ] } },
{ "type": "Feature", "properties": { "fid": 2220, "ISO3_CODE": "CHL", "COUNTRY_NAME": "Chile", "AREA": 0.023670710779141634 }, "geometry": { "type": "Polygon", "coordinates": [ [ [ -70.391378, -26.503135960382291 ], [ -70.390842, -26.503173960382338 ], [ -70.390445, -26.503500960382606 ], [ -70.390381, -26.503980960383167 ], [ -70.390424, -26.50441296038354 ], [ -70.390424, -26.504949960384092 ], [ -70.390756, -26.505074960384199 ], [ -70.391057, -26.505007960384102 ], [ -70.3917, -26.504556960383709 ], [ -70.391904, -26.504210960383332 ], [ -70.391378, -26.503135960382291 ] ] ] } },
{ "type": "Feature", "properties": { "fid": 2221, "ISO3_CODE": "CHL", "COUNTRY_NAME": "Chile", "AREA": 35.259394152899027 }, "geometry": { "type": "Polygon", "coordinates": [ [ [ -70.342884, -26.529257960407858 ], [ -70.338764, -26.530793960409344 ], [ -70.335674, -26.533557960412008 ], [ -70.333443, -26.532636960411192 ], [ -70.331383, -26.529564960408152 ], [ -70.326061, -26.52372896040244 ], [ -70.32074, -26.521885960400635 ], [ -70.313873, -26.519120960397956 ], [ -70.310783, -26.517891960396707 ], [ -70.30632, -26.514665960393579 ], [ -70.302544, -26.514205960393088 ], [ -70.299969, -26.51543396039424 ], [ -70.29911, -26.519427960398161 ], [ -70.29911, -26.52372896040244 ], [ -70.29911, -26.527721960406303 ], [ -70.298424, -26.530179960408741 ], [ -70.298424, -26.534479960413019 ], [ -70.299282, -26.538011960416362 ], [ -70.300655, -26.541850960420192 ], [ -70.300655, -26.545383960423688 ], [ -70.30014, -26.555057960433121 ], [ -70.299625, -26.560277960438224 ], [ -70.297909, -26.564423960442383 ], [ -70.294819, -26.568722960446607 ], [ -70.293274, -26.5719469604498 ], [ -70.291386, -26.575784960453554 ], [ -70.291557, -26.579315960457006 ], [ -70.290871, -26.584995960462656 ], [ -70.290871, -26.589447960467073 ], [ -70.292931, -26.593131960470661 ], [ -70.297565, -26.596355960473865 ], [ -70.300827, -26.598504960476006 ], [ -70.305634, -26.596048960473556 ], [ -70.314388, -26.595280960472795 ], [ -70.319023, -26.591903960469477 ], [ -70.32383, -26.586838960464473 ], [ -70.32692, -26.582539960460267 ], [ -70.331554, -26.577320960455125 ], [ -70.335503, -26.573021960450834 ], [ -70.339108, -26.568261960446112 ], [ -70.340481, -26.563809960441805 ], [ -70.341682, -26.560277960438217 ], [ -70.347347, -26.555978960434082 ], [ -70.354385, -26.553521960431606 ], [ -70.356274, -26.548607960426832 ], [ -70.355587, -26.542158960420505 ], [ -70.351982, -26.538165960416546 ], [ -70.347347, -26.533557960412008 ], [ -70.342884, -26.529257960407858 ] ] ] } },
{ "type": "Feature", "properties": { "fid": 2227, "ISO3_CODE": "CHL", "COUNTRY_NAME": "Chile", "AREA": 4.196294093725526 }, "geometry": { "type": "Polygon", "coordinates": [ [ [ -69.270945, -27.54214296146543 ], [ -69.270859, -27.547697961471592 ], [ -69.264379, -27.547659961471545 ], [ -69.264078, -27.551045961475257 ], [ -69.263992, -27.553176961477579 ], [ -69.265881, -27.553785961478305 ], [ -69.267683, -27.563677961489326 ], [ -69.268799, -27.566036961491832 ], [ -69.269485, -27.567633961493669 ], [ -69.271116, -27.568775961494893 ], [ -69.276094, -27.568090961494242 ], [ -69.278841, -27.568090961494249 ], [ -69.281588, -27.568090961494249 ], [ -69.283304, -27.566873961492824 ], [ -69.282961, -27.565351961491157 ], [ -69.284592, -27.563981961489635 ], [ -69.286222, -27.563449961489013 ], [ -69.286737, -27.561546961486883 ], [ -69.286394, -27.559644961484754 ], [ -69.285278, -27.557361961482201 ], [ -69.283562, -27.554964961479634 ], [ -69.282875, -27.554812961479417 ], [ -69.282103, -27.554546961479197 ], [ -69.281394, -27.553576961478083 ], [ -69.281073, -27.552663961477066 ], [ -69.279141, -27.54902996147305 ], [ -69.278283, -27.546936961470756 ], [ -69.27839, -27.544120961467563 ], [ -69.277039, -27.544006961467492 ], [ -69.276567, -27.543359961466798 ], [ -69.275998, -27.542522961465803 ], [ -69.275676, -27.542123961465453 ], [ -69.270945, -27.54214296146543 ] ] ] } },
{ "type": "Feature", "properties": { "fid": 2228, "ISO3_CODE": "CHL", "COUNTRY_NAME": "Chile", "AREA": 0.12672577608493435 }, "geometry": { "type": "Polygon", "coordinates": [ [ [ -69.231066, -27.556686961481496 ], [ -69.230626, -27.556191961481026 ], [ -69.230497, -27.555963961480685 ], [ -69.230111, -27.555897961480625 ], [ -69.229671, -27.55614496148096 ], [ -69.229199, -27.556572961481461 ], [ -69.228598, -27.55700096148189 ], [ -69.22833, -27.55742896148233 ], [ -69.228201, -27.557647961482612 ], [ -69.228534, -27.558075961483055 ], [ -69.228823, -27.558313961483339 ], [ -69.228984, -27.558493961483528 ], [ -69.229574, -27.558655961483687 ], [ -69.22981, -27.558921961483961 ], [ -69.230272, -27.559169961484283 ], [ -69.230744, -27.559359961484503 ], [ -69.231226, -27.559378961484505 ], [ -69.231774, -27.559264961484413 ], [ -69.232256, -27.559140961484228 ], [ -69.233029, -27.55895096148398 ], [ -69.233598, -27.558588961483597 ], [ -69.233661999999896, -27.558303961483315 ], [ -69.233608, -27.557894961482873 ], [ -69.233254, -27.557533961482452 ], [ -69.232975, -27.5572579614822 ], [ -69.232696, -27.557095961482027 ], [ -69.231774, -27.556876961481798 ], [ -69.231066, -27.556686961481496 ] ] ] } },
{ "type": "Feature", "properties": { "fid": 2229, "ISO3_CODE": "CHL", "COUNTRY_NAME": "Chile", "AREA": 5.1856713655750797 }, "geometry": { "type": "Polygon", "coordinates": [ [ [ -69.297305, -27.542808961466157 ], [ -69.296865, -27.54267496146602 ], [ -69.296758, -27.542998961466377 ], [ -69.29678, -27.543397961466823 ], [ -69.296887, -27.544025961467494 ], [ -69.297059, -27.544596961468184 ], [ -69.297037, -27.545528961469174 ], [ -69.296629, -27.545719961469409 ], [ -69.296136, -27.545738961469436 ], [ -69.295578, -27.545738961469436 ], [ -69.295063, -27.545814961469443 ], [ -69.294398, -27.545985961469675 ], [ -69.293454, -27.546441961470144 ], [ -69.292188, -27.547050961470873 ], [ -69.291329, -27.547697961471577 ], [ -69.290664, -27.547697961471595 ], [ -69.29045, -27.547450961471363 ], [ -69.290514, -27.546822961470607 ], [ -69.290385, -27.545890961469524 ], [ -69.289763, -27.54526296146889 ], [ -69.288862, -27.545015961468586 ], [ -69.287918, -27.545357961469026 ], [ -69.287059, -27.545395961469072 ], [ -69.284956, -27.544311961467802 ], [ -69.284463, -27.544634961468194 ], [ -69.284699, -27.545110961468652 ], [ -69.283625999999884, -27.544710961468294 ], [ -69.282768, -27.544729961468299 ], [ -69.281802, -27.545072961468666 ], [ -69.280665, -27.545072961468666 ], [ -69.280171, -27.545395961469065 ], [ -69.279377, -27.545909961469558 ], [ -69.278862, -27.546689961470452 ], [ -69.278862, -27.547202961471093 ], [ -69.27912, -27.547849961471737 ], [ -69.279613, -27.54864896147269 ], [ -69.281244, -27.552149961476488 ], [ -69.281609, -27.553347961477787 ], [ -69.282253, -27.554451961478993 ], [ -69.283133, -27.554717961479373 ], [ -69.284871, -27.554184961478782 ], [ -69.285557, -27.553728961478228 ], [ -69.285793, -27.55285396147729 ], [ -69.285879, -27.552187961476573 ], [ -69.286845, -27.552320961476664 ], [ -69.289763, -27.552853961477297 ], [ -69.291329, -27.55325296147771 ], [ -69.292338, -27.553443961477935 ], [ -69.293604, -27.553747961478255 ], [ -69.294848, -27.554165961478731 ], [ -69.296587, -27.554983961479611 ], [ -69.297509, -27.555345961480064 ], [ -69.298368, -27.555649961480423 ], [ -69.298968, -27.556296961481088 ], [ -69.299719, -27.556791961481661 ], [ -69.300599, -27.556753961481604 ], [ -69.301286, -27.556981961481863 ], [ -69.30223, -27.557171961482062 ], [ -69.303668, -27.557133961481973 ], [ -69.30414, -27.557000961481886 ], [ -69.304912, -27.557171961482069 ], [ -69.305427, -27.556962961481879 ], [ -69.306264, -27.557095961482027 ], [ -69.308882, -27.556943961481842 ], [ -69.310062, -27.554717961479369 ], [ -69.311972, -27.55317696147759 ], [ -69.313903, -27.551959961476271 ], [ -69.316778, -27.549714961473899 ], [ -69.319353, -27.547963961471879 ], [ -69.318881, -27.546746961470529 ], [ -69.316542, -27.542218961465551 ], [ -69.316542, -27.539421961462388 ], [ -69.315362, -27.536529961459284 ], [ -69.312572, -27.533884961456295 ], [ -69.308946, -27.534531961457024 ], [ -69.306479, -27.534912961457469 ], [ -69.305502, -27.539421961462388 ], [ -69.305245, -27.539954961463057 ], [ -69.304772999999898, -27.540496961463575 ], [ -69.303882, -27.540667961463868 ], [ -69.303871, -27.541000961464178 ], [ -69.30326, -27.542988961466353 ], [ -69.302927, -27.543369961466801 ], [ -69.302487, -27.543435961466862 ], [ -69.302326, -27.543455961466819 ], [ -69.301897, -27.543768961467215 ], [ -69.301543, -27.543740961467194 ], [ -69.301479, -27.543493961466904 ], [ -69.301254, -27.543245961466614 ], [ -69.300781, -27.543160961466572 ], [ -69.300267, -27.543198961466629 ], [ -69.299741, -27.543226961466669 ], [ -69.299312, -27.543245961466614 ], [ -69.298958, -27.543302961466757 ], [ -69.298528, -27.543359961466788 ], [ -69.298228, -27.543483961466887 ], [ -69.298024, -27.543416961466853 ], [ -69.297938, -27.543207961466628 ], [ -69.297842, -27.543026961466403 ], [ -69.29767, -27.542884961466228 ], [ -69.297305, -27.542808961466157 ] ] ] } },
{ "type": "Feature", "properties": { "fid": 2230, "ISO3_CODE": "CHL", "COUNTRY_NAME": "Chile", "AREA": 0.099778357541918744 }, "geometry": { "type": "Polygon", "coordinates": [ [ [ -69.294248, -27.541305961464506 ], [ -69.293561, -27.540848961464 ], [ -69.292939, -27.540505961463641 ], [ -69.291716, -27.540525961463622 ], [ -69.291458, -27.541171961464308 ], [ -69.290514, -27.541457961464687 ], [ -69.290686, -27.543264961466644 ], [ -69.292102, -27.543512961466948 ], [ -69.294119, -27.54330296146675 ], [ -69.294248, -27.541305961464506 ] ] ] } },
{ "type": "Feature", "properties": { "fid": 2238, "ISO3_CODE": "CHL", "COUNTRY_NAME": "Chile", "AREA": 22.957716425561028 }, "geometry": { "type": "Polygon", "coordinates": [ [ [ -70.276451, -27.514817961435245 ], [ -70.277095, -27.516416961437052 ], [ -70.278168, -27.517519961438317 ], [ -70.278339, -27.518737961439601 ], [ -70.278897, -27.520069961441031 ], [ -70.279799, -27.521135961442152 ], [ -70.280743, -27.522163961443361 ], [ -70.281944, -27.523076961444403 ], [ -70.282974, -27.524218961445655 ], [ -70.283961, -27.52513196144664 ], [ -70.284777, -27.525969961447561 ], [ -70.285592, -27.527262961448965 ], [ -70.287051, -27.529356961451253 ], [ -70.286750999999896, -27.530573961452692 ], [ -70.286579, -27.531715961453937 ], [ -70.287352, -27.532476961454755 ], [ -70.288639, -27.533161961455548 ], [ -70.289755, -27.534417961456882 ], [ -70.289927, -27.535863961458485 ], [ -70.290742, -27.537499961460306 ], [ -70.29027, -27.539136961462113 ], [ -70.290356, -27.540391961463421 ], [ -70.28954, -27.541419961464641 ], [ -70.288253, -27.542028961465306 ], [ -70.289841, -27.542789961466116 ], [ -70.291429, -27.543474961466906 ], [ -70.293102, -27.543474961466906 ], [ -70.294175, -27.543892961467431 ], [ -70.295506, -27.544311961467805 ], [ -70.29705, -27.544311961467805 ], [ -70.298038, -27.543816961467275 ], [ -70.298209, -27.542865961466191 ], [ -70.299368, -27.542484961465799 ], [ -70.299582, -27.541837961465085 ], [ -70.30087, -27.542142961465437 ], [ -70.301814, -27.541837961465088 ], [ -70.303016, -27.541190961464387 ], [ -70.303702, -27.540353961463502 ], [ -70.304689, -27.539288961462209 ], [ -70.304904, -27.53818496146101 ], [ -70.30396, -27.536700961459427 ], [ -70.302973, -27.535711961458318 ], [ -70.301642, -27.53635896145903 ], [ -70.300956, -27.535977961458634 ], [ -70.300956, -27.535064961457614 ], [ -70.301385, -27.534227961456676 ], [ -70.300741, -27.533237961455637 ], [ -70.300226, -27.53224896145452 ], [ -70.301514, -27.531639961453884 ], [ -70.303102, -27.531867961454079 ], [ -70.304904, -27.532362961454631 ], [ -70.305634, -27.533275961455679 ], [ -70.307264, -27.533922961456344 ], [ -70.308723, -27.534417961456889 ], [ -70.310526, -27.534721961457212 ], [ -70.311985, -27.534531961457024 ], [ -70.311899, -27.533275961455672 ], [ -70.311728, -27.53240096145467 ], [ -70.312328, -27.531791961453987 ], [ -70.313787, -27.531411961453585 ], [ -70.315118, -27.531144961453275 ], [ -70.317349, -27.531411961453578 ], [ -70.317478, -27.530307961452362 ], [ -70.316663, -27.529508961451473 ], [ -70.31486, -27.528899961450819 ], [ -70.31383, -27.528899961450833 ], [ -70.313659, -27.527453961449222 ], [ -70.31559, -27.526844961448536 ], [ -70.318594, -27.526844961448539 ], [ -70.32207, -27.526844961448539 ], [ -70.324645, -27.526730961448425 ], [ -70.32795, -27.5267689614485 ], [ -70.330911, -27.527795961449513 ], [ -70.333443, -27.527871961449691 ], [ -70.334001, -27.526349961447909 ], [ -70.334601, -27.524827961446281 ], [ -70.336704, -27.524484961445896 ], [ -70.339279, -27.524332961445765 ], [ -70.33958, -27.524028961445403 ], [ -70.336361, -27.522810961444119 ], [ -70.337906, -27.521972961443158 ], [ -70.341082, -27.519499961440445 ], [ -70.342026, -27.518052961438801 ], [ -70.338035, -27.520069961441031 ], [ -70.335417, -27.51869996143953 ], [ -70.335031, -27.517329961438016 ], [ -70.336447, -27.516758961437425 ], [ -70.335975, -27.515464961435921 ], [ -70.336232, -27.513789961434146 ], [ -70.338078, -27.513028961433342 ], [ -70.341167, -27.511696961431792 ], [ -70.346832, -27.510288961430259 ], [ -70.338807, -27.51051696143049 ], [ -70.33782, -27.51002196142997 ], [ -70.338292, -27.506519961426083 ], [ -70.335546, -27.50960396142953 ], [ -70.333357, -27.512495961432734 ], [ -70.329752, -27.515007961435472 ], [ -70.327735, -27.515616961436091 ], [ -70.326662, -27.516035961436597 ], [ -70.324731, -27.515959961436465 ], [ -70.323486, -27.514931961435373 ], [ -70.324044, -27.513257961433567 ], [ -70.323958, -27.511392961431472 ], [ -70.323873, -27.509565961429445 ], [ -70.324774, -27.508004961427741 ], [ -70.325718, -27.507243961426912 ], [ -70.325804, -27.50533996142477 ], [ -70.324774, -27.504388961423764 ], [ -70.321426, -27.503512961422732 ], [ -70.32001, -27.501876961420997 ], [ -70.318723, -27.500010961418916 ], [ -70.318594, -27.498450961417223 ], [ -70.31868, -27.497079961415743 ], [ -70.319109, -27.495861961414402 ], [ -70.31868, -27.49471996141315 ], [ -70.316749, -27.494452961412794 ], [ -70.315375, -27.494110961412428 ], [ -70.314002, -27.493767961412029 ], [ -70.311942, -27.493653961411933 ], [ -70.31044, -27.494110961412439 ], [ -70.308723, -27.494795961413164 ], [ -70.307436, -27.495442961413989 ], [ -70.306363, -27.495556961414064 ], [ -70.305634, -27.494795961413157 ], [ -70.305376, -27.494186961412506 ], [ -70.304346, -27.49296896141114 ], [ -70.303488, -27.492549961410752 ], [ -70.300612, -27.492968961411144 ], [ -70.299239, -27.492321961410465 ], [ -70.297737, -27.493158961411421 ], [ -70.296578, -27.493805961412129 ], [ -70.294476, -27.493653961411926 ], [ -70.293317, -27.494186961412492 ], [ -70.292287, -27.493387961411678 ], [ -70.290613, -27.492777961410997 ], [ -70.289025, -27.49209296141025 ], [ -70.287352, -27.491026961409069 ], [ -70.28615, -27.490189961408159 ], [ -70.284863, -27.489313961407177 ], [ -70.283489, -27.488818961406604 ], [ -70.282416, -27.488285961406024 ], [ -70.280743, -27.487752961405469 ], [ -70.279069, -27.487562961405288 ], [ -70.276494, -27.488552961406317 ], [ -70.275636, -27.490531961408518 ], [ -70.274391, -27.49209296141025 ], [ -70.27319, -27.492873961411124 ], [ -70.272996, -27.493482961411747 ], [ -70.272846, -27.494167961412522 ], [ -70.272782, -27.494928961413365 ], [ -70.272911, -27.495747961414214 ], [ -70.273104, -27.496679961415225 ], [ -70.273168, -27.497365961415955 ], [ -70.27319, -27.498069961416828 ], [ -70.273361, -27.498754961417525 ], [ -70.273576, -27.499554961418458 ], [ -70.273919, -27.500277961419187 ], [ -70.274155, -27.50086796141991 ], [ -70.274498, -27.502713961421939 ], [ -70.274928, -27.503455961422826 ], [ -70.274863, -27.504198961423494 ], [ -70.274498, -27.504749961424121 ], [ -70.27422, -27.505149961424632 ], [ -70.274026, -27.505815961425331 ], [ -70.274262, -27.506767961426391 ], [ -70.274563, -27.507966961427712 ], [ -70.27452, -27.508937961428725 ], [ -70.274584, -27.50954696142939 ], [ -70.27437, -27.510212961430131 ], [ -70.274048, -27.510992961431015 ], [ -70.27379, -27.511658961431834 ], [ -70.274134, -27.512191961432389 ], [ -70.274949, -27.512514961432668 ], [ -70.275507, -27.512952961433129 ], [ -70.276365, -27.51308596143334 ], [ -70.27673, -27.513352961433636 ], [ -70.27673, -27.513980961434285 ], [ -70.276451, -27.514817961435245 ] ] ] } },
{ "type": "Feature", "properties": { "fid": 2241, "ISO3_CODE": "CHL", "COUNTRY_NAME": "Chile", "AREA": 0.10535940067895501 }, "geometry": { "type": "Polygon", "coordinates": [ [ [ -69.629685, -26.292356960179418 ], [ -69.625586, -26.292289960179367 ], [ -69.625618, -26.294674960181748 ], [ -69.629674, -26.294645960181676 ], [ -69.629685, -26.292356960179418 ] ] ] } },
{ "type": "Feature", "properties": { "fid": 2242, "ISO3_CODE": "CHL", "COUNTRY_NAME": "Chile", "AREA": 0.023470791903430595 }, "geometry": { "type": "Polygon", "coordinates": [ [ [ -69.603673, -26.29628096018315 ], [ -69.603533, -26.296054960182975 ], [ -69.603302, -26.295982960182904 ], [ -69.603093, -26.296001960182917 ], [ -69.6029, -26.296011960182916 ], [ -69.602728, -26.296045960182926 ], [ -69.602707, -26.295953960182914 ], [ -69.602637, -26.295823960182762 ], [ -69.602514, -26.295722960182665 ], [ -69.602326, -26.295771960182762 ], [ -69.602171, -26.295963960182956 ], [ -69.602031, -26.296093960182993 ], [ -69.601833, -26.296295960183212 ], [ -69.601688, -26.296473960183395 ], [ -69.601575, -26.296776960183649 ], [ -69.60157, -26.29705596018394 ], [ -69.601908, -26.29714196018401 ], [ -69.602053, -26.297160960184009 ], [ -69.60231, -26.29717096018404 ], [ -69.60253, -26.297261960184155 ], [ -69.602745, -26.297151960183985 ], [ -69.602927, -26.297040960183928 ], [ -69.602981, -26.296954960183761 ], [ -69.603174, -26.296853960183689 ], [ -69.603356, -26.296886960183773 ], [ -69.603538, -26.296786960183674 ], [ -69.603624, -26.296728960183618 ], [ -69.603791, -26.296497960183309 ], [ -69.603673, -26.29628096018315 ] ] ] } },
{ "type": "Feature", "properties": { "fid": 2243, "ISO3_CODE": "CHL", "COUNTRY_NAME": "Chile", "AREA": 1.4666642204282878 }, "geometry": { "type": "Polygon", "coordinates": [ [ [ -69.651775, -26.255779960144832 ], [ -69.648342, -26.255163960144348 ], [ -69.642076, -26.253778960142998 ], [ -69.640532, -26.253778960143041 ], [ -69.639416, -26.254778960143923 ], [ -69.638214, -26.255779960144825 ], [ -69.637699, -26.257857960146822 ], [ -69.639759, -26.260244960149144 ], [ -69.642591, -26.262861960151582 ], [ -69.645166, -26.264554960153191 ], [ -69.647741, -26.267017960155428 ], [ -69.649544, -26.268633960157011 ], [ -69.65023, -26.266940960155438 ], [ -69.651175, -26.264477960153119 ], [ -69.651861, -26.262630960151345 ], [ -69.652548, -26.261013960149814 ], [ -69.653063, -26.258165960147188 ], [ -69.651775, -26.255779960144832 ] ] ] } },
{ "type": "Feature", "properties": { "fid": 2248, "ISO3_CODE": "CHL", "COUNTRY_NAME": "Chile", "AREA": 0.18912087528812138 }, "geometry": { "type": "Polygon", "coordinates": [ [ [ -69.597359, -26.291913960179045 ], [ -69.596372, -26.291933960179076 ], [ -69.595342, -26.291779960178932 ], [ -69.593947, -26.291240960178438 ], [ -69.592981, -26.290528960177738 ], [ -69.592144, -26.290009960177258 ], [ -69.591179, -26.289566960176831 ], [ -69.5906, -26.289605960176846 ], [ -69.591308, -26.290528960177735 ], [ -69.59208, -26.291279960178439 ], [ -69.593067, -26.291971960179065 ], [ -69.593604, -26.292741960179789 ], [ -69.593196, -26.293472960180559 ], [ -69.593861, -26.293991960181039 ], [ -69.594827, -26.294684960181659 ], [ -69.596715, -26.294876960181917 ], [ -69.597788, -26.294838960181828 ], [ -69.598475, -26.293780960180825 ], [ -69.59856, -26.292818960179886 ], [ -69.597359, -26.291913960179045 ] ] ] } },
{ "type": "Feature", "properties": { "fid": 2249, "ISO3_CODE": "CHL", "COUNTRY_NAME": "Chile", "AREA": 0.35295104596760973 }, "geometry": { "type": "Polygon", "coordinates": [ [ [ -69.579334, -26.29776296018461 ], [ -69.579806, -26.297242960184107 ], [ -69.579699, -26.296973960183852 ], [ -69.579356, -26.296684960183534 ], [ -69.578927, -26.296319960183219 ], [ -69.578433, -26.296126960183063 ], [ -69.577682, -26.29583896018277 ], [ -69.576781, -26.295511960182505 ], [ -69.576352, -26.295319960182212 ], [ -69.575922, -26.294953960181999 ], [ -69.574935, -26.294568960181568 ], [ -69.57412, -26.294511960181502 ], [ -69.573283, -26.29412696018116 ], [ -69.572468, -26.293914960180956 ], [ -69.571245, -26.293664960180777 ], [ -69.570279, -26.293626960180696 ], [ -69.569356, -26.293395960180444 ], [ -69.56809, -26.293048960180116 ], [ -69.567318, -26.292837960179931 ], [ -69.566631, -26.293106960180179 ], [ -69.566674, -26.293664960180738 ], [ -69.566932, -26.29424196018126 ], [ -69.567275, -26.294607960181597 ], [ -69.567704, -26.29497296018198 ], [ -69.568241, -26.295376960182377 ], [ -69.569056, -26.296011960182923 ], [ -69.569657, -26.296473960183388 ], [ -69.570086, -26.296742960183579 ], [ -69.570816, -26.296877960183725 ], [ -69.571502, -26.296742960183582 ], [ -69.572232, -26.296280960183164 ], [ -69.572854, -26.296338960183249 ], [ -69.573197, -26.296338960183249 ], [ -69.573455, -26.296704960183561 ], [ -69.573669, -26.297261960184159 ], [ -69.573562, -26.297877960184735 ], [ -69.573927, -26.298243960185061 ], [ -69.574656, -26.298012960184803 ], [ -69.57515, -26.297742960184586 ], [ -69.575965, -26.297665960184585 ], [ -69.577382, -26.297646960184515 ], [ -69.57839, -26.297742960184586 ], [ -69.579334, -26.29776296018461 ] ] ] } },
{ "type": "Feature", "properties": { "fid": 2250, "ISO3_CODE": "CHL", "COUNTRY_NAME": "Chile", "AREA": 0.1387823923940677 }, "geometry": { "type": "Polygon", "coordinates": [ [ [ -69.586909, -26.285238960172727 ], [ -69.585772, -26.285276960172801 ], [ -69.585042, -26.285180960172625 ], [ -69.584484, -26.284988960172527 ], [ -69.583905, -26.284834960172351 ], [ -69.583368, -26.284584960172136 ], [ -69.582767, -26.284353960171874 ], [ -69.58221, -26.28458496017214 ], [ -69.581609, -26.28523896017272 ], [ -69.581308, -26.285834960173311 ], [ -69.581137, -26.2862579601737 ], [ -69.581029, -26.286758960174119 ], [ -69.581028999999887, -26.287085960174512 ], [ -69.581394, -26.287450960174798 ], [ -69.581823, -26.28775896017504 ], [ -69.582767, -26.28797096017535 ], [ -69.583132, -26.287970960175354 ], [ -69.583604, -26.287835960175187 ], [ -69.583926, -26.287758960175026 ], [ -69.584227, -26.287373960174726 ], [ -69.584377, -26.286988960174373 ], [ -69.584849, -26.28681596017428 ], [ -69.585493, -26.286700960174052 ], [ -69.585922, -26.286507960173964 ], [ -69.586244, -26.286123960173569 ], [ -69.586179, -26.285815960173281 ], [ -69.586737, -26.285699960173183 ], [ -69.586909, -26.285238960172727 ] ] ] } },
{ "type": "Feature", "properties": { "fid": 2251, "ISO3_CODE": "CHL", "COUNTRY_NAME": "Chile", "AREA": 23.228126386803968 }, "geometry": { "type": "Polygon", "coordinates": [ [ [ -69.552566, -26.224148960115166 ], [ -69.552104, -26.224456960115461 ], [ -69.551911, -26.224658960115651 ], [ -69.551708, -26.22486096011577 ], [ -69.551514, -26.225081960115983 ], [ -69.551321, -26.225081960115983 ], [ -69.550999, -26.225014960115924 ], [ -69.55072, -26.225014960115917 ], [ -69.550388, -26.225014960115924 ], [ -69.549959, -26.225062960115974 ], [ -69.549626, -26.225149960115985 ], [ -69.549261, -26.225370960116248 ], [ -69.548939, -26.225485960116377 ], [ -69.548618, -26.225918960116768 ], [ -69.548424, -26.226121960117013 ], [ -69.548306, -26.22637196011728 ], [ -69.548188, -26.226544960117415 ], [ -69.548113, -26.22672796011755 ], [ -69.54807, -26.226910960117724 ], [ -69.54807, -26.227131960118012 ], [ -69.54807, -26.227276960118044 ], [ -69.548103, -26.2274019601182 ], [ -69.548156, -26.227574960118332 ], [ -69.548187999999882, -26.227718960118445 ], [ -69.548328, -26.227853960118555 ], [ -69.547726999999895, -26.228296960119053 ], [ -69.547341, -26.22873896011945 ], [ -69.546933, -26.229220960119882 ], [ -69.546568, -26.229470960120128 ], [ -69.546504, -26.229662960120351 ], [ -69.546374999999898, -26.230028960120659 ], [ -69.546375, -26.230413960120988 ], [ -69.545882, -26.230856960121429 ], [ -69.545152, -26.231375960121898 ], [ -69.544444, -26.231895960122436 ], [ -69.544058, -26.232145960122647 ], [ -69.543607, -26.232626960123138 ], [ -69.543135, -26.233088960123478 ], [ -69.542663, -26.233550960123882 ], [ -69.542363, -26.233916960124276 ], [ -69.542019, -26.234224960124653 ], [ -69.541762, -26.234898960125221 ], [ -69.54174, -26.235379960125702 ], [ -69.541461, -26.235725960125972 ], [ -69.541183, -26.236072960126336 ], [ -69.540668, -26.235725960125972 ], [ -69.540131, -26.235206960125467 ], [ -69.540024, -26.234647960124985 ], [ -69.540002, -26.234186960124656 ], [ -69.540002, -26.233608960124002 ], [ -69.539831, -26.233242960123697 ], [ -69.53953, -26.232934960123455 ], [ -69.539037, -26.23285796012334 ], [ -69.538457, -26.232761960123224 ], [ -69.5382, -26.23268496012312 ], [ -69.537964, -26.232242960122772 ], [ -69.537621, -26.232107960122629 ], [ -69.537106, -26.232126960122596 ], [ -69.536655, -26.232319960122719 ], [ -69.536054, -26.232626960123159 ], [ -69.535711, -26.233146960123594 ], [ -69.535325, -26.233531960123912 ], [ -69.535217, -26.233916960124272 ], [ -69.535089, -26.234301960124668 ], [ -69.534937999999897, -26.234686960124989 ], [ -69.534466, -26.234917960125259 ], [ -69.534445, -26.235244960125591 ], [ -69.534659, -26.235860960126136 ], [ -69.535153, -26.235879960126166 ], [ -69.53703, -26.235735960126018 ], [ -69.537567, -26.235754960126044 ], [ -69.5382, -26.235802960126065 ], [ -69.538769, -26.236033960126289 ], [ -69.539219, -26.236072960126336 ], [ -69.539423, -26.236101960126337 ], [ -69.539691, -26.236312960126543 ], [ -69.539884, -26.236524960126747 ], [ -69.54026, -26.236794960127025 ], [ -69.540571, -26.237140960127359 ], [ -69.54085, -26.237419960127582 ], [ -69.54115, -26.237535960127705 ], [ -69.541472, -26.237737960127863 ], [ -69.541644, -26.237852960127984 ], [ -69.541826, -26.238016960128146 ], [ -69.541998, -26.238266960128396 ], [ -69.542202, -26.238612960128737 ], [ -69.542309, -26.238911960129009 ], [ -69.542438, -26.239248960129281 ], [ -69.542556, -26.239584960129587 ], [ -69.542803, -26.239912960129907 ], [ -69.542964, -26.24005696013009 ], [ -69.543189, -26.240142960130104 ], [ -69.543393, -26.240200960130196 ], [ -69.543715, -26.24021996013019 ], [ -69.544197, -26.240306960130305 ], [ -69.544551, -26.24044196013044 ], [ -69.544766, -26.240537960130482 ], [ -69.544744, -26.240758960130769 ], [ -69.544605, -26.240989960130996 ], [ -69.544573, -26.241163960131122 ], [ -69.544401, -26.241201960131193 ], [ -69.544197, -26.241345960131305 ], [ -69.54409, -26.241692960131591 ], [ -69.543983, -26.242086960132056 ], [ -69.543843, -26.242240960132129 ], [ -69.543575, -26.242423960132236 ], [ -69.543446, -26.242539960132383 ], [ -69.543124, -26.242635960132517 ], [ -69.542942, -26.242875960132743 ], [ -69.543006, -26.243097960132946 ], [ -69.542931, -26.24328996013308 ], [ -69.542706, -26.243231960133073 ], [ -69.542438, -26.243203960133044 ], [ -69.542245, -26.243318960133141 ], [ -69.542234, -26.243491960133294 ], [ -69.542202, -26.243674960133504 ], [ -69.542201999999889, -26.243857960133667 ], [ -69.542202, -26.244107960133846 ], [ -69.542255, -26.24451196013429 ], [ -69.54232, -26.244810960134551 ], [ -69.542449, -26.245166960134938 ], [ -69.542491, -26.245454960135167 ], [ -69.542363, -26.245685960135368 ], [ -69.542406, -26.245839960135498 ], [ -69.542695, -26.24586896013551 ], [ -69.542964, -26.246012960135698 ], [ -69.542985, -26.246272960135947 ], [ -69.542845, -26.246599960136216 ], [ -69.54276, -26.246869960136443 ], [ -69.542749, -26.247119960136761 ], [ -69.543285, -26.247475960137031 ], [ -69.543554, -26.247417960137003 ], [ -69.543715, -26.247196960136762 ], [ -69.543929, -26.24736996013695 ], [ -69.543993, -26.247466960137096 ], [ -69.544208, -26.24762996013725 ], [ -69.544358, -26.247745960137337 ], [ -69.544605, -26.24786096013738 ], [ -69.544841, -26.247696960137311 ], [ -69.544927, -26.247427960137035 ], [ -69.545109, -26.247215960136796 ], [ -69.545281, -26.246917960136539 ], [ -69.545603, -26.246696960136315 ], [ -69.545807, -26.246542960136178 ], [ -69.546096, -26.246446960136055 ], [ -69.54645, -26.246301960135956 ], [ -69.546804, -26.246109960135744 ], [ -69.547491, -26.246109960135758 ], [ -69.54807, -26.246128960135817 ], [ -69.548757, -26.246253960135942 ], [ -69.549133, -26.246301960135941 ], [ -69.549583, -26.246407960136114 ], [ -69.549927, -26.246455960136124 ], [ -69.55042, -26.246936960136573 ], [ -69.550817, -26.247446960137008 ], [ -69.551053, -26.247908960137512 ], [ -69.551278, -26.248293960137829 ], [ -69.551375, -26.248611960138138 ], [ -69.551418, -26.249005960138469 ], [ -69.551643, -26.249352960138836 ], [ -69.551922, -26.24953496013897 ], [ -69.552201, -26.249525960139 ], [ -69.552727, -26.249573960139013 ], [ -69.553059, -26.249611960139077 ], [ -69.553456, -26.249640960139086 ], [ -69.553714, -26.249486960138949 ], [ -69.554272, -26.249361960138799 ], [ -69.554583, -26.249429960138901 ], [ -69.554669, -26.249727960139172 ], [ -69.554604, -26.250054960139497 ], [ -69.554701, -26.250227960139682 ], [ -69.555151, -26.250314960139761 ], [ -69.555559, -26.250391960139819 ], [ -69.555795, -26.250372960139771 ], [ -69.556192, -26.250237960139682 ], [ -69.556621, -26.250169960139612 ], [ -69.556879, -26.250044960139448 ], [ -69.55719, -26.249890960139311 ], [ -69.557501, -26.249785960139231 ], [ -69.557737, -26.249746960139227 ], [ -69.55792, -26.249659960139166 ], [ -69.558198, -26.24945796013894 ], [ -69.558402, -26.249371960138859 ], [ -69.558542, -26.249361960138796 ], [ -69.558841999999899, -26.249400960138892 ], [ -69.559422, -26.249534960138952 ], [ -69.559754, -26.249698960139138 ], [ -69.559850999999895, -26.250121960139545 ], [ -69.559851, -26.250448960139892 ], [ -69.559894, -26.250795960140266 ], [ -69.559819, -26.251132960140559 ], [ -69.559733, -26.251286960140668 ], [ -69.559443, -26.251478960140851 ], [ -69.559175, -26.251651960141075 ], [ -69.558831, -26.25182496014116 ], [ -69.558595, -26.251959960141331 ], [ -69.558424, -26.25220996014146 ], [ -69.55837, -26.25245096014174 ], [ -69.558349, -26.252652960141944 ], [ -69.558477, -26.252902960142219 ], [ -69.559025, -26.253172960142503 ], [ -69.559293, -26.253210960142464 ], [ -69.559368, -26.253451960142652 ], [ -69.559325, -26.253605960142824 ], [ -69.559336, -26.253749960142926 ], [ -69.559486, -26.253884960143154 ], [ -69.559894, -26.254115960143331 ], [ -69.560226, -26.254230960143431 ], [ -69.560709, -26.254134960143301 ], [ -69.561042, -26.253903960143088 ], [ -69.56146, -26.253566960142809 ], [ -69.562007, -26.253172960142514 ], [ -69.562308, -26.252902960142229 ], [ -69.562651, -26.252585960141861 ], [ -69.562629, -26.252257960141588 ], [ -69.562576, -26.252027960141348 ], [ -69.562737, -26.251565960140926 ], [ -69.563026, -26.251132960140566 ], [ -69.563241, -26.250949960140321 ], [ -69.563477, -26.250651960140058 ], [ -69.563702, -26.250295960139727 ], [ -69.564067, -26.249958960139395 ], [ -69.565387, -26.24946796013894 ], [ -69.56676, -26.249429960138887 ], [ -69.568348, -26.250776960140211 ], [ -69.569807, -26.251622960140967 ], [ -69.571309, -26.252777960142051 ], [ -69.572682, -26.255009960144161 ], [ -69.573026, -26.25666496014577 ], [ -69.573669, -26.258897960147806 ], [ -69.575043, -26.261206960150048 ], [ -69.576073, -26.262976960151651 ], [ -69.577532, -26.264015960152665 ], [ -69.579506, -26.265786960154333 ], [ -69.58178, -26.266979960155481 ], [ -69.584055, -26.267825960156255 ], [ -69.586544, -26.267748960156165 ], [ -69.589376, -26.266979960155489 ], [ -69.590921, -26.267017960155432 ], [ -69.592037, -26.268095960156508 ], [ -69.591265, -26.271635960159884 ], [ -69.591265, -26.272597960160748 ], [ -69.590921, -26.274444960162569 ], [ -69.590063, -26.275137960163129 ], [ -69.589076, -26.275214960163257 ], [ -69.588175, -26.275329960163354 ], [ -69.587789, -26.276253960164272 ], [ -69.587574, -26.277754960165645 ], [ -69.588561, -26.279062960166854 ], [ -69.589119, -26.280216960168008 ], [ -69.589291, -26.281024960168718 ], [ -69.589977, -26.282140960169794 ], [ -69.590449, -26.282640960170276 ], [ -69.590921, -26.283487960171076 ], [ -69.591136, -26.284564960172119 ], [ -69.591136, -26.285526960172987 ], [ -69.591479, -26.286604960173996 ], [ -69.591866, -26.287835960175187 ], [ -69.592423, -26.289028960176285 ], [ -69.594483, -26.289682960176897 ], [ -69.597316, -26.290259960177462 ], [ -69.599204, -26.290182960177429 ], [ -69.600663, -26.290451960177684 ], [ -69.602165, -26.290451960177688 ], [ -69.603367, -26.290336960177523 ], [ -69.604182, -26.289374960176648 ], [ -69.604697, -26.288258960175586 ], [ -69.604697, -26.287104960174478 ], [ -69.603796, -26.285065960172577 ], [ -69.60341, -26.283949960171498 ], [ -69.603367, -26.282987960170665 ], [ -69.603367, -26.281794960169478 ], [ -69.603839, -26.280216960168023 ], [ -69.603968, -26.279139960166983 ], [ -69.607358, -26.278639960166434 ], [ -69.609461, -26.279216960166984 ], [ -69.61165, -26.27879396016662 ], [ -69.612465, -26.277215960165147 ], [ -69.611478, -26.275945960163966 ], [ -69.611049, -26.274483960162517 ], [ -69.611263, -26.272674960160867 ], [ -69.611478, -26.27128996015955 ], [ -69.612508, -26.26978896015811 ], [ -69.614139, -26.268441960156842 ], [ -69.615083, -26.266594960155171 ], [ -69.615083, -26.265439960154026 ], [ -69.615211, -26.264592960153184 ], [ -69.614997, -26.263553960152212 ], [ -69.614739, -26.262591960151248 ], [ -69.614782, -26.261822960150585 ], [ -69.61504, -26.260552960149383 ], [ -69.615898, -26.259782960148648 ], [ -69.616628, -26.2596289601485 ], [ -69.617443, -26.259051960147989 ], [ -69.617443, -26.257627960146671 ], [ -69.617443, -26.256318960145439 ], [ -69.617314, -26.255471960144618 ], [ -69.616156, -26.254394960143607 ], [ -69.615297, -26.254047960143307 ], [ -69.614739, -26.254163960143323 ], [ -69.614096, -26.254778960143923 ], [ -69.613409, -26.255702960144788 ], [ -69.612079, -26.25558796014473 ], [ -69.609118, -26.254586960143786 ], [ -69.607787, -26.254355960143577 ], [ -69.604998, -26.253970960143139 ], [ -69.604053, -26.253277960142519 ], [ -69.604182, -26.252431960141681 ], [ -69.605298, -26.251545960140898 ], [ -69.606071, -26.250853960140244 ], [ -69.606929, -26.249852960139336 ], [ -69.607916, -26.249352960138836 ], [ -69.608989, -26.248928960138421 ], [ -69.609804, -26.248043960137572 ], [ -69.609976, -26.246850960136435 ], [ -69.609632, -26.244810960134547 ], [ -69.60916, -26.243539960133376 ], [ -69.608216, -26.242770960132646 ], [ -69.6071, -26.242154960132002 ], [ -69.60547, -26.242077960131919 ], [ -69.603539, -26.242654960132562 ], [ -69.60238, -26.242770960132649 ], [ -69.601436, -26.241923960131803 ], [ -69.60032, -26.240960960130906 ], [ -69.599547, -26.24038396013044 ], [ -69.59856, -26.240114960130178 ], [ -69.597359, -26.240268960130301 ], [ -69.595985, -26.240499960130471 ], [ -69.594913, -26.240653960130654 ], [ -69.593968, -26.241268960131251 ], [ -69.593925, -26.242385960132349 ], [ -69.594097, -26.24404096013388 ], [ -69.594097, -26.244810960134544 ], [ -69.594097, -26.245964960135662 ], [ -69.593754, -26.24688896013653 ], [ -69.592938, -26.24700496013666 ], [ -69.592295, -26.245810960135522 ], [ -69.591866, -26.245502960135198 ], [ -69.591222, -26.245310960135033 ], [ -69.590449, -26.245310960135036 ], [ -69.589977, -26.245195960134915 ], [ -69.589934, -26.244463960134176 ], [ -69.589419, -26.244117960133845 ], [ -69.588604, -26.243847960133692 ], [ -69.587574, -26.243578960133384 ], [ -69.586115, -26.243770960133567 ], [ -69.585772, -26.244040960133869 ], [ -69.585342, -26.244579960134324 ], [ -69.585214, -26.245310960135043 ], [ -69.584699, -26.245695960135343 ], [ -69.583712, -26.245618960135314 ], [ -69.582982, -26.24554196013526 ], [ -69.582038, -26.245541960135249 ], [ -69.580836, -26.245849960135498 ], [ -69.580364, -26.246195960135825 ], [ -69.57972, -26.246927960136539 ], [ -69.57809, -26.246888960136548 ], [ -69.576674, -26.246465960136089 ], [ -69.575922, -26.245618960135314 ], [ -69.576223, -26.244887960134538 ], [ -69.576738, -26.244021960133832 ], [ -69.577789, -26.243385960133239 ], [ -69.578541, -26.242634960132513 ], [ -69.57942, -26.2419239601318 ], [ -69.57957, -26.240883960130866 ], [ -69.580128, -26.240152960130171 ], [ -69.580321, -26.239132960129183 ], [ -69.580321, -26.238285960128376 ], [ -69.580107, -26.23759296012782 ], [ -69.579678, -26.237169960127346 ], [ -69.579098, -26.23686196012704 ], [ -69.578669, -26.236861960127026 ], [ -69.578239999999894, -26.236476960126708 ], [ -69.577961, -26.236053960126309 ], [ -69.577467, -26.235841960126091 ], [ -69.57691, -26.235822960126065 ], [ -69.576244, -26.235995960126282 ], [ -69.575794, -26.236418960126617 ], [ -69.575815, -26.236919960127111 ], [ -69.576094, -26.237477960127574 ], [ -69.575729, -26.237804960127942 ], [ -69.575193, -26.238401960128485 ], [ -69.574807, -26.239055960129107 ], [ -69.574378, -26.239363960129424 ], [ -69.574077, -26.239979960130018 ], [ -69.573541, -26.240114960130196 ], [ -69.572811, -26.239671960129773 ], [ -69.572854, -26.239171960129294 ], [ -69.573798, -26.23845896012859 ], [ -69.574442, -26.237592960127817 ], [ -69.574699, -26.236745960126999 ], [ -69.57485, -26.236437960126693 ], [ -69.575686, -26.235783960126067 ], [ -69.576159, -26.235340960125693 ], [ -69.577017, -26.234917960125255 ], [ -69.578176, -26.234474960124814 ], [ -69.579227, -26.233762960124182 ], [ -69.580107, -26.232857960123347 ], [ -69.580793, -26.232203960122732 ], [ -69.58133, -26.230240960120881 ], [ -69.581995, -26.229181960119877 ], [ -69.582403, -26.228296960119046 ], [ -69.582381, -26.227641960118401 ], [ -69.581652, -26.226833960117663 ], [ -69.581287, -26.22650696011732 ], [ -69.580514, -26.226929960117737 ], [ -69.579806, -26.227122960117935 ], [ -69.57927, -26.227372960118142 ], [ -69.578841, -26.228527960119177 ], [ -69.578605, -26.229200960119879 ], [ -69.57824, -26.22950896012016 ], [ -69.577918, -26.229951960120601 ], [ -69.577811, -26.230509960121097 ], [ -69.578025, -26.231221960121744 ], [ -69.578176, -26.231645960122187 ], [ -69.578025, -26.232242960122772 ], [ -69.577553, -26.232434960122863 ], [ -69.577274, -26.231703960122243 ], [ -69.576974, -26.231144960121696 ], [ -69.576266, -26.231183960121754 ], [ -69.575708, -26.231549960122113 ], [ -69.575214, -26.231953960122453 ], [ -69.574914, -26.232684960123169 ], [ -69.574785, -26.233319960123751 ], [ -69.574099, -26.233935960124324 ], [ -69.573498, -26.234436960124807 ], [ -69.573412, -26.235148960125453 ], [ -69.572725, -26.234821960125142 ], [ -69.572318, -26.234340960124719 ], [ -69.572554, -26.232973960123413 ], [ -69.572725, -26.232088960122603 ], [ -69.573004, -26.231164960121738 ], [ -69.572575, -26.230605960121189 ], [ -69.571888, -26.230086960120737 ], [ -69.572232, -26.229412960120047 ], [ -69.57279, -26.228584960119345 ], [ -69.573154, -26.227795960118616 ], [ -69.573584, -26.227160960117963 ], [ -69.57397, -26.22646796011729 ], [ -69.573262, -26.225813960116664 ], [ -69.57279, -26.225678960116589 ], [ -69.572039, -26.226063960116861 ], [ -69.571545, -26.226583960117431 ], [ -69.571009, -26.227122960117942 ], [ -69.570279, -26.227372960118149 ], [ -69.569571, -26.227122960117939 ], [ -69.568691, -26.227237960117971 ], [ -69.568176, -26.227045960117866 ], [ -69.567983, -26.226660960117506 ], [ -69.568005, -26.225890960116807 ], [ -69.56809, -26.225331960116275 ], [ -69.568305, -26.224773960115687 ], [ -69.569936, -26.223368960114374 ], [ -69.569528, -26.222887960113965 ], [ -69.568949, -26.223022960114115 ], [ -69.568198, -26.223291960114334 ], [ -69.567533, -26.223599960114633 ], [ -69.567211, -26.22408096011505 ], [ -69.566932, -26.224427960115392 ], [ -69.56676, -26.224850960115781 ], [ -69.566395, -26.225986960116895 ], [ -69.566352, -26.226563960117428 ], [ -69.566288, -26.227102960117875 ], [ -69.565752, -26.22704596011787 ], [ -69.565752, -26.226660960117488 ], [ -69.565473, -26.226602960117432 ], [ -69.565172, -26.226794960117594 ], [ -69.564807, -26.226948960117792 ], [ -69.564314, -26.226891960117733 ], [ -69.563928, -26.226602960117457 ], [ -69.563971, -26.226313960117146 ], [ -69.563627, -26.22596796011684 ], [ -69.563456, -26.225620960116512 ], [ -69.563305, -26.225177960116042 ], [ -69.563198, -26.224946960115886 ], [ -69.562662, -26.224388960115402 ], [ -69.561911, -26.224292960115235 ], [ -69.561288, -26.224754960115703 ], [ -69.560688, -26.225755960116597 ], [ -69.560387, -26.226217960117079 ], [ -69.559765, -26.226236960117117 ], [ -69.559572, -26.225466960116336 ], [ -69.5591, -26.225004960115939 ], [ -69.558585, -26.225081960115986 ], [ -69.557834, -26.225139960116049 ], [ -69.557126, -26.224927960115888 ], [ -69.556589, -26.224696960115697 ], [ -69.556139, -26.224484960115468 ], [ -69.55601, -26.224080960115057 ], [ -69.555795, -26.22369596011476 ], [ -69.555323, -26.223503960114545 ], [ -69.554937, -26.22359996011464 ], [ -69.554186, -26.223657960114629 ], [ -69.553714, -26.223676960114709 ], [ -69.553049, -26.223830960114881 ], [ -69.552566, -26.224148960115166 ] ] ] } },
{ "type": "Feature", "properties": { "fid": 2254, "ISO3_CODE": "CHL", "COUNTRY_NAME": "Chile", "AREA": 14.918450101751693 }, "geometry": { "type": "Polygon", "coordinates": [ [ [ -69.945059, -25.855361959778342 ], [ -69.945745, -25.84964595977322 ], [ -69.947033, -25.84207595976655 ], [ -69.945488, -25.837054959762135 ], [ -69.943943, -25.830564959756426 ], [ -69.936304, -25.830642959756471 ], [ -69.933729, -25.832109959757744 ], [ -69.930811, -25.835354959760608 ], [ -69.929008, -25.838521959763447 ], [ -69.927378, -25.838367959763318 ], [ -69.925661, -25.833809959759275 ], [ -69.926004, -25.830642959756471 ], [ -69.926691, -25.826238959752519 ], [ -69.92609, -25.823225959749848 ], [ -69.923859, -25.818357959745612 ], [ -69.92403, -25.815035959742673 ], [ -69.919996, -25.813026959740906 ], [ -69.914503, -25.810090959738346 ], [ -69.909697, -25.810554959738731 ], [ -69.906864, -25.814108959741798 ], [ -69.905148, -25.817276959744618 ], [ -69.904804, -25.824384959750915 ], [ -69.905233, -25.82840195975449 ], [ -69.906521, -25.832187959757807 ], [ -69.90592, -25.836358959761494 ], [ -69.905577, -25.841225959765815 ], [ -69.908152, -25.845705959769774 ], [ -69.909096, -25.849336959773012 ], [ -69.910555, -25.853430959776592 ], [ -69.914589, -25.857292959780057 ], [ -69.922571, -25.858682959781312 ], [ -69.928408, -25.85976395978226 ], [ -69.932442, -25.858682959781309 ], [ -69.938879, -25.856133959779001 ], [ -69.945059, -25.855361959778342 ] ] ] } },
{ "type": "Feature", "properties": { "fid": 2255, "ISO3_CODE": "CHL", "COUNTRY_NAME": "Chile", "AREA": 9.8081123229142122 }, "geometry": { "type": "Polygon", "coordinates": [ [ [ -69.883947, -25.822066959748902 ], [ -69.879141, -25.819825959746872 ], [ -69.874763, -25.817276959744625 ], [ -69.870815, -25.817430959744826 ], [ -69.867296, -25.816812959744226 ], [ -69.86352, -25.81750895974481 ], [ -69.860859, -25.81998095974707 ], [ -69.861202, -25.824538959751063 ], [ -69.861631, -25.827242959753477 ], [ -69.861202, -25.828942959754968 ], [ -69.857597, -25.830873959756673 ], [ -69.853048, -25.834041959759464 ], [ -69.851246, -25.836667959761773 ], [ -69.85013, -25.838212959763183 ], [ -69.848242, -25.840993959765687 ], [ -69.846096, -25.844701959768919 ], [ -69.848928, -25.846092959770122 ], [ -69.850302, -25.844933959769087 ], [ -69.851332, -25.842693959767143 ], [ -69.855967, -25.841611959766098 ], [ -69.858112, -25.843774959768062 ], [ -69.86043, -25.848332959772055 ], [ -69.863091, -25.852348959775643 ], [ -69.867983, -25.854048959777213 ], [ -69.871244, -25.851808959775191 ], [ -69.872618, -25.849181959772864 ], [ -69.872274, -25.846092959770132 ], [ -69.871244, -25.842152959766608 ], [ -69.874935, -25.841920959766487 ], [ -69.879999, -25.844238959768489 ], [ -69.885235, -25.842693959767097 ], [ -69.888325, -25.839294959764125 ], [ -69.890041, -25.831260959757035 ], [ -69.883947, -25.822066959748902 ] ] ] } },
{ "type": "Feature", "properties": { "fid": 2256, "ISO3_CODE": "CHL", "COUNTRY_NAME": "Chile", "AREA": 0.94710705959728358 }, "geometry": { "type": "Polygon", "coordinates": [ [ [ -69.938021, -25.798692959728303 ], [ -69.935489, -25.799195959728781 ], [ -69.932957, -25.799465959728984 ], [ -69.931455, -25.800933959730269 ], [ -69.929867, -25.802324959731507 ], [ -69.926863, -25.803754959732739 ], [ -69.927034, -25.805183959734023 ], [ -69.927893, -25.806536959735187 ], [ -69.929738, -25.807617959736064 ], [ -69.933171, -25.807695959736247 ], [ -69.936175, -25.806883959735469 ], [ -69.939179, -25.804913959733842 ], [ -69.941111, -25.80189995973106 ], [ -69.941196, -25.800354959729781 ], [ -69.938021, -25.798692959728303 ] ] ] } },
{ "type": "Feature", "properties": { "fid": 2257, "ISO3_CODE": "CHL", "COUNTRY_NAME": "Chile", "AREA": 0.52171675779469306 }, "geometry": { "type": "Polygon", "coordinates": [ [ [ -70.500437, -25.695755986546136 ], [ -70.4993, -25.695929986546236 ], [ -70.497766, -25.696432986546377 ], [ -70.496564, -25.696722986546465 ], [ -70.495684, -25.697524986546703 ], [ -70.494128, -25.699187986547184 ], [ -70.492433, -25.700898986547692 ], [ -70.491832, -25.701942986547991 ], [ -70.493474, -25.702029986548006 ], [ -70.493914, -25.703025986548251 ], [ -70.494751, -25.703025986548248 ], [ -70.496049, -25.702629986548171 ], [ -70.497508, -25.701575986547834 ], [ -70.499246, -25.700811986547677 ], [ -70.500834, -25.700425986547543 ], [ -70.505158, -25.697834986546777 ], [ -70.500437, -25.695755986546136 ] ] ] } },
{ "type": "Feature", "properties": { "fid": 2258, "ISO3_CODE": "CHL", "COUNTRY_NAME": "Chile", "AREA": 0.0628736217893823 }, "geometry": { "type": "Polygon", "coordinates": [ [ [ -70.521498, -25.693222986545457 ], [ -70.52109, -25.694179986545723 ], [ -70.520757, -25.695330986546089 ], [ -70.521283, -25.695629986546138 ], [ -70.521541, -25.696064986546293 ], [ -70.521605, -25.696548986546404 ], [ -70.522335, -25.69660698654646 ], [ -70.522839, -25.695900986546203 ], [ -70.5233, -25.695001986545964 ], [ -70.522903, -25.694208986545757 ], [ -70.522807, -25.693377986545507 ], [ -70.521498, -25.693222986545457 ] ] ] } },
{ "type": "Feature", "properties": { "fid": 2259, "ISO3_CODE": "CHL", "COUNTRY_NAME": "Chile", "AREA": 0.017136263980031013 }, "geometry": { "type": "Polygon", "coordinates": [ [ [ -70.522694, -25.690409959633907 ], [ -70.522614, -25.690128959633626 ], [ -70.522061, -25.689785959633362 ], [ -70.52175, -25.69017795963369 ], [ -70.521444, -25.691777959635104 ], [ -70.522174, -25.691723959635052 ], [ -70.522694, -25.690409959633907 ] ] ] } },
{ "type": "Feature", "properties": { "fid": 2260, "ISO3_CODE": "CHL", "COUNTRY_NAME": "Chile", "AREA": 0.023192766826499251 }, "geometry": { "type": "Polygon", "coordinates": [ [ [ -70.524078, -25.687286986543768 ], [ -70.523461, -25.687358986543757 ], [ -70.52315, -25.688267986544034 ], [ -70.523477, -25.688499986544077 ], [ -70.5233, -25.688876986544223 ], [ -70.523129, -25.689253986544291 ], [ -70.523182, -25.689737986544472 ], [ -70.523794, -25.689712986544453 ], [ -70.523944, -25.689094986544294 ], [ -70.524448, -25.688523986544073 ], [ -70.524078, -25.687286986543768 ] ] ] } },
{ "type": "Feature", "properties": { "fid": 2261, "ISO3_CODE": "CHL", "COUNTRY_NAME": "Chile", "AREA": 0.014385426972754299 }, "geometry": { "type": "Polygon", "coordinates": [ [ [ -70.525328, -25.684656959628899 ], [ -70.525037999999896, -25.683974959628348 ], [ -70.524448, -25.683829959628259 ], [ -70.523976, -25.68484095962911 ], [ -70.524266, -25.685284959629502 ], [ -70.525011, -25.685120959629344 ], [ -70.525328, -25.684656959628899 ] ] ] } },
{ "type": "Feature", "properties": { "fid": 2262, "ISO3_CODE": "CHL", "COUNTRY_NAME": "Chile", "AREA": 0.11808488796771596 }, "geometry": { "type": "Polygon", "coordinates": [ [ [ -69.947762, -25.785149959716392 ], [ -69.947451, -25.784927959716175 ], [ -69.946947, -25.784840959716174 ], [ -69.946486, -25.784985959716284 ], [ -69.945982, -25.785207959716399 ], [ -69.945767, -25.785564959716684 ], [ -69.945595, -25.785961959717092 ], [ -69.944705, -25.787033959718034 ], [ -69.944565, -25.787497959718415 ], [ -69.944662, -25.78792295971887 ], [ -69.944866, -25.788472959719297 ], [ -69.945284, -25.788859959719613 ], [ -69.945756, -25.788975959719792 ], [ -69.946228, -25.788994959719783 ], [ -69.946518, -25.788936959719702 ], [ -69.946765, -25.788810959719648 ], [ -69.947129, -25.788521959719372 ], [ -69.947376, -25.788269959719102 ], [ -69.94758, -25.788018959718965 ], [ -69.947859, -25.787583959718464 ], [ -69.948106, -25.787255959718244 ], [ -69.948202, -25.786859959717848 ], [ -69.948213, -25.786347959717485 ], [ -69.948181, -25.785912959717013 ], [ -69.948009, -25.785478959716635 ], [ -69.947762, -25.785149959716392 ] ] ] } },
{ "type": "Feature", "properties": { "fid": 2263, "ISO3_CODE": "CHL", "COUNTRY_NAME": "Chile", "AREA": 0.62049216118751094 }, "geometry": { "type": "Polygon", "coordinates": [ [ [ -69.916433999999896, -25.787062959718089 ], [ -69.91431, -25.787313959718283 ], [ -69.912786, -25.788028959718908 ], [ -69.911907, -25.789110959719835 ], [ -69.911134, -25.789767959720503 ], [ -69.910512, -25.790404959720991 ], [ -69.909654, -25.79115895972166 ], [ -69.908259, -25.791950959722421 ], [ -69.907701, -25.792935959723202 ], [ -69.907658, -25.793727959723952 ], [ -69.908066, -25.794230959724381 ], [ -69.909847, -25.794500959724555 ], [ -69.910941, -25.794751959724824 ], [ -69.913323, -25.795138959725108 ], [ -69.914503, -25.795157959725152 ], [ -69.915791, -25.794925959724949 ], [ -69.916735, -25.794288959724437 ], [ -69.9177, -25.79392195972412 ], [ -69.918365, -25.793727959723942 ], [ -69.918044, -25.793109959723349 ], [ -69.918237, -25.792220959722606 ], [ -69.917893, -25.791583959722058 ], [ -69.917529, -25.790907959721476 ], [ -69.917314, -25.790192959720841 ], [ -69.917314, -25.789689959720455 ], [ -69.916949, -25.789206959719976 ], [ -69.916821, -25.788646959719468 ], [ -69.916692, -25.787893959718826 ], [ -69.916433999999896, -25.787062959718089 ] ] ] } },
{ "type": "Feature", "properties": { "fid": 2267, "ISO3_CODE": "CHL", "COUNTRY_NAME": "Chile", "AREA": 0.037111401757378128 }, "geometry": { "type": "Polygon", "coordinates": [ [ [ -70.548213, -25.662474959609906 ], [ -70.548084, -25.661744959609191 ], [ -70.54758, -25.661797959609324 ], [ -70.546786, -25.662464959609895 ], [ -70.546303, -25.66307895961036 ], [ -70.546061, -25.663798959611007 ], [ -70.546469, -25.664180959611326 ], [ -70.547467, -25.663915959611042 ], [ -70.5481, -25.663533959610739 ], [ -70.548213, -25.662474959609906 ] ] ] } },
{ "type": "Feature", "properties": { "fid": 2282, "ISO3_CODE": "CHL", "COUNTRY_NAME": "Chile", "AREA": 0.060797928924433885 }, "geometry": { "type": "Polygon", "coordinates": [ [ [ -70.386904, -25.043920959106352 ], [ -70.386969, -25.043658959106168 ], [ -70.386567, -25.043658959106168 ], [ -70.385585, -25.044513959106812 ], [ -70.38529, -25.045135959107295 ], [ -70.38552, -25.045446959107529 ], [ -70.385122999999894, -25.045879959107857 ], [ -70.385987, -25.047337959108905 ], [ -70.38581, -25.048066959109534 ], [ -70.385563, -25.048532959109863 ], [ -70.386143, -25.049086959110273 ], [ -70.386599, -25.048547959109893 ], [ -70.386985, -25.048367959109804 ], [ -70.386819, -25.0469729591087 ], [ -70.38691, -25.046763959108574 ], [ -70.386674, -25.046258959108137 ], [ -70.386561, -25.045271959107367 ], [ -70.386309, -25.044518959106835 ], [ -70.386904, -25.043920959106352 ] ] ] } },
{ "type": "Feature", "properties": { "fid": 2291, "ISO3_CODE": "CHL", "COUNTRY_NAME": "Chile", "AREA": 1.9440513304842635 }, "geometry": { "type": "Polygon", "coordinates": [ [ [ -69.861159, -25.77481295970734 ], [ -69.859529, -25.773884959706518 ], [ -69.857941, -25.773536959706199 ], [ -69.856052, -25.773652959706265 ], [ -69.854164, -25.774000959706633 ], [ -69.853306, -25.774696959707164 ], [ -69.852662, -25.775430959707876 ], [ -69.851332, -25.775778959708234 ], [ -69.849615, -25.775932959708314 ], [ -69.846783, -25.77496695970742 ], [ -69.844293999999891, -25.775585959708046 ], [ -69.842834, -25.776860959709133 ], [ -69.843864, -25.778290959710436 ], [ -69.844465, -25.780183959712094 ], [ -69.845495, -25.782193959713769 ], [ -69.844551, -25.783777959715152 ], [ -69.845796, -25.785130959716398 ], [ -69.848671, -25.786482959717578 ], [ -69.853435, -25.788067959718944 ], [ -69.853992, -25.787062959718011 ], [ -69.855065, -25.785091959716304 ], [ -69.856353, -25.783507959714903 ], [ -69.857512, -25.781729959713385 ], [ -69.859142, -25.780454959712284 ], [ -69.861331, -25.779449959711403 ], [ -69.864507, -25.779333959711305 ], [ -69.864163, -25.77666795970892 ], [ -69.861116, -25.777401959709525 ], [ -69.861159, -25.77481295970734 ] ] ] } },
{ "type": "Feature", "properties": { "fid": 2292, "ISO3_CODE": "CHL", "COUNTRY_NAME": "Chile", "AREA": 1.3832398945906272 }, "geometry": { "type": "Polygon", "coordinates": [ [ [ -70.590935, -25.657851959605875 ], [ -70.589519, -25.657658959605744 ], [ -70.58763, -25.659863959607584 ], [ -70.586386, -25.66191395960934 ], [ -70.58454, -25.663383959610698 ], [ -70.582309, -25.663653959610844 ], [ -70.580077, -25.664930959611926 ], [ -70.578103, -25.666941959613656 ], [ -70.577974, -25.668334959614857 ], [ -70.577502, -25.669881959616252 ], [ -70.578833, -25.670152959616431 ], [ -70.579519, -25.669572959615998 ], [ -70.58089299999989, -25.668837959615306 ], [ -70.58291, -25.668373959614918 ], [ -70.585399, -25.668063959614646 ], [ -70.587244, -25.668721959615233 ], [ -70.589004, -25.669146959615606 ], [ -70.587931, -25.670655959616937 ], [ -70.587845, -25.671931959618007 ], [ -70.589004, -25.673207959619113 ], [ -70.590591, -25.673633959619394 ], [ -70.592737, -25.672008959618076 ], [ -70.593553, -25.670268959616518 ], [ -70.592909, -25.667444959614159 ], [ -70.592737, -25.665665959612618 ], [ -70.593381, -25.663151959610435 ], [ -70.593166, -25.661023959608567 ], [ -70.591621, -25.658973959606861 ], [ -70.590935, -25.657851959605875 ] ] ] } },
{ "type": "Feature", "properties": { "fid": 2293, "ISO3_CODE": "CHL", "COUNTRY_NAME": "Chile", "AREA": 0.34858854556389895 }, "geometry": { "type": "Polygon", "coordinates": [ [ [ -70.573897, -25.673691959619504 ], [ -70.573232, -25.672840959618728 ], [ -70.572846, -25.671409959617538 ], [ -70.573683, -25.670249959616587 ], [ -70.574648, -25.668701959615206 ], [ -70.574305, -25.668256959614816 ], [ -70.573511, -25.668682959615218 ], [ -70.572782, -25.669572959615998 ], [ -70.571601, -25.670616959616833 ], [ -70.571151, -25.671564959617623 ], [ -70.569992, -25.673517959619367 ], [ -70.569026, -25.675257959620868 ], [ -70.567889, -25.676669959622071 ], [ -70.568447, -25.677153959622519 ], [ -70.569649, -25.67757895962281 ], [ -70.570614, -25.677907959623127 ], [ -70.571387, -25.67759795962284 ], [ -70.572588, -25.676863959622224 ], [ -70.573447, -25.676650959622066 ], [ -70.574863, -25.676998959622356 ], [ -70.575678, -25.677133959622452 ], [ -70.576408, -25.676805959622133 ], [ -70.576451, -25.67637995962178 ], [ -70.575657, -25.676302959621736 ], [ -70.574498, -25.676360959621807 ], [ -70.574412, -25.675567959621084 ], [ -70.574327, -25.674639959620265 ], [ -70.573897, -25.673691959619504 ] ] ] } },
{ "type": "Feature", "properties": { "fid": 2294, "ISO3_CODE": "CHL", "COUNTRY_NAME": "Chile", "AREA": 0.056594455301392822 }, "geometry": { "type": "Polygon", "coordinates": [ [ [ -70.536384, -25.672850986539586 ], [ -70.535815, -25.672386986539454 ], [ -70.534496, -25.672211986539399 ], [ -70.533739, -25.672830986539559 ], [ -70.534072, -25.673720986539816 ], [ -70.53346, -25.674866986540163 ], [ -70.534303, -25.675045986540233 ], [ -70.534683, -25.674900986540148 ], [ -70.53493, -25.674484986540033 ], [ -70.535617, -25.674397986540022 ], [ -70.536384, -25.672850986539586 ] ] ] } },
{ "type": "Feature", "properties": { "fid": 2295, "ISO3_CODE": "CHL", "COUNTRY_NAME": "Chile", "AREA": 0.054671403613433242 }, "geometry": { "type": "Polygon", "coordinates": [ [ [ -70.51196, -25.669093959615559 ], [ -70.511509, -25.669016959615465 ], [ -70.51101, -25.670041959616363 ], [ -70.510597, -25.67028795961658 ], [ -70.509959, -25.670664959616904 ], [ -70.510356, -25.671119959617226 ], [ -70.509852, -25.672139959618146 ], [ -70.509481, -25.672975959618896 ], [ -70.510329, -25.673382959619218 ], [ -70.51057, -25.672603959618566 ], [ -70.510946, -25.672303959618276 ], [ -70.511531, -25.671805959617899 ], [ -70.511289, -25.671244959617347 ], [ -70.511734, -25.670717959616965 ], [ -70.512389, -25.670041959616366 ], [ -70.51196, -25.669093959615559 ] ] ] } },
{ "type": "Feature", "properties": { "fid": 2296, "ISO3_CODE": "CHL", "COUNTRY_NAME": "Chile", "AREA": 0.078097113825747744 }, "geometry": { "type": "Polygon", "coordinates": [ [ [ -70.544178, -25.66506095961207 ], [ -70.542762, -25.665384959612318 ], [ -70.541062, -25.666052959612895 ], [ -70.540091, -25.666738959613504 ], [ -70.539243, -25.667671959614324 ], [ -70.53964, -25.668189959614736 ], [ -70.540509, -25.668348959614864 ], [ -70.541051, -25.668169959614765 ], [ -70.541695, -25.667836959614448 ], [ -70.541915, -25.667386959614053 ], [ -70.542462, -25.666753959613477 ], [ -70.543213, -25.666429959613236 ], [ -70.544034, -25.665916959612801 ], [ -70.544457, -25.665409959612379 ], [ -70.544178, -25.66506095961207 ] ] ] } },
{ "type": "Feature", "properties": { "fid": 2297, "ISO3_CODE": "CHL", "COUNTRY_NAME": "Chile", "AREA": 6.6089987467006885 }, "geometry": { "type": "Polygon", "coordinates": [ [ [ -70.395777, -24.957813959040866 ], [ -70.394189, -24.953378959037494 ], [ -70.395691, -24.952755959037059 ], [ -70.39567, -24.951588959036144 ], [ -70.39258, -24.949487959034585 ], [ -70.389984, -24.949876959034832 ], [ -70.389898, -24.951821959036263 ], [ -70.385349, -24.954506959038344 ], [ -70.383611, -24.957405959040571 ], [ -70.384727, -24.960342959042759 ], [ -70.383546, -24.966198959047158 ], [ -70.38492, -24.969193959049473 ], [ -70.387216, -24.971255959051 ], [ -70.390563, -24.974620959053546 ], [ -70.393932, -24.976838959055254 ], [ -70.397, -24.980689959058129 ], [ -70.398534, -24.982595859059575 ], [ -70.397687, -24.98329595906015 ], [ -70.395842, -24.985201959061524 ], [ -70.39391, -24.988547959064146 ], [ -70.391378, -24.989636959064921 ], [ -70.391421, -24.991269959066145 ], [ -70.392408, -24.993331959067699 ], [ -70.392108, -24.996637959070199 ], [ -70.392237, -25.001110959073642 ], [ -70.394039, -25.002043959074367 ], [ -70.395842, -25.002005959074349 ], [ -70.396657, -25.000954959073528 ], [ -70.395842, -24.999632959072514 ], [ -70.396528, -24.998854959071984 ], [ -70.39979, -24.998815959071869 ], [ -70.401464, -24.997960959071257 ], [ -70.402279, -24.996248959069977 ], [ -70.405282999999883, -24.993914959068132 ], [ -70.405583, -24.990841959065886 ], [ -70.404382, -24.98582495906204 ], [ -70.40441639999996, -24.98408395906074 ], [ -70.408738, -24.982342959059416 ], [ -70.41039, -24.977480959055725 ], [ -70.405476, -24.979541959057276 ], [ -70.404983, -24.976468959054927 ], [ -70.403416, -24.97222895905178 ], [ -70.39906, -24.970282959050284 ], [ -70.398545, -24.968123959048636 ], [ -70.40009, -24.963143959044793 ], [ -70.395777, -24.957813959040866 ] ] ] } },
{ "type": "Feature", "properties": { "fid": 2298, "ISO3_CODE": "CHL", "COUNTRY_NAME": "Chile", "AREA": 0.0379074307936728 }, "geometry": { "type": "Polygon", "coordinates": [ [ [ -69.521109, -25.116416959162432 ], [ -69.521484, -25.116105959162173 ], [ -69.522455, -25.11643595916237 ], [ -69.522976, -25.116124959162146 ], [ -69.522117, -25.115682959161788 ], [ -69.520562, -25.114730959161054 ], [ -69.519473, -25.114036959160508 ], [ -69.520615, -25.115483959161651 ], [ -69.520358, -25.115590959161747 ], [ -69.520143, -25.115678959161826 ], [ -69.519864, -25.115585959161766 ], [ -69.519601, -25.115784959161825 ], [ -69.519489, -25.116027959162043 ], [ -69.519746, -25.116212959162237 ], [ -69.520175, -25.116280959162282 ], [ -69.520401, -25.116562959162483 ], [ -69.520916, -25.116950959162839 ], [ -69.521286, -25.116766959162661 ], [ -69.521109, -25.116416959162432 ] ] ] } },
{ "type": "Feature", "properties": { "fid": 2299, "ISO3_CODE": "CHL", "COUNTRY_NAME": "Chile", "AREA": 0.19788570070278644 }, "geometry": { "type": "Polygon", "coordinates": [ [ [ -69.504747, -25.087969959140342 ], [ -69.503889, -25.088396959140567 ], [ -69.509854, -25.096986959147301 ], [ -69.509338999999898, -25.097374959147583 ], [ -69.512644, -25.101027959150397 ], [ -69.513588, -25.100328959149873 ], [ -69.504747, -25.087969959140342 ] ] ] } },
{ "type": "Feature", "properties": { "fid": 2352, "ISO3_CODE": "CHL", "COUNTRY_NAME": "Chile", "AREA": 0.017760768419711848 }, "geometry": { "type": "Polygon", "coordinates": [ [ [ -69.546965, -25.115736959161808 ], [ -69.546676, -25.115794959161931 ], [ -69.54659, -25.116416959162436 ], [ -69.547051, -25.116931959162795 ], [ -69.547223, -25.117164959162931 ], [ -69.547395, -25.117455959163141 ], [ -69.547727, -25.117475959163279 ], [ -69.548028, -25.117475959163272 ], [ -69.548242, -25.117164959162938 ], [ -69.54836, -25.116746959162622 ], [ -69.548285, -25.116464959162453 ], [ -69.547942, -25.116562959162479 ], [ -69.547652, -25.116620959162539 ], [ -69.547502, -25.116513959162443 ], [ -69.547352, -25.11623195916227 ], [ -69.547234, -25.115988959162035 ], [ -69.546965, -25.115736959161808 ] ] ] } },
{ "type": "Feature", "properties": { "fid": 2353, "ISO3_CODE": "CHL", "COUNTRY_NAME": "Chile", "AREA": 0.026645189611369278 }, "geometry": { "type": "Polygon", "coordinates": [ [ [ -69.53261, -25.118203959163779 ], [ -69.532245, -25.118281959163834 ], [ -69.531859, -25.118242959163766 ], [ -69.531516, -25.118145959163751 ], [ -69.531215, -25.118135959163691 ], [ -69.530904, -25.118174959163721 ], [ -69.530668, -25.118291959163859 ], [ -69.530604, -25.118670959164103 ], [ -69.530604, -25.118912959164337 ], [ -69.531022, -25.119029959164433 ], [ -69.531559, -25.119146959164503 ], [ -69.53187, -25.119243959164574 ], [ -69.53232, -25.119311959164595 ], [ -69.532717, -25.119320959164643 ], [ -69.533082, -25.119291959164656 ], [ -69.533114, -25.119010959164399 ], [ -69.533168, -25.118728959164159 ], [ -69.533029, -25.118427959163924 ], [ -69.5329, -25.118300959163864 ], [ -69.53261, -25.118203959163779 ] ] ] } },
{ "type": "Feature", "properties": { "fid": 2354, "ISO3_CODE": "CHL", "COUNTRY_NAME": "Chile", "AREA": 10.17120083764237 }, "geometry": { "type": "Polygon", "coordinates": [ [ [ -69.54586, -25.102387959151425 ], [ -69.541054, -25.095548959146161 ], [ -69.53702, -25.093060959144246 ], [ -69.535475, -25.092050959143481 ], [ -69.533415, -25.091817959143302 ], [ -69.531612, -25.092516959143786 ], [ -69.529724, -25.092516959143794 ], [ -69.520798, -25.097024959147273 ], [ -69.519167, -25.100367959149967 ], [ -69.519167, -25.103786959152586 ], [ -69.519768, -25.107129959155124 ], [ -69.518223, -25.109149959156746 ], [ -69.517107, -25.111403959158512 ], [ -69.518309, -25.11319195915986 ], [ -69.521484, -25.1152119591614 ], [ -69.52466, -25.116921959162806 ], [ -69.526377, -25.117854959163509 ], [ -69.529467, -25.118242959163773 ], [ -69.532814, -25.11769895916337 ], [ -69.536591, -25.116299959162287 ], [ -69.542255, -25.115444959161632 ], [ -69.5438, -25.114667959161057 ], [ -69.547834, -25.115600959161736 ], [ -69.551182, -25.11567895916183 ], [ -69.552212, -25.1144349591608 ], [ -69.557276, -25.115134959161377 ], [ -69.561739, -25.115134959161374 ], [ -69.564657, -25.116843959162697 ], [ -69.567575, -25.118242959163759 ], [ -69.571953, -25.117931959163553 ], [ -69.573927, -25.114590959160953 ], [ -69.571266, -25.112491959159303 ], [ -69.56912, -25.110937959158228 ], [ -69.56955, -25.108605959156261 ], [ -69.568348, -25.107362959155321 ], [ -69.569464, -25.105030959153503 ], [ -69.56749, -25.103864959152613 ], [ -69.5644, -25.104641959153234 ], [ -69.562683, -25.103476959152339 ], [ -69.561911, -25.100522959150052 ], [ -69.558992, -25.098890959148704 ], [ -69.557705, -25.100289959149865 ], [ -69.556932, -25.101532959150806 ], [ -69.5541, -25.102232959151305 ], [ -69.551954, -25.101299959150641 ], [ -69.549379, -25.101999959151208 ], [ -69.548435, -25.103553959152382 ], [ -69.547062, -25.105108959153611 ], [ -69.54586, -25.102387959151425 ] ] ] } },
{ "type": "Feature", "properties": { "fid": 2355, "ISO3_CODE": "CHL", "COUNTRY_NAME": "Chile", "AREA": 3.6990517476907669 }, "geometry": { "type": "Polygon", "coordinates": [ [ [ -69.394884, -26.493216960372585 ], [ -69.391129, -26.49613596037549 ], [ -69.392695, -26.498785960378029 ], [ -69.390035, -26.499054960378306 ], [ -69.386923, -26.499131960378385 ], [ -69.386773, -26.500418960379658 ], [ -69.38864, -26.501147960380329 ], [ -69.386816, -26.501896960381067 ], [ -69.384992, -26.503336960382526 ], [ -69.384563, -26.507561960386582 ], [ -69.381838, -26.509481960388463 ], [ -69.382288, -26.510384960389324 ], [ -69.385078, -26.510000960389004 ], [ -69.387653, -26.511190960390156 ], [ -69.391065, -26.511305960390214 ], [ -69.393318, -26.508598960387634 ], [ -69.395421, -26.509500960388564 ], [ -69.399176, -26.509788960388804 ], [ -69.397502, -26.507004960386023 ], [ -69.396493, -26.505333960384419 ], [ -69.399219, -26.506006960385111 ], [ -69.401557, -26.506831960385913 ], [ -69.401879, -26.50347196038264 ], [ -69.40233, -26.502530960381701 ], [ -69.404969, -26.503413960382542 ], [ -69.407737, -26.507100960386165 ], [ -69.404261, -26.508636960387669 ], [ -69.403746, -26.510038960389075 ], [ -69.404411, -26.511382960390307 ], [ -69.403639, -26.512957960391873 ], [ -69.404733, -26.51368696039254 ], [ -69.407544, -26.512899960391849 ], [ -69.408295, -26.51167096039061 ], [ -69.406879, -26.509673960388664 ], [ -69.407351, -26.508617960387664 ], [ -69.40984, -26.506102960385238 ], [ -69.412673, -26.503567960382671 ], [ -69.408445, -26.500725960379931 ], [ -69.408917, -26.497153960376462 ], [ -69.402587, -26.491488960370909 ], [ -69.394884, -26.493216960372585 ] ] ] } },
{ "type": "Feature", "properties": { "fid": 2356, "ISO3_CODE": "CHL", "COUNTRY_NAME": "Chile", "AREA": 2.1014018045436145 }, "geometry": { "type": "Polygon", "coordinates": [ [ [ -69.424045, -26.490047960369512 ], [ -69.425204, -26.489971960369434 ], [ -69.430826, -26.490643960370157 ], [ -69.431148, -26.489106960368613 ], [ -69.430718, -26.486379960365955 ], [ -69.4306948, -26.48631636036593 ], [ -69.430836, -26.48633196036592 ], [ -69.431319, -26.485918960365495 ], [ -69.432049, -26.485352960364921 ], [ -69.432821, -26.484958960364569 ], [ -69.433572, -26.48509296036471 ], [ -69.434881, -26.485649960365258 ], [ -69.435267, -26.486197960365725 ], [ -69.435847, -26.486763960366311 ], [ -69.436094, -26.486581960366092 ], [ -69.43633, -26.486024960365583 ], [ -69.43648, -26.485544960365182 ], [ -69.436941, -26.484824960364435 ], [ -69.43663, -26.484209960363874 ], [ -69.435407, -26.484065960363651 ], [ -69.434699, -26.483441960363113 ], [ -69.432929, -26.482980960362625 ], [ -69.43103, -26.482884960362547 ], [ -69.430118, -26.483393960363028 ], [ -69.429581, -26.484334960363995 ], [ -69.429267499999966, -26.485010360364594 ], [ -69.426706, -26.484382960364048 ], [ -69.423594, -26.483422960363043 ], [ -69.420784, -26.482135960361799 ], [ -69.419088, -26.483153960362767 ], [ -69.417608, -26.48799296036756 ], [ -69.41469, -26.488780960368224 ], [ -69.409389, -26.487973960367547 ], [ -69.40748, -26.488703960368188 ], [ -69.409025, -26.490124960369602 ], [ -69.412415, -26.489894960369369 ], [ -69.414454, -26.492045960371481 ], [ -69.4172, -26.491084960370546 ], [ -69.418809, -26.493447960372887 ], [ -69.419796, -26.494983960374409 ], [ -69.420719, -26.49682796037612 ], [ -69.421449, -26.499534960378785 ], [ -69.422543, -26.50093696038012 ], [ -69.423873, -26.502088960381325 ], [ -69.426727, -26.499361960378579 ], [ -69.427907, -26.496884960376214 ], [ -69.425848, -26.495098960374488 ], [ -69.425418, -26.491430960370884 ], [ -69.424045, -26.490047960369512 ] ] ] } },
{ "type": "Feature", "properties": { "fid": 2358, "ISO3_CODE": "CHL", "COUNTRY_NAME": "Chile", "AREA": 0.023911751654205844 }, "geometry": { "type": "Polygon", "coordinates": [ [ [ -71.263354, -29.743289988051806 ], [ -71.26153, -29.742227988051344 ], [ -71.260993, -29.743214988051758 ], [ -71.262496, -29.744146988052211 ], [ -71.263354, -29.743289988051806 ] ] ] } },
{ "type": "Feature", "properties": { "fid": 2359, "ISO3_CODE": "CHL", "COUNTRY_NAME": "Chile", "AREA": 0.19061929806098341 }, "geometry": { "type": "Polygon", "coordinates": [ [ [ -71.260715, -29.742189988051351 ], [ -71.262817, -29.737177988049098 ], [ -71.261444, -29.737401988049232 ], [ -71.259384, -29.741202988050873 ], [ -71.256809, -29.741053988050822 ], [ -71.255264, -29.742394988051437 ], [ -71.258268, -29.74461198805243 ], [ -71.260715, -29.742189988051351 ] ] ] } },
{ "type": "Feature", "properties": { "fid": 2365, "ISO3_CODE": "CHL", "COUNTRY_NAME": "Chile", "AREA": 5.0545480494688304 }, "geometry": { "type": "Polygon", "coordinates": [ [ [ -69.593325, -24.415500958654984 ], [ -69.590235, -24.414972958654623 ], [ -69.580235, -24.416828958655817 ], [ -69.576867, -24.417708958656483 ], [ -69.57309, -24.41721995865618 ], [ -69.573176, -24.420111958658083 ], [ -69.568219, -24.420834958658531 ], [ -69.569464, -24.421752958659177 ], [ -69.572811, -24.423413958660298 ], [ -69.574785, -24.425406958661682 ], [ -69.576904, -24.428077958663369 ], [ -69.581137, -24.43072095866518 ], [ -69.583647, -24.436170958668889 ], [ -69.58914, -24.438983958670761 ], [ -69.593925, -24.435525958668428 ], [ -69.60017, -24.431931958666002 ], [ -69.602938, -24.428160958663486 ], [ -69.601457, -24.42384395866053 ], [ -69.594805, -24.420697958658479 ], [ -69.593325, -24.415500958654984 ] ] ] } },
{ "type": "Feature", "properties": { "fid": 2404, "ISO3_CODE": "CHL", "COUNTRY_NAME": "Chile", "AREA": 230.91018859820841 }, "geometry": { "type": "Polygon", "coordinates": [ [ [ -69.038773, -24.141740958478152 ], [ -69.031198, -24.140526958477459 ], [ -69.028623, -24.145813958480769 ], [ -69.023774, -24.152627958484999 ], [ -69.024482, -24.156523958487423 ], [ -69.02667, -24.161398958490455 ], [ -69.024181, -24.170012958495828 ], [ -69.024181, -24.18246295850367 ], [ -69.023409, -24.191857958509598 ], [ -69.010706, -24.197886958513507 ], [ -69.008131, -24.206575958519007 ], [ -69.008303, -24.225519958530963 ], [ -68.990707, -24.237885958538893 ], [ -68.972511, -24.240390958540438 ], [ -68.959808, -24.253537958548911 ], [ -68.994141, -24.280767958566432 ], [ -69.0065, -24.275760958563183 ], [ -69.02873, -24.296883958576878 ], [ -69.041004, -24.318472958590917 ], [ -69.054565, -24.346470958609256 ], [ -69.073792, -24.357104958616237 ], [ -69.081688, -24.367269958622977 ], [ -69.087009, -24.366643958622589 ], [ -69.089413, -24.353351958613779 ], [ -69.104605, -24.333723958600899 ], [ -69.113359, -24.318707958591133 ], [ -69.117651, -24.297039958576988 ], [ -69.139366, -24.287965958571085 ], [ -69.137306, -24.260110958553152 ], [ -69.147263, -24.249468958546295 ], [ -69.170609, -24.242268958541693 ], [ -69.162025, -24.216909958525502 ], [ -69.132843, -24.218474958526556 ], [ -69.129753, -24.228493958532894 ], [ -69.117737, -24.232563958535479 ], [ -69.110184, -24.23287695853567 ], [ -69.108295, -24.209629958520896 ], [ -69.102545, -24.198121958513603 ], [ -69.086838, -24.186846958506464 ], [ -69.072762, -24.169385958495504 ], [ -69.060316, -24.156777958487613 ], [ -69.05036, -24.142837958478925 ], [ -69.038773, -24.141740958478152 ] ] ] } },
{ "type": "Feature", "properties": { "fid": 2412, "ISO3_CODE": "CHL", "COUNTRY_NAME": "Chile", "AREA": 81.070916111848589 }, "geometry": { "type": "Polygon", "coordinates": [ [ [ -69.174042, -24.406512986216331 ], [ -69.175758, -24.378683986210159 ], [ -69.153786, -24.375556986209507 ], [ -69.136276, -24.385876986211741 ], [ -69.11087, -24.383061986211185 ], [ -69.104347, -24.375556986209514 ], [ -69.076881, -24.374618986209281 ], [ -69.070015, -24.392129986213156 ], [ -69.082718, -24.43152198622191 ], [ -69.111214, -24.479336986232671 ], [ -69.141769, -24.457775986227791 ], [ -69.167862, -24.429020986221353 ], [ -69.174042, -24.406512986216331 ] ] ] } },
{ "type": "Feature", "properties": { "fid": 2479, "ISO3_CODE": "CHL", "COUNTRY_NAME": "Chile", "AREA": 4.1782185444328483 }, "geometry": { "type": "Polygon", "coordinates": [ [ [ -70.249157, -23.278643958003325 ], [ -70.239201, -23.281166958004484 ], [ -70.242376, -23.305920958016408 ], [ -70.246325, -23.3136459580201 ], [ -70.250359, -23.313488958019963 ], [ -70.252419, -23.311281958018942 ], [ -70.252247, -23.307182958016945 ], [ -70.252848, -23.301269958014142 ], [ -70.254135, -23.298116958012628 ], [ -70.254049, -23.295199958011196 ], [ -70.253105, -23.291494958009388 ], [ -70.251045, -23.285503958006522 ], [ -70.251131, -23.281718958004848 ], [ -70.251045, -23.279589958003818 ], [ -70.249157, -23.278643958003325 ] ] ] } },
{ "type": "Feature", "properties": { "fid": 2480, "ISO3_CODE": "CHL", "COUNTRY_NAME": "Chile", "AREA": 4.2025974052374959 }, "geometry": { "type": "Polygon", "coordinates": [ [ [ -70.29542, -23.346431958035943 ], [ -70.293016, -23.343595958034541 ], [ -70.281343, -23.339339958032483 ], [ -70.272503, -23.339024958032358 ], [ -70.267267, -23.345249958035371 ], [ -70.267353, -23.353996958039616 ], [ -70.291815, -23.355730958040446 ], [ -70.29542, -23.346431958035943 ] ] ] } },
{ "type": "Feature", "properties": { "fid": 2481, "ISO3_CODE": "CHL", "COUNTRY_NAME": "Chile", "AREA": 0.6558017222248167 }, "geometry": { "type": "Polygon", "coordinates": [ [ [ -69.498224, -23.457104958091016 ], [ -69.497409, -23.455726958090256 ], [ -69.49595, -23.457025958090941 ], [ -69.494233, -23.456553958090645 ], [ -69.492645, -23.458285958091537 ], [ -69.491401, -23.459309958092103 ], [ -69.489684, -23.459151958091951 ], [ -69.488225, -23.459348958092122 ], [ -69.487023, -23.460686958092847 ], [ -69.486551, -23.462458958093695 ], [ -69.48698, -23.463796958094367 ], [ -69.48771, -23.465450958095165 ], [ -69.488096, -23.466355958095701 ], [ -69.48904, -23.466749958095907 ], [ -69.490285, -23.466119958095547 ], [ -69.490757, -23.465765958095357 ], [ -69.490499, -23.464663958094778 ], [ -69.492302, -23.46387595809442 ], [ -69.49389, -23.462812958093853 ], [ -69.495692, -23.462104958093516 ], [ -69.495993, -23.46155395809317 ], [ -69.495692, -23.46064795809275 ], [ -69.49522, -23.460057958092484 ], [ -69.495692, -23.459151958092008 ], [ -69.496465, -23.458797958091775 ], [ -69.49698, -23.459072958091966 ], [ -69.497752, -23.458600958091708 ], [ -69.498353, -23.458088958091427 ], [ -69.498224, -23.457104958091016 ] ] ] } },
{ "type": "Feature", "properties": { "fid": 2482, "ISO3_CODE": "CHL", "COUNTRY_NAME": "Chile", "AREA": 0.038409440201759334 }, "geometry": { "type": "Polygon", "coordinates": [ [ [ -69.509811, -23.455765958090321 ], [ -69.50788, -23.455726958090246 ], [ -69.507837, -23.457655958091284 ], [ -69.509254, -23.457852958091376 ], [ -69.509811, -23.455765958090321 ] ] ] } },
{ "type": "Feature", "properties": { "fid": 2496, "ISO3_CODE": "CHL", "COUNTRY_NAME": "Chile", "AREA": 50.611512265813012 }, "geometry": { "type": "Polygon", "coordinates": [ [ [ -68.816986, -23.389845986019122 ], [ -68.809261, -23.391578986019386 ], [ -68.794327, -23.397092986020258 ], [ -68.777676, -23.410011986022464 ], [ -68.779564, -23.429070986025621 ], [ -68.786945, -23.44371898602806 ], [ -68.803253, -23.455844986030069 ], [ -68.804455, -23.475055986033382 ], [ -68.821793, -23.47820498603393 ], [ -68.844795, -23.459781986030745 ], [ -68.845654, -23.436316986026828 ], [ -68.852863, -23.414264986023156 ], [ -68.840332, -23.404812986021561 ], [ -68.829861, -23.389530986019036 ], [ -68.816986, -23.389845986019122 ] ] ] } },
{ "type": "Feature", "properties": { "fid": 2503, "ISO3_CODE": "CHL", "COUNTRY_NAME": "Chile", "AREA": 0.13325849317403882 }, "geometry": { "type": "Polygon", "coordinates": [ [ [ -70.108738, -23.448285958086487 ], [ -70.107021, -23.4485619580866 ], [ -70.106592, -23.448817958086774 ], [ -70.106313, -23.451671958088237 ], [ -70.110219, -23.451750958088265 ], [ -70.110261, -23.449250958087006 ], [ -70.108738, -23.448285958086487 ] ] ] } },
{ "type": "Feature", "properties": { "fid": 2504, "ISO3_CODE": "CHL", "COUNTRY_NAME": "Chile", "AREA": 30.369413584363848 }, "geometry": { "type": "Polygon", "coordinates": [ [ [ -70.100498, -23.422770958073649 ], [ -70.098095, -23.419462958071971 ], [ -70.093288, -23.415209958069898 ], [ -70.08831, -23.41064195806765 ], [ -70.080757, -23.413004958068793 ], [ -70.077496, -23.415682958070118 ], [ -70.075264, -23.416784958070703 ], [ -70.071487, -23.415366958070006 ], [ -70.064278, -23.414894958069716 ], [ -70.057926, -23.417099958070796 ], [ -70.049858, -23.418990958071742 ], [ -70.044193, -23.41867495807162 ], [ -70.037842, -23.416627958070617 ], [ -70.03046, -23.418044958071292 ], [ -70.022907, -23.420722958072652 ], [ -70.018272, -23.418832958071732 ], [ -70.013809, -23.422927958073707 ], [ -70.011063, -23.427810958076194 ], [ -70.018272, -23.434583958079575 ], [ -70.028229, -23.439151958081862 ], [ -70.037498, -23.444820958084772 ], [ -70.048313, -23.447813958086297 ], [ -70.05724, -23.449545958087171 ], [ -70.065136, -23.449545958087167 ], [ -70.068226, -23.449230958086961 ], [ -70.073032, -23.448915958086765 ], [ -70.078011, -23.447655958086202 ], [ -70.083332, -23.449230958086964 ], [ -70.090714, -23.450490958087624 ], [ -70.094662, -23.450490958087638 ], [ -70.09876, -23.450805958087766 ], [ -70.10273, -23.451021958087939 ], [ -70.104103, -23.44986095808726 ], [ -70.10891, -23.447498958086086 ], [ -70.107365, -23.44041195808256 ], [ -70.106506, -23.433166958078889 ], [ -70.104961, -23.426235958075413 ], [ -70.100498, -23.422770958073649 ] ] ] } },
{ "type": "Feature", "properties": { "fid": 2505, "ISO3_CODE": "CHL", "COUNTRY_NAME": "Chile", "AREA": 24.02001398690906 }, "geometry": { "type": "Polygon", "coordinates": [ [ [ -69.557447, -23.456553958090623 ], [ -69.557705, -23.45434895808955 ], [ -69.557104, -23.44986095808726 ], [ -69.555387, -23.448206958086452 ], [ -69.553585, -23.449466958087118 ], [ -69.551954, -23.449466958087132 ], [ -69.549894, -23.448915958086769 ], [ -69.548779, -23.449072958086923 ], [ -69.547234, -23.449230958086968 ], [ -69.546375, -23.447970958086326 ], [ -69.545345, -23.446631958085717 ], [ -69.544573, -23.445372958085084 ], [ -69.545002, -23.443954958084287 ], [ -69.546118, -23.44253795808363 ], [ -69.547491, -23.441119958082908 ], [ -69.548779, -23.43993895808233 ], [ -69.549723, -23.438521958081616 ], [ -69.549723, -23.435764958080181 ], [ -69.547319, -23.434111958079331 ], [ -69.544659, -23.434662958079695 ], [ -69.543543, -23.436709958080719 ], [ -69.542856, -23.438914958081792 ], [ -69.541397, -23.441434958083036 ], [ -69.539337, -23.442930958083789 ], [ -69.535131, -23.442064958083357 ], [ -69.533243, -23.439151958081862 ], [ -69.533329, -23.436158958080377 ], [ -69.532986, -23.433323958078958 ], [ -69.53187, -23.429779958077187 ], [ -69.530153, -23.427732958076128 ], [ -69.528866, -23.425526958075057 ], [ -69.527664, -23.423164958073851 ], [ -69.526548, -23.419777958072167 ], [ -69.52363, -23.418202958071337 ], [ -69.520884, -23.416548958070557 ], [ -69.523029, -23.416390958070536 ], [ -69.523973, -23.414028958069327 ], [ -69.523115, -23.411192958067826 ], [ -69.519167, -23.408041958066303 ], [ -69.51436, -23.407490958066035 ], [ -69.510498, -23.410877958067779 ], [ -69.504747, -23.41040495806752 ], [ -69.500799, -23.412689958068544 ], [ -69.497538, -23.411586958068106 ], [ -69.488869, -23.41150795806805 ], [ -69.474363, -23.421352958073012 ], [ -69.480972, -23.427810958076197 ], [ -69.48904, -23.439308958081984 ], [ -69.490499, -23.445372958085077 ], [ -69.493074, -23.445844958085281 ], [ -69.497023, -23.445923958085345 ], [ -69.497795, -23.444348958084483 ], [ -69.49831, -23.442615958083621 ], [ -69.498396, -23.44104195808287 ], [ -69.498396, -23.438993958081774 ], [ -69.499254, -23.437812958081238 ], [ -69.499769, -23.43584395808022 ], [ -69.500198, -23.434662958079702 ], [ -69.501486, -23.434662958079695 ], [ -69.503803, -23.436079958080406 ], [ -69.508867, -23.437576958081049 ], [ -69.513245, -23.438678958081638 ], [ -69.515562, -23.439308958081984 ], [ -69.517279, -23.43993895808233 ], [ -69.520025, -23.438914958081792 ], [ -69.522772, -23.439466958082022 ], [ -69.525003, -23.440253958082465 ], [ -69.526806, -23.441198958082932 ], [ -69.52878, -23.442300958083443 ], [ -69.531183, -23.444505958084608 ], [ -69.532299, -23.446316958085564 ], [ -69.531612, -23.448679958086679 ], [ -69.531527, -23.450490958087638 ], [ -69.531698, -23.452616958088697 ], [ -69.532471, -23.454348958089554 ], [ -69.532986, -23.455450958090186 ], [ -69.533072, -23.456868958090851 ], [ -69.533157, -23.458521958091627 ], [ -69.532385, -23.460253958092608 ], [ -69.530582, -23.460962958092889 ], [ -69.527836, -23.461828958093388 ], [ -69.52466, -23.463009958093963 ], [ -69.525347, -23.464741958094827 ], [ -69.527149, -23.46608095809556 ], [ -69.527922, -23.466631958095768 ], [ -69.528952, -23.467103958096068 ], [ -69.530668, -23.467812958096381 ], [ -69.532385, -23.468757958096905 ], [ -69.533587, -23.469465958097256 ], [ -69.534788, -23.470016958097506 ], [ -69.536333, -23.47088295809796 ], [ -69.537964, -23.472142958098623 ], [ -69.539251, -23.473402958099253 ], [ -69.540453, -23.475527958100319 ], [ -69.54217, -23.475763958100433 ], [ -69.543457, -23.474897958099984 ], [ -69.544573, -23.474031958099623 ], [ -69.54689, -23.474031958099616 ], [ -69.549294, -23.473244958099183 ], [ -69.549894, -23.472299958098692 ], [ -69.551182, -23.470961958098027 ], [ -69.553156, -23.469623958097298 ], [ -69.555302, -23.468520958096764 ], [ -69.556332, -23.466158958095555 ], [ -69.557104, -23.464111958094534 ], [ -69.558048, -23.461434958093125 ], [ -69.557791, -23.458679958091796 ], [ -69.557447, -23.456553958090623 ] ] ] } },
{ "type": "Feature", "properties": { "fid": 2510, "ISO3_CODE": "CHL", "COUNTRY_NAME": "Chile", "AREA": 0.44514304707220942 }, "geometry": { "type": "Polygon", "coordinates": [ [ [ -69.114239, -23.041212957895404 ], [ -69.112329, -23.040975957895284 ], [ -69.105055, -23.045339957897188 ], [ -69.106386, -23.04895295789882 ], [ -69.110398, -23.046761957897786 ], [ -69.115741, -23.043187957896297 ], [ -69.114239, -23.041212957895404 ] ] ] } },
{ "type": "Feature", "properties": { "fid": 2513, "ISO3_CODE": "CHL", "COUNTRY_NAME": "Chile", "AREA": 0.62206662062117457 }, "geometry": { "type": "Polygon", "coordinates": [ [ [ -69.085507, -23.02711395788937 ], [ -69.081817, -23.024704957888243 ], [ -69.079134, -23.025681957888686 ], [ -69.074961, -23.027883957889685 ], [ -69.076978, -23.032257957891524 ], [ -69.082857, -23.032455957891589 ], [ -69.085507, -23.02711395788937 ] ] ] } },
{ "type": "Feature", "properties": { "fid": 2523, "ISO3_CODE": "CHL", "COUNTRY_NAME": "Chile", "AREA": 0.069158384988658131 }, "geometry": { "type": "Polygon", "coordinates": [ [ [ -69.353256, -22.908988957839661 ], [ -69.352827, -22.909028957839727 ], [ -69.350767, -22.909898957840102 ], [ -69.351754, -22.911953957840879 ], [ -69.354458, -22.910530957840297 ], [ -69.353256, -22.908988957839661 ] ] ] } },
{ "type": "Feature", "properties": { "fid": 2524, "ISO3_CODE": "CHL", "COUNTRY_NAME": "Chile", "AREA": 0.31791530336539259 }, "geometry": { "type": "Polygon", "coordinates": [ [ [ -69.375057, -22.889301957831613 ], [ -69.372375, -22.88902495783157 ], [ -69.369843, -22.88898595783153 ], [ -69.3695, -22.889558957831756 ], [ -69.369607, -22.892681957833055 ], [ -69.369929, -22.893215957833245 ], [ -69.371645, -22.893413957833292 ], [ -69.372182, -22.894737957833861 ], [ -69.374499, -22.895053957833991 ], [ -69.375508, -22.895093957834028 ], [ -69.376087, -22.893768957833455 ], [ -69.375937, -22.892978957833151 ], [ -69.3748, -22.89305795783315 ], [ -69.374306, -22.891910957832664 ], [ -69.374521, -22.890665957832233 ], [ -69.374692, -22.889894957831899 ], [ -69.375057, -22.889301957831613 ] ] ] } },
{ "type": "Feature", "properties": { "fid": 2525, "ISO3_CODE": "CHL", "COUNTRY_NAME": "Chile", "AREA": 0.36376553367681053 }, "geometry": { "type": "Polygon", "coordinates": [ [ [ -69.350123, -22.897089957834794 ], [ -69.345446, -22.897959957835166 ], [ -69.345531, -22.900450957836167 ], [ -69.346218, -22.903454957837369 ], [ -69.34845, -22.903652957837487 ], [ -69.350531, -22.903513957837465 ], [ -69.351153, -22.902624957837098 ], [ -69.351346, -22.901379957836625 ], [ -69.35111, -22.899619957835849 ], [ -69.350123, -22.897089957834794 ] ] ] } },
{ "type": "Feature", "properties": { "fid": 2594, "ISO3_CODE": "CHL", "COUNTRY_NAME": "Chile", "AREA": 1353.9222266538818 }, "geometry": { "type": "Polygon", "coordinates": [ [ [ -68.328695300000021, -23.67173085820377 ], [ -68.332472, -23.670860958203313 ], [ -68.338737, -23.658361958196494 ], [ -68.340454, -23.650970958192485 ], [ -68.341055, -23.643108958188247 ], [ -68.341055899999972, -23.643041558188234 ], [ -68.343716, -23.636267958184547 ], [ -68.35187, -23.632886958182731 ], [ -68.362684, -23.6297419581811 ], [ -68.367491, -23.627067958179595 ], [ -68.376417, -23.620462958176105 ], [ -68.38191, -23.61306995817214 ], [ -68.392467, -23.605912958168314 ], [ -68.399849, -23.603553958167069 ], [ -68.406458, -23.606542958168678 ], [ -68.410835, -23.612047958171583 ], [ -68.412895, -23.620226958176001 ], [ -68.412724, -23.62738295817984 ], [ -68.407745, -23.632178958182372 ], [ -68.401394, -23.631864958182181 ], [ -68.390493, -23.63210095818236 ], [ -68.382168, -23.633201958182937 ], [ -68.38088, -23.636818958184833 ], [ -68.399076, -23.642322958187787 ], [ -68.407831, -23.64703995819043 ], [ -68.417959, -23.652700958193432 ], [ -68.426886, -23.65875495819666 ], [ -68.436584, -23.664886958200015 ], [ -68.444395, -23.675812958205977 ], [ -68.447828, -23.687053958212196 ], [ -68.451262, -23.704501958221723 ], [ -68.45787, -23.714874958227391 ], [ -68.46199, -23.715345958227651 ], [ -68.465853, -23.71338195822657 ], [ -68.469715, -23.709609958224455 ], [ -68.478684, -23.702536958220605 ], [ -68.483706, -23.69962895821898 ], [ -68.493061, -23.696209958217114 ], [ -68.496323, -23.697742958217937 ], [ -68.504219, -23.699392958218926 ], [ -68.51572, -23.700964958219757 ], [ -68.521729, -23.696248958217158 ], [ -68.528252, -23.688389958212777 ], [ -68.531685, -23.673454958204694 ], [ -68.531685, -23.668266958201865 ], [ -68.534775, -23.663706958199409 ], [ -68.543186, -23.665750958200537 ], [ -68.563957, -23.66716595820127 ], [ -68.570995, -23.665279958200298 ], [ -68.571044399999977, -23.663592658199359 ], [ -68.572969, -23.666104958200666 ], [ -68.577433, -23.669445958202488 ], [ -68.580008, -23.670074958202857 ], [ -68.581424, -23.667951958201705 ], [ -68.582454, -23.664610958199901 ], [ -68.582668, -23.661387958198162 ], [ -68.581595, -23.65796795819627 ], [ -68.579278, -23.6553739581949 ], [ -68.576574, -23.653722958193967 ], [ -68.572841, -23.653290958193747 ], [ -68.571371399999975, -23.652434458193301 ], [ -68.571382, -23.652071958193083 ], [ -68.570051, -23.649791958191866 ], [ -68.566618, -23.643147958188326 ], [ -68.563313, -23.636778958184834 ], [ -68.560824, -23.627421958179831 ], [ -68.558807, -23.6191649581754 ], [ -68.554645, -23.611614958171344 ], [ -68.549495, -23.603120958166819 ], [ -68.547864, -23.596828958163481 ], [ -68.543015, -23.583338958156325 ], [ -68.526278, -23.567841958148204 ], [ -68.5216, -23.562767958145457 ], [ -68.507309, -23.54825095813786 ], [ -68.505936, -23.528736958127762 ], [ -68.511429, -23.5044959581152 ], [ -68.509541, -23.480408958102867 ], [ -68.489456, -23.460726958092771 ], [ -68.476496, -23.438127958081392 ], [ -68.460102, -23.426235958075409 ], [ -68.439589, -23.413476958069044 ], [ -68.429718, -23.404182958064389 ], [ -68.415556, -23.388978958056839 ], [ -68.408518, -23.374010958049432 ], [ -68.390923, -23.354863958040077 ], [ -68.365173, -23.340363958032981 ], [ -68.348694, -23.346983958036201 ], [ -68.32818, -23.350608958037977 ], [ -68.291616, -23.352420958038813 ], [ -68.26046, -23.351554958038477 ], [ -68.24501, -23.352814958039076 ], [ -68.226471, -23.35431295803977 ], [ -68.185873, -23.36400395804457 ], [ -68.167591, -23.366210958045631 ], [ -68.151283, -23.379682958052278 ], [ -68.139954, -23.396068958060376 ], [ -68.134804, -23.448128958086411 ], [ -68.125534, -23.499143958112445 ], [ -68.119011, -23.538493958132815 ], [ -68.101158, -23.596396958163268 ], [ -68.103905, -23.634144958183409 ], [ -68.122101, -23.642636958188003 ], [ -68.15506, -23.646410958189975 ], [ -68.188362, -23.658675958196699 ], [ -68.213682, -23.678721958207536 ], [ -68.233767, -23.689725958213593 ], [ -68.248529, -23.700885958219708 ], [ -68.267155, -23.717231958228709 ], [ -68.276253, -23.72571895823339 ], [ -68.284149, -23.727211958234154 ], [ -68.289299, -23.722575958231669 ], [ -68.298826, -23.711809958225679 ], [ -68.304234, -23.705837958222357 ], [ -68.308182, -23.695620958216814 ], [ -68.317194, -23.684852958210872 ], [ -68.326807, -23.676048958206128 ], [ -68.328695300000021, -23.67173085820377 ] ] ] } },
{ "type": "Feature", "properties": { "fid": 2620, "ISO3_CODE": "CHL", "COUNTRY_NAME": "Chile", "AREA": 2.0340959222247004 }, "geometry": { "type": "Polygon", "coordinates": [ [ [ -70.216799, -22.378729957648272 ], [ -70.215769, -22.377975957648065 ], [ -70.215082, -22.37738095764789 ], [ -70.214868, -22.376626957647648 ], [ -70.21431, -22.375792957647402 ], [ -70.21328, -22.375832957647432 ], [ -70.213108, -22.375158957647184 ], [ -70.212164, -22.374523957646996 ], [ -70.210919, -22.375316957647261 ], [ -70.210147, -22.375832957647386 ], [ -70.208731, -22.37615095764756 ], [ -70.207357, -22.375753957647397 ], [ -70.205984, -22.37519795764716 ], [ -70.204096, -22.37468195764707 ], [ -70.202765, -22.37468195764707 ], [ -70.201306, -22.375475957647261 ], [ -70.20062, -22.376269957647533 ], [ -70.200877, -22.377062957647777 ], [ -70.201735, -22.377697957647932 ], [ -70.202723, -22.378769957648316 ], [ -70.203967, -22.379959957648712 ], [ -70.205126, -22.381348957649056 ], [ -70.206027, -22.382181957649372 ], [ -70.2068, -22.383293957649755 ], [ -70.208087, -22.384285957650075 ], [ -70.2074, -22.385634957650435 ], [ -70.205812, -22.386785957650819 ], [ -70.204225, -22.386983957650887 ], [ -70.202637, -22.387896957651172 ], [ -70.201693, -22.389443957651661 ], [ -70.200534, -22.391149957652196 ], [ -70.203066, -22.392340957652628 ], [ -70.204997, -22.392856957652729 ], [ -70.206199, -22.39249895765267 ], [ -70.206928, -22.391784957652394 ], [ -70.208645, -22.390713957652082 ], [ -70.209932, -22.38932495765166 ], [ -70.210876, -22.38928495765165 ], [ -70.211391, -22.389086957651543 ], [ -70.212593, -22.388213957651256 ], [ -70.213881, -22.387419957651044 ], [ -70.214782, -22.386189957650643 ], [ -70.215511, -22.384880957650275 ], [ -70.21637, -22.383293957649748 ], [ -70.217314, -22.381388957649165 ], [ -70.217614, -22.379721957648581 ], [ -70.216799, -22.378729957648272 ] ] ] } },
{ "type": "Feature", "properties": { "fid": 2621, "ISO3_CODE": "CHL", "COUNTRY_NAME": "Chile", "AREA": 0.034726172043118626 }, "geometry": { "type": "Polygon", "coordinates": [ [ [ -70.199085, -22.381904957649279 ], [ -70.198946, -22.381685957649189 ], [ -70.197594, -22.380049957648737 ], [ -70.197347, -22.379920957648665 ], [ -70.197068, -22.380108957648726 ], [ -70.197111, -22.380386957648827 ], [ -70.197347, -22.380674957648935 ], [ -70.197476, -22.380872957648908 ], [ -70.197626, -22.381160957649016 ], [ -70.197541, -22.381467957649136 ], [ -70.19739, -22.381834957649321 ], [ -70.197326, -22.38223195764941 ], [ -70.197594, -22.382449957649424 ], [ -70.197991, -22.382816957649617 ], [ -70.198324, -22.382995957649612 ], [ -70.198581, -22.382926957649659 ], [ -70.198774, -22.382350957649461 ], [ -70.199085, -22.381904957649279 ] ] ] } },
{ "type": "Feature", "properties": { "fid": 2622, "ISO3_CODE": "CHL", "COUNTRY_NAME": "Chile", "AREA": 3.8117672196202967 }, "geometry": { "type": "Polygon", "coordinates": [ [ [ -70.193882, -22.37916695764843 ], [ -70.195127, -22.379166957648437 ], [ -70.195556, -22.378054957648128 ], [ -70.194955, -22.376269957647533 ], [ -70.19371, -22.37587295764742 ], [ -70.192509, -22.375237957647222 ], [ -70.191565, -22.37432495764693 ], [ -70.190578, -22.374007957646814 ], [ -70.18929, -22.373808957646734 ], [ -70.18826, -22.373650957646731 ], [ -70.187316, -22.373411957646628 ], [ -70.186543, -22.373054957646531 ], [ -70.185428, -22.372896957646546 ], [ -70.184698, -22.373253957646511 ], [ -70.183067, -22.373848957646771 ], [ -70.181479, -22.373530957646722 ], [ -70.179935, -22.373491957646706 ], [ -70.178518, -22.373213957646538 ], [ -70.177274, -22.372737957646432 ], [ -70.176415, -22.372062957646236 ], [ -70.1753, -22.371467957646033 ], [ -70.174613, -22.370872957645826 ], [ -70.173368, -22.371268957646006 ], [ -70.172381, -22.373372957646644 ], [ -70.170321, -22.374126957646894 ], [ -70.168691, -22.375713957647339 ], [ -70.166931, -22.377499957647917 ], [ -70.166073, -22.37912695764842 ], [ -70.165815, -22.380713957648943 ], [ -70.166459, -22.382062957649403 ], [ -70.167618, -22.383412957649739 ], [ -70.170064, -22.385475957650417 ], [ -70.17015, -22.386666957650771 ], [ -70.171137, -22.387102957650907 ], [ -70.171137, -22.388173957651269 ], [ -70.173454, -22.389086957651546 ], [ -70.175171, -22.393371957652892 ], [ -70.184612, -22.388808957651438 ], [ -70.183454, -22.38706295765094 ], [ -70.185299, -22.385197957650323 ], [ -70.185771, -22.380912957648952 ], [ -70.185642, -22.378253957648138 ], [ -70.189075, -22.378213957648128 ], [ -70.191908, -22.37861095764827 ], [ -70.193882, -22.37916695764843 ] ] ] } },
{ "type": "Feature", "properties": { "fid": 2648, "ISO3_CODE": "CHL", "COUNTRY_NAME": "Chile", "AREA": 0.010274418470176868 }, "geometry": { "type": "Polygon", "coordinates": [ [ [ -70.239662, -22.747119957775812 ], [ -70.239249, -22.747257957775858 ], [ -70.238948, -22.747342957775881 ], [ -70.23897, -22.747579957775976 ], [ -70.239115, -22.747718957776016 ], [ -70.239115, -22.747891957776055 ], [ -70.239158, -22.748098957776183 ], [ -70.239394, -22.748202957776194 ], [ -70.239608, -22.748153957776118 ], [ -70.239721, -22.748000957776071 ], [ -70.239818, -22.747851957776096 ], [ -70.239893, -22.747688957776024 ], [ -70.239936, -22.747475957775908 ], [ -70.240161, -22.747376957775895 ], [ -70.240354, -22.747292957775844 ], [ -70.24037, -22.747144957775813 ], [ -70.240252, -22.747069957775743 ], [ -70.240134, -22.747015957775719 ], [ -70.240021, -22.747040957775798 ], [ -70.239871, -22.747079957775796 ], [ -70.239774999999895, -22.747159957775807 ], [ -70.239662, -22.747119957775812 ] ] ] } },
{ "type": "Feature", "properties": { "fid": 2650, "ISO3_CODE": "CHL", "COUNTRY_NAME": "Chile", "AREA": 0.32093659559977056 }, "geometry": { "type": "Polygon", "coordinates": [ [ [ -70.167661, -22.730550957769562 ], [ -70.165043, -22.730352957769497 ], [ -70.16427, -22.730946957769717 ], [ -70.163927, -22.731896957770044 ], [ -70.162768, -22.733063957770455 ], [ -70.163326, -22.734191957770864 ], [ -70.164056, -22.736645957771792 ], [ -70.166759, -22.736883957771877 ], [ -70.168347, -22.736843957771917 ], [ -70.16839, -22.73535995777133 ], [ -70.167661, -22.730550957769562 ] ] ] } },
{ "type": "Feature", "properties": { "fid": 2651, "ISO3_CODE": "CHL", "COUNTRY_NAME": "Chile", "AREA": 0.27626417828001082 }, "geometry": { "type": "Polygon", "coordinates": [ [ [ -70.222549, -22.690645957754619 ], [ -70.221691, -22.692189957755186 ], [ -70.22212, -22.69333895775565 ], [ -70.220962, -22.694802957756117 ], [ -70.221219, -22.695634957756415 ], [ -70.222549, -22.697059957756991 ], [ -70.22388, -22.69812895775738 ], [ -70.225382, -22.697257957757081 ], [ -70.22697, -22.694763957756148 ], [ -70.222549, -22.690645957754619 ] ] ] } },
{ "type": "Feature", "properties": { "fid": 2652, "ISO3_CODE": "CHL", "COUNTRY_NAME": "Chile", "AREA": 1.0202936639726365 }, "geometry": { "type": "Polygon", "coordinates": [ [ [ -70.255305, -22.712014957762523 ], [ -70.254779, -22.710718957762086 ], [ -70.253792, -22.710084957761932 ], [ -70.253663, -22.709015957761427 ], [ -70.253191, -22.707194957760809 ], [ -70.251689, -22.706046957760332 ], [ -70.250273, -22.706403957760436 ], [ -70.249114, -22.707353957760816 ], [ -70.248771, -22.708580957761264 ], [ -70.2495, -22.709966957761786 ], [ -70.250659, -22.7116289577624 ], [ -70.251517, -22.713093957762936 ], [ -70.252891, -22.714716957763613 ], [ -70.253749, -22.716577957764301 ], [ -70.255251, -22.719743957765413 ], [ -70.25641, -22.721406957766106 ], [ -70.258598, -22.721881957766293 ], [ -70.2598, -22.723187957766747 ], [ -70.261946, -22.724217957767113 ], [ -70.264349, -22.725048957767385 ], [ -70.266023, -22.723979957767025 ], [ -70.267053, -22.722039957766331 ], [ -70.266151, -22.719743957765466 ], [ -70.264091, -22.719823957765453 ], [ -70.261602, -22.719783957765483 ], [ -70.257118, -22.719011957765158 ], [ -70.256495, -22.718714957765076 ], [ -70.256249, -22.718190957764843 ], [ -70.256152, -22.71786395776472 ], [ -70.256066, -22.717279957764514 ], [ -70.256109, -22.716527957764267 ], [ -70.25598, -22.715884957763947 ], [ -70.256023, -22.715518957763823 ], [ -70.256249, -22.715270957763806 ], [ -70.256474, -22.714973957763622 ], [ -70.256796, -22.714756957763619 ], [ -70.257322, -22.714231957763307 ], [ -70.257429, -22.713410957763074 ], [ -70.256978, -22.71309395776294 ], [ -70.256195, -22.712559957762736 ], [ -70.255305, -22.712014957762523 ] ] ] } },
{ "type": "Feature", "properties": { "fid": 2653, "ISO3_CODE": "CHL", "COUNTRY_NAME": "Chile", "AREA": 2.1984000246460251 }, "geometry": { "type": "Polygon", "coordinates": [ [ [ -70.241389, -22.731183957769733 ], [ -70.241432, -22.730411957769466 ], [ -70.24111, -22.730095957769379 ], [ -70.240381, -22.729580957769166 ], [ -70.239823, -22.729125957768989 ], [ -70.239222, -22.72841295776869 ], [ -70.238965, -22.728155957768646 ], [ -70.238793, -22.72746295776841 ], [ -70.238793, -22.726809957768079 ], [ -70.239007, -22.726314957767951 ], [ -70.238986, -22.725364957767518 ], [ -70.238922, -22.724434957767198 ], [ -70.23905, -22.723761957767007 ], [ -70.239394, -22.723168957766706 ], [ -70.239844, -22.722752957766605 ], [ -70.240595, -22.722316957766427 ], [ -70.240595, -22.721505957766087 ], [ -70.24008, -22.721525957766133 ], [ -70.239072, -22.721762957766195 ], [ -70.238149, -22.722039957766327 ], [ -70.237184, -22.721545957766111 ], [ -70.236068, -22.721169957765948 ], [ -70.234931, -22.720674957765802 ], [ -70.234008, -22.720515957765766 ], [ -70.233471, -22.720021957765521 ], [ -70.233171, -22.71944795776535 ], [ -70.233128, -22.718635957765041 ], [ -70.233943, -22.717190957764515 ], [ -70.233793, -22.716676957764275 ], [ -70.233428, -22.715824957763985 ], [ -70.233536, -22.715151957763734 ], [ -70.233793, -22.714083957763325 ], [ -70.233107, -22.712816957762861 ], [ -70.231819, -22.712301957762651 ], [ -70.230746, -22.711430957762335 ], [ -70.231175, -22.710203957761845 ], [ -70.232377, -22.708501957761211 ], [ -70.231647, -22.707788957760982 ], [ -70.230231, -22.707867957761025 ], [ -70.228386, -22.706996957760694 ], [ -70.22697, -22.705492957760157 ], [ -70.225596, -22.705373957760063 ], [ -70.224352, -22.706086957760384 ], [ -70.223408, -22.708224957761171 ], [ -70.224609, -22.709055957761482 ], [ -70.225983, -22.709174957761505 ], [ -70.227141, -22.709807957761708 ], [ -70.2283, -22.710836957762091 ], [ -70.228086, -22.711787957762461 ], [ -70.226841, -22.712855957762887 ], [ -70.225296, -22.715429957763877 ], [ -70.225897, -22.716775957764341 ], [ -70.226369, -22.718081957764824 ], [ -70.227013, -22.719625957765444 ], [ -70.229158, -22.721169957765941 ], [ -70.230317, -22.722079957766375 ], [ -70.230703, -22.723464957766939 ], [ -70.230446, -22.726433957767963 ], [ -70.231347, -22.727225957768272 ], [ -70.232334, -22.728214957768621 ], [ -70.232806, -22.730431957769444 ], [ -70.234179, -22.730985957769683 ], [ -70.234179, -22.732806957770379 ], [ -70.233793, -22.734904957771192 ], [ -70.235209, -22.735458957771385 ], [ -70.236626, -22.734468957770979 ], [ -70.239029, -22.732648957770266 ], [ -70.241389, -22.731183957769733 ] ] ] } },
{ "type": "Feature", "properties": { "fid": 2657, "ISO3_CODE": "CHL", "COUNTRY_NAME": "Chile", "AREA": 0.28090239756567587 }, "geometry": { "type": "Polygon", "coordinates": [ [ [ -70.183175, -22.715547957763889 ], [ -70.18266, -22.715053957763672 ], [ -70.181887, -22.714716957763613 ], [ -70.181179, -22.714518957763495 ], [ -70.180471, -22.714459957763502 ], [ -70.179827, -22.713647957763193 ], [ -70.179141, -22.713429957763136 ], [ -70.179291, -22.714300957763367 ], [ -70.179334, -22.714894957763633 ], [ -70.179548, -22.715429957763874 ], [ -70.179484, -22.715824957763978 ], [ -70.179591, -22.716339957764223 ], [ -70.179827, -22.716636957764273 ], [ -70.180235, -22.716933957764411 ], [ -70.180535, -22.717467957764612 ], [ -70.180836, -22.717942957764745 ], [ -70.180707, -22.718318957764961 ], [ -70.179183, -22.720397957765698 ], [ -70.179935, -22.72093195776592 ], [ -70.180621, -22.720911957765896 ], [ -70.181201, -22.720515957765809 ], [ -70.182036999999895, -22.720595957765809 ], [ -70.182788, -22.720595957765813 ], [ -70.183346, -22.720357957765671 ], [ -70.183668, -22.719961957765548 ], [ -70.183860999999879, -22.719486957765419 ], [ -70.18414, -22.718892957765188 ], [ -70.184548, -22.71855695776496 ], [ -70.184634, -22.71792395776475 ], [ -70.184441, -22.716972957764405 ], [ -70.183904, -22.716240957764068 ], [ -70.183175, -22.715547957763889 ] ] ] } },
{ "type": "Feature", "properties": { "fid": 2658, "ISO3_CODE": "CHL", "COUNTRY_NAME": "Chile", "AREA": 0.150203331417121 }, "geometry": { "type": "Polygon", "coordinates": [ [ [ -70.196757, -22.710995957762179 ], [ -70.194526, -22.711589957762392 ], [ -70.194526, -22.71368795776322 ], [ -70.195041, -22.715112957763722 ], [ -70.195813, -22.715983957764021 ], [ -70.196972, -22.716022957764061 ], [ -70.197916, -22.715943957763965 ], [ -70.197916, -22.714518957763495 ], [ -70.197444, -22.71285595776288 ], [ -70.196757, -22.710995957762179 ] ] ] } },
{ "type": "Feature", "properties": { "fid": 2659, "ISO3_CODE": "CHL", "COUNTRY_NAME": "Chile", "AREA": 7.1672756103221023 }, "geometry": { "type": "Polygon", "coordinates": [ [ [ -69.405785, -22.805933957798445 ], [ -69.404068, -22.802689957797192 ], [ -69.400291, -22.800869957796476 ], [ -69.397459, -22.799049957795734 ], [ -69.39394, -22.797546957795234 ], [ -69.390678, -22.797309957795093 ], [ -69.38673, -22.796913957794963 ], [ -69.381838, -22.797071957795012 ], [ -69.37746, -22.799445957795893 ], [ -69.374971, -22.801265957796662 ], [ -69.370852, -22.804588957797957 ], [ -69.371452, -22.808386957799407 ], [ -69.372911, -22.812975957801182 ], [ -69.376259, -22.817247957802856 ], [ -69.380207, -22.818196957803195 ], [ -69.386301, -22.818829957803487 ], [ -69.389305, -22.818908957803579 ], [ -69.393511, -22.818513957803415 ], [ -69.397888, -22.818355957803313 ], [ -69.402609, -22.81740595780294 ], [ -69.405441, -22.816456957802615 ], [ -69.4063, -22.814320957801769 ], [ -69.406128, -22.809889957799999 ], [ -69.405785, -22.805933957798445 ] ] ] } },
{ "type": "Feature", "properties": { "fid": 2660, "ISO3_CODE": "CHL", "COUNTRY_NAME": "Chile", "AREA": 2.4390194484663565 }, "geometry": { "type": "Polygon", "coordinates": [ [ [ -70.174055, -22.729085957768998 ], [ -70.176458, -22.728214957768621 ], [ -70.177402, -22.727106957768189 ], [ -70.177402, -22.725444957767618 ], [ -70.177402, -22.724098957767087 ], [ -70.176973, -22.722514957766489 ], [ -70.176029, -22.72172395776618 ], [ -70.175171, -22.720218957765617 ], [ -70.173798, -22.718793957765126 ], [ -70.173197, -22.717210957764458 ], [ -70.172768, -22.715785957763945 ], [ -70.173197, -22.714835957763626 ], [ -70.173883, -22.713647957763197 ], [ -70.173883, -22.711905957762461 ], [ -70.173712, -22.710639957762012 ], [ -70.174398, -22.708976957761458 ], [ -70.173798, -22.706442957760498 ], [ -70.171738, -22.706205957760417 ], [ -70.169849, -22.706363957760431 ], [ -70.168047, -22.707076957760705 ], [ -70.165987, -22.706680957760604 ], [ -70.165129, -22.705492957760153 ], [ -70.162724999999895, -22.70573095776026 ], [ -70.160666, -22.706284957760428 ], [ -70.159636, -22.707947957761057 ], [ -70.159721, -22.709293957761592 ], [ -70.160494, -22.710639957762016 ], [ -70.161867, -22.712697957762831 ], [ -70.162811, -22.714122957763312 ], [ -70.163927, -22.714993957763696 ], [ -70.164528, -22.716102957764129 ], [ -70.165215, -22.71800295776476 ], [ -70.166845, -22.720139957765607 ], [ -70.167789, -22.721248957766036 ], [ -70.16942, -22.722989957766632 ], [ -70.17045, -22.724810957767353 ], [ -70.171394, -22.727739957768435 ], [ -70.174055, -22.729085957768998 ] ] ] } },
{ "type": "Feature", "properties": { "fid": 2661, "ISO3_CODE": "CHL", "COUNTRY_NAME": "Chile", "AREA": 0.21431208093507587 }, "geometry": { "type": "Polygon", "coordinates": [ [ [ -70.245874, -22.646640957738498 ], [ -70.245638, -22.646194957738363 ], [ -70.245413, -22.645877957738247 ], [ -70.244983, -22.645679957738167 ], [ -70.244619, -22.645610957738143 ], [ -70.244286, -22.64547195773811 ], [ -70.244007, -22.645352957738062 ], [ -70.243653, -22.645194957737985 ], [ -70.243524, -22.644986957737938 ], [ -70.243374, -22.644719957737784 ], [ -70.243106, -22.644590957737776 ], [ -70.242773, -22.644798957737873 ], [ -70.242484, -22.645125957738014 ], [ -70.24228, -22.645511957738105 ], [ -70.242183, -22.646026957738346 ], [ -70.242001, -22.646372957738471 ], [ -70.241582, -22.64693795773859 ], [ -70.241336, -22.647164957738728 ], [ -70.241303, -22.647521957738828 ], [ -70.241615, -22.64798695773899 ], [ -70.242012, -22.648452957739153 ], [ -70.242419, -22.648947957739367 ], [ -70.243052, -22.649184957739468 ], [ -70.243696, -22.649372957739516 ], [ -70.244275, -22.649353957739514 ], [ -70.244715, -22.649323957739529 ], [ -70.245101, -22.649174957739476 ], [ -70.245616, -22.649046957739408 ], [ -70.246142, -22.648976957739336 ], [ -70.246518, -22.648937957739363 ], [ -70.246797, -22.649085957739338 ], [ -70.247151, -22.649273957739467 ], [ -70.247462, -22.649353957739514 ], [ -70.247784, -22.649452957739552 ], [ -70.248191, -22.649402957739571 ], [ -70.248256, -22.649016957739324 ], [ -70.248148, -22.648768957739268 ], [ -70.247923, -22.648372957739145 ], [ -70.247494, -22.648065957738982 ], [ -70.247312, -22.647848957738979 ], [ -70.247086, -22.647600957738881 ], [ -70.24685, -22.647461957738841 ], [ -70.246571, -22.647253957738716 ], [ -70.246217, -22.647065957738704 ], [ -70.245874, -22.646640957738498 ] ] ] } },
{ "type": "Feature", "properties": { "fid": 2662, "ISO3_CODE": "CHL", "COUNTRY_NAME": "Chile", "AREA": 0.63645876471895346 }, "geometry": { "type": "Polygon", "coordinates": [ [ [ -70.172102, -22.604007957723294 ], [ -70.171866, -22.603432957723065 ], [ -70.171416, -22.603056957722984 ], [ -70.170901, -22.602877957722921 ], [ -70.170257, -22.602759957722817 ], [ -70.169528, -22.602759957722814 ], [ -70.168841, -22.602739957722811 ], [ -70.168884, -22.602362957722715 ], [ -70.168047, -22.60174895772256 ], [ -70.167403, -22.601927957722545 ], [ -70.166996, -22.602620957722795 ], [ -70.166738, -22.603274957723009 ], [ -70.16633, -22.603571957723105 ], [ -70.165644, -22.603472957723085 ], [ -70.1647, -22.603234957723011 ], [ -70.16367, -22.602957957722914 ], [ -70.16279, -22.603036957722889 ], [ -70.16191, -22.603095957722971 ], [ -70.161374, -22.603729957723214 ], [ -70.161116, -22.604561957723487 ], [ -70.161159, -22.605037957723614 ], [ -70.161438, -22.605750957723874 ], [ -70.161567, -22.606502957724146 ], [ -70.16176, -22.607097957724431 ], [ -70.161695, -22.607473957724533 ], [ -70.161395, -22.607849957724607 ], [ -70.16088, -22.608543957724947 ], [ -70.16073, -22.609256957725119 ], [ -70.16161, -22.608919957725053 ], [ -70.162125, -22.608681957724901 ], [ -70.162725, -22.608483957724875 ], [ -70.163605, -22.608345957724815 ], [ -70.164249, -22.608226957724728 ], [ -70.164936, -22.608246957724777 ], [ -70.165644, -22.608226957724725 ], [ -70.16603, -22.6079889577247 ], [ -70.166523, -22.607632957724533 ], [ -70.167103, -22.607414957724444 ], [ -70.167489, -22.607513957724496 ], [ -70.167854, -22.607572957724557 ], [ -70.168347, -22.60747395772454 ], [ -70.168777, -22.607493957724508 ], [ -70.16897, -22.607750957724559 ], [ -70.169377, -22.607790957724625 ], [ -70.169785, -22.607790957724607 ], [ -70.170236, -22.60783095772458 ], [ -70.171094, -22.607790957724614 ], [ -70.171759, -22.607612957724601 ], [ -70.171845, -22.607295957724489 ], [ -70.171909, -22.606819957724309 ], [ -70.171931, -22.606562957724165 ], [ -70.172274, -22.606483957724148 ], [ -70.172596, -22.606403957724066 ], [ -70.172896, -22.60628595772409 ], [ -70.173004, -22.605888957723923 ], [ -70.172939, -22.605116957723698 ], [ -70.172446, -22.604482957723498 ], [ -70.172102, -22.604007957723294 ] ] ] } },
{ "type": "Feature", "properties": { "fid": 2672, "ISO3_CODE": "CHL", "COUNTRY_NAME": "Chile", "AREA": 0.34489206430065444 }, "geometry": { "type": "Polygon", "coordinates": [ [ [ -70.24965, -22.679083957750343 ], [ -70.249479, -22.678390957750068 ], [ -70.2492, -22.678192957750003 ], [ -70.248857, -22.677935957749973 ], [ -70.248342, -22.677816957749869 ], [ -70.247998, -22.677796957749923 ], [ -70.247569, -22.677994957749995 ], [ -70.247397, -22.677757957749879 ], [ -70.247011, -22.677143957749646 ], [ -70.246711, -22.676806957749548 ], [ -70.246003, -22.677222957749731 ], [ -70.245466, -22.677420957749728 ], [ -70.244865, -22.67755995774975 ], [ -70.244157, -22.677717957749863 ], [ -70.243535, -22.678054957749989 ], [ -70.243149, -22.67850995775013 ], [ -70.242934, -22.679024957750368 ], [ -70.242698, -22.679836957750624 ], [ -70.242333, -22.680350957750814 ], [ -70.242033, -22.681321957751184 ], [ -70.242527, -22.681815957751375 ], [ -70.243363, -22.681855957751385 ], [ -70.244007, -22.681578957751288 ], [ -70.244286, -22.681043957751143 ], [ -70.244672, -22.680509957750932 ], [ -70.24523, -22.680331957750809 ], [ -70.245788, -22.680430957750822 ], [ -70.246281999999894, -22.680806957750992 ], [ -70.246582, -22.681261957751175 ], [ -70.24699, -22.681796957751359 ], [ -70.247419, -22.682350957751506 ], [ -70.24802, -22.683043957751778 ], [ -70.248621, -22.683577957751975 ], [ -70.249286, -22.683201957751869 ], [ -70.249844, -22.682687957751671 ], [ -70.250101, -22.682013957751472 ], [ -70.250251, -22.681182957751162 ], [ -70.25008, -22.680469957750827 ], [ -70.25008, -22.679697957750619 ], [ -70.24965, -22.679083957750343 ] ] ] } },
{ "type": "Feature", "properties": { "fid": 2676, "ISO3_CODE": "CHL", "COUNTRY_NAME": "Chile", "AREA": 0.026400204109186306 }, "geometry": { "type": "Polygon", "coordinates": [ [ [ -70.226229, -22.676262957749312 ], [ -70.225993, -22.676143957749279 ], [ -70.225275, -22.676381957749371 ], [ -70.224813, -22.676509957749417 ], [ -70.224674, -22.676707957749475 ], [ -70.224588, -22.6769959577496 ], [ -70.224427, -22.677292957749707 ], [ -70.224566, -22.677490957749757 ], [ -70.224942, -22.677539957749758 ], [ -70.22536, -22.677569957749721 ], [ -70.225832, -22.677658957749799 ], [ -70.226305, -22.677559957749743 ], [ -70.226487, -22.677311957749733 ], [ -70.226519, -22.676896957749562 ], [ -70.226498, -22.676569957749432 ], [ -70.226229, -22.676262957749312 ] ] ] } },
{ "type": "Feature", "properties": { "fid": 2677, "ISO3_CODE": "CHL", "COUNTRY_NAME": "Chile", "AREA": 13.407879742775872 }, "geometry": { "type": "Polygon", "coordinates": [ [ [ -70.17869, -22.672946957748103 ], [ -70.178003, -22.671203957747448 ], [ -70.177317, -22.669302957746744 ], [ -70.177006, -22.668530957746487 ], [ -70.176888, -22.667684957746186 ], [ -70.176458, -22.66727395774608 ], [ -70.175707, -22.667402957746059 ], [ -70.175171, -22.66676895774588 ], [ -70.173712, -22.666451957745714 ], [ -70.172081, -22.667798957746225 ], [ -70.171394, -22.668906957746604 ], [ -70.169249, -22.669540957746811 ], [ -70.167789, -22.669936957747009 ], [ -70.165901, -22.670174957747129 ], [ -70.16427, -22.670411957747138 ], [ -70.16367, -22.66890695774665 ], [ -70.163584, -22.667481957746084 ], [ -70.163326, -22.66668995774581 ], [ -70.160837, -22.666214957745623 ], [ -70.159035, -22.666214957745638 ], [ -70.157318, -22.666451957745714 ], [ -70.156889, -22.668114957746283 ], [ -70.156975, -22.669857957746949 ], [ -70.15723199999988, -22.671441957747561 ], [ -70.158777, -22.672787957748021 ], [ -70.160923, -22.673896957748457 ], [ -70.16221, -22.675084957748872 ], [ -70.162468, -22.677064957749586 ], [ -70.160837, -22.677618957749786 ], [ -70.159378, -22.677460957749766 ], [ -70.157661, -22.677222957749727 ], [ -70.157061, -22.678331957750103 ], [ -70.156631, -22.681182957751162 ], [ -70.157318, -22.683241957751832 ], [ -70.158262, -22.685458957752708 ], [ -70.159292, -22.687042957753313 ], [ -70.160494, -22.688784957753878 ], [ -70.162296, -22.690368957754515 ], [ -70.163412, -22.691556957754955 ], [ -70.165129, -22.692981957755467 ], [ -70.16736, -22.693377957755587 ], [ -70.170622, -22.694169957755925 ], [ -70.173283, -22.694327957755934 ], [ -70.175686, -22.694961957756231 ], [ -70.178518, -22.695436957756414 ], [ -70.179634, -22.696069957756617 ], [ -70.180063, -22.697495957757177 ], [ -70.18075, -22.698287957757508 ], [ -70.182209, -22.698999957757714 ], [ -70.183239, -22.699870957758066 ], [ -70.184182999999891, -22.701058957758526 ], [ -70.185213, -22.702483957758986 ], [ -70.187101, -22.703433957759344 ], [ -70.188818, -22.70462195775978 ], [ -70.19165, -22.705809957760273 ], [ -70.193367, -22.706521957760476 ], [ -70.196457, -22.70691795776067 ], [ -70.198431, -22.706917957760691 ], [ -70.202723, -22.70580995776028 ], [ -70.204268, -22.705017957759964 ], [ -70.204868, -22.702483957758986 ], [ -70.204525, -22.700504957758334 ], [ -70.204182, -22.698603957757577 ], [ -70.204182, -22.69686195775688 ], [ -70.20504, -22.695436957756414 ], [ -70.204868, -22.693694957755785 ], [ -70.20401, -22.691160957754814 ], [ -70.202122, -22.687913957753636 ], [ -70.199718, -22.6845089577523 ], [ -70.197744, -22.682766957751703 ], [ -70.195942, -22.679360957750433 ], [ -70.193882, -22.677143957749649 ], [ -70.193453, -22.675401957748928 ], [ -70.192423, -22.673658957748408 ], [ -70.190706, -22.673342957748229 ], [ -70.188732, -22.673738957748434 ], [ -70.183926, -22.673658957748408 ], [ -70.181565, -22.670253957747114 ], [ -70.17869, -22.672946957748103 ] ] ] } },
{ "type": "Feature", "properties": { "fid": 2678, "ISO3_CODE": "CHL", "COUNTRY_NAME": "Chile", "AREA": 0.11689972539636119 }, "geometry": { "type": "Polygon", "coordinates": [ [ [ -70.201092, -22.67361995774834 ], [ -70.20092, -22.672985957748171 ], [ -70.20077, -22.672253957747881 ], [ -70.200512, -22.672074957747789 ], [ -70.199997, -22.672213957747879 ], [ -70.199289, -22.672411957747922 ], [ -70.19856, -22.672411957747926 ], [ -70.198152, -22.673064957748117 ], [ -70.198174, -22.67361995774834 ], [ -70.19783, -22.674292957748644 ], [ -70.198238, -22.67474795774875 ], [ -70.198538, -22.675203957748973 ], [ -70.198989, -22.675836957749244 ], [ -70.199633, -22.676173957749274 ], [ -70.200448, -22.676193957749245 ], [ -70.200877, -22.675757957749109 ], [ -70.201263, -22.675025957748893 ], [ -70.201263, -22.674312957748576 ], [ -70.201092, -22.67361995774834 ] ] ] } },
{ "type": "Feature", "properties": { "fid": 2679, "ISO3_CODE": "CHL", "COUNTRY_NAME": "Chile", "AREA": 0.0329692671333272 }, "geometry": { "type": "Polygon", "coordinates": [ [ [ -70.203365999999889, -22.672055957747798 ], [ -70.202937, -22.67181795774766 ], [ -70.202487, -22.672233957747878 ], [ -70.202186, -22.672569957747996 ], [ -70.201757, -22.673084957748173 ], [ -70.201757, -22.673599957748355 ], [ -70.201907, -22.674114957748561 ], [ -70.202529, -22.674450957748636 ], [ -70.202916, -22.674609957748714 ], [ -70.203023, -22.674252957748664 ], [ -70.203087, -22.67361995774834 ], [ -70.203323, -22.672748957748016 ], [ -70.203365999999889, -22.672055957747798 ] ] ] } },
{ "type": "Feature", "properties": { "fid": 2683, "ISO3_CODE": "CHL", "COUNTRY_NAME": "Chile", "AREA": 48.807237743175925 }, "geometry": { "type": "Polygon", "coordinates": [ [ [ -69.272232, -22.759877957780663 ], [ -69.265709, -22.75607895777916 ], [ -69.261932, -22.754970957778784 ], [ -69.258156, -22.754178957778468 ], [ -69.255581, -22.751962957777629 ], [ -69.252319, -22.750537957777073 ], [ -69.249229, -22.75022195777688 ], [ -69.246826, -22.752120957777688 ], [ -69.245281, -22.756869957779511 ], [ -69.243736, -22.75908695778034 ], [ -69.241848, -22.757028957779518 ], [ -69.240818, -22.75528695777885 ], [ -69.238243, -22.755128957778886 ], [ -69.235153, -22.756553957779374 ], [ -69.233608, -22.758927957780276 ], [ -69.231377, -22.762726957781695 ], [ -69.230003, -22.765892957782999 ], [ -69.22863, -22.771432957785066 ], [ -69.226913, -22.781245957788901 ], [ -69.228115, -22.790266957792344 ], [ -69.228802, -22.793748957793735 ], [ -69.228973, -22.797388957795114 ], [ -69.229317, -22.800236957796251 ], [ -69.231205, -22.807199957798936 ], [ -69.234638, -22.810680957800347 ], [ -69.2379, -22.816060957802492 ], [ -69.239445, -22.82381395780547 ], [ -69.24202, -22.827452957806919 ], [ -69.245625, -22.832357957808814 ], [ -69.247341, -22.835363957810081 ], [ -69.251461, -22.837578957810909 ], [ -69.254723, -22.839160957811561 ], [ -69.260044, -22.839160957811558 ], [ -69.263649, -22.835996957810295 ], [ -69.27103, -22.830458957808119 ], [ -69.27412, -22.830617957808137 ], [ -69.280987, -22.823813957805456 ], [ -69.285622, -22.82191595780467 ], [ -69.289913, -22.819383957803687 ], [ -69.291286, -22.814953957801993 ], [ -69.292145, -22.809889957799999 ], [ -69.292316, -22.805458957798244 ], [ -69.292831, -22.801028957796479 ], [ -69.293175, -22.797388957795114 ], [ -69.293861, -22.795647957794429 ], [ -69.295063, -22.793431957793548 ], [ -69.296093, -22.789792957792134 ], [ -69.297466, -22.786626957790933 ], [ -69.296093, -22.782986957789486 ], [ -69.293003, -22.77934695778816 ], [ -69.289913, -22.778080957787633 ], [ -69.286137, -22.775231957786541 ], [ -69.282703, -22.772382957785503 ], [ -69.277554, -22.767475957783571 ], [ -69.272232, -22.759877957780663 ] ] ] } },
{ "type": "Feature", "properties": { "fid": 2684, "ISO3_CODE": "CHL", "COUNTRY_NAME": "Chile", "AREA": 0.44117272339346258 }, "geometry": { "type": "Polygon", "coordinates": [ [ [ -70.125003, -22.65912595774304 ], [ -70.124488, -22.65890795774299 ], [ -70.12378, -22.659026957743009 ], [ -70.1232, -22.65910595774303 ], [ -70.122643, -22.659046957743048 ], [ -70.122642999999897, -22.658689957742897 ], [ -70.123029, -22.658293957742774 ], [ -70.123136, -22.65771995774255 ], [ -70.122535, -22.657679957742495 ], [ -70.121913, -22.657996957742636 ], [ -70.121504999999885, -22.657996957742633 ], [ -70.121012, -22.658056957742712 ], [ -70.120196, -22.65801695774265 ], [ -70.119317, -22.658353957742779 ], [ -70.118759, -22.658551957742866 ], [ -70.117793, -22.658392957742798 ], [ -70.117149, -22.658075957742657 ], [ -70.116699, -22.657580957742468 ], [ -70.116227, -22.656986957742248 ], [ -70.115583, -22.656511957742126 ], [ -70.114939, -22.656511957742083 ], [ -70.114124, -22.656967957742278 ], [ -70.113673, -22.65748195774248 ], [ -70.112922, -22.658115957742726 ], [ -70.113137, -22.658669957742944 ], [ -70.113909, -22.659224957743081 ], [ -70.114746, -22.659521957743205 ], [ -70.115647, -22.659877957743316 ], [ -70.116913, -22.660392957743554 ], [ -70.117321, -22.660788957743662 ], [ -70.117836, -22.661362957743854 ], [ -70.118244, -22.661996957744073 ], [ -70.119038, -22.662452957744307 ], [ -70.120604, -22.662729957744318 ], [ -70.121419, -22.662452957744307 ], [ -70.122321, -22.6622349577442 ], [ -70.123243, -22.662056957744113 ], [ -70.124166, -22.661640957744027 ], [ -70.124595, -22.660887957743689 ], [ -70.124724, -22.66009595774343 ], [ -70.125003, -22.65912595774304 ] ] ] } },
{ "type": "Feature", "properties": { "fid": 2685, "ISO3_CODE": "CHL", "COUNTRY_NAME": "Chile", "AREA": 0.62549330132841685 }, "geometry": { "type": "Polygon", "coordinates": [ [ [ -70.190942, -22.664669957745119 ], [ -70.190277, -22.663857957744753 ], [ -70.189354, -22.663224957744553 ], [ -70.188239, -22.663481957744622 ], [ -70.187788, -22.663956957744784 ], [ -70.18708, -22.663956957744787 ], [ -70.186093, -22.66393795774481 ], [ -70.185256, -22.66399695774485 ], [ -70.184891, -22.664214957744882 ], [ -70.184505, -22.664511957744999 ], [ -70.184419, -22.664927957745103 ], [ -70.183926, -22.664808957745151 ], [ -70.183754, -22.664372957744959 ], [ -70.183539, -22.663739957744735 ], [ -70.183282, -22.6627889577444 ], [ -70.182917, -22.661917957744098 ], [ -70.182402, -22.660630957743653 ], [ -70.182145, -22.659818957743273 ], [ -70.182252, -22.659125957743047 ], [ -70.18266, -22.658511957742821 ], [ -70.182509, -22.658075957742657 ], [ -70.181866, -22.658016957742646 ], [ -70.181372, -22.658669957742944 ], [ -70.181329, -22.659165957743031 ], [ -70.181394, -22.659818957743276 ], [ -70.181329, -22.660689957743603 ], [ -70.18105, -22.661838957744013 ], [ -70.180922, -22.663046957744498 ], [ -70.181608, -22.663937957744817 ], [ -70.182617, -22.665897957745514 ], [ -70.18266, -22.667322957746052 ], [ -70.18326, -22.668114957746358 ], [ -70.184119, -22.668867957746595 ], [ -70.18502, -22.669481957746839 ], [ -70.186028, -22.670352957747173 ], [ -70.186951, -22.670906957747349 ], [ -70.187830999999875, -22.67100595774744 ], [ -70.188453, -22.670015957747079 ], [ -70.189075, -22.669085957746752 ], [ -70.189548, -22.668332957746404 ], [ -70.190191, -22.667441957746075 ], [ -70.191114, -22.666709957745852 ], [ -70.191972, -22.665798957745455 ], [ -70.190942, -22.664669957745119 ] ] ] } },
{ "type": "Feature", "properties": { "fid": 2687, "ISO3_CODE": "CHL", "COUNTRY_NAME": "Chile", "AREA": 0.054922284456639547 }, "geometry": { "type": "Polygon", "coordinates": [ [ [ -70.173669, -22.666115957745632 ], [ -70.172338, -22.665352957745352 ], [ -70.170729, -22.665649957745426 ], [ -70.170289, -22.666580957745797 ], [ -70.170279, -22.666867957745833 ], [ -70.171233, -22.667243957746017 ], [ -70.172006, -22.667412957746045 ], [ -70.172424, -22.667362957746093 ], [ -70.172896, -22.667025957745956 ], [ -70.173368, -22.666659957745797 ], [ -70.173637, -22.666422957745681 ], [ -70.173669, -22.666115957745632 ] ] ] } },
{ "type": "Feature", "properties": { "fid": 2688, "ISO3_CODE": "CHL", "COUNTRY_NAME": "Chile", "AREA": 0.045738194584840908 }, "geometry": { "type": "Polygon", "coordinates": [ [ [ -70.177982, -22.66405595774491 ], [ -70.175664, -22.662580957744346 ], [ -70.174967, -22.663897957744844 ], [ -70.175976, -22.664798957745091 ], [ -70.176694, -22.664986957745207 ], [ -70.177757, -22.664600957745051 ], [ -70.177982, -22.66405595774491 ] ] ] } },
{ "type": "Feature", "properties": { "fid": 2705, "ISO3_CODE": "CHL", "COUNTRY_NAME": "Chile", "AREA": 79.56201518462467 }, "geometry": { "type": "Polygon", "coordinates": [ [ [ -69.882145, -22.625973957731173 ], [ -69.881029, -22.620269957728993 ], [ -69.875278, -22.619952957728945 ], [ -69.867296, -22.623042957730057 ], [ -69.867468, -22.615674957727386 ], [ -69.870657299999948, -22.598703357721419 ], [ -69.871244, -22.601411957722302 ], [ -69.875107, -22.603234957723 ], [ -69.877939, -22.602125957722638 ], [ -69.880257, -22.598163957721187 ], [ -69.884462, -22.595785957720331 ], [ -69.884119, -22.598717957721455 ], [ -69.885063, -22.605373957723753 ], [ -69.887896, -22.609652957725277 ], [ -69.891586, -22.610603957725584 ], [ -69.896393, -22.609018957725109 ], [ -69.899569, -22.604898957723659 ], [ -69.901714, -22.601491957722398 ], [ -69.905748, -22.603234957722997 ], [ -69.908495, -22.607750957724562 ], [ -69.912443, -22.61020795772545 ], [ -69.918451, -22.605611957723909 ], [ -69.921713, -22.603789957723208 ], [ -69.926176, -22.598559957721339 ], [ -69.927292, -22.591902957718997 ], [ -69.925833, -22.586831957717283 ], [ -69.929523, -22.580095957714882 ], [ -69.92815, -22.576370957713618 ], [ -69.923601, -22.573834957712631 ], [ -69.919224, -22.572645957712282 ], [ -69.917078, -22.569633957711222 ], [ -69.915533, -22.565274957709711 ], [ -69.912357, -22.561311957708345 ], [ -69.909267, -22.558537957707376 ], [ -69.904976, -22.555128957706192 ], [ -69.90077, -22.551403957704924 ], [ -69.897594, -22.547201957703475 ], [ -69.896736, -22.542287957701824 ], [ -69.896736, -22.538006957700347 ], [ -69.89665, -22.533487957698831 ], [ -69.896135, -22.528809957697202 ], [ -69.894762, -22.524845957695895 ], [ -69.892101, -22.521040957694563 ], [ -69.889612, -22.519692957694144 ], [ -69.887381, -22.517710957693446 ], [ -69.888582, -22.515172957692592 ], [ -69.892101, -22.511684957691369 ], [ -69.891586, -22.507640957690089 ], [ -69.888411, -22.507481957690008 ], [ -69.883432, -22.510891957691189 ], [ -69.880772, -22.509701957690748 ], [ -69.880342, -22.504706957689066 ], [ -69.881802, -22.494556957685617 ], [ -69.881029, -22.488212957683597 ], [ -69.883347, -22.482740957681706 ], [ -69.892187, -22.482660957681738 ], [ -69.894934, -22.478695957680376 ], [ -69.892359, -22.473936957678845 ], [ -69.885321, -22.471557957678066 ], [ -69.877939, -22.46917895767729 ], [ -69.875278, -22.469257957677321 ], [ -69.873047, -22.473540957678761 ], [ -69.8703, -22.47932995768068 ], [ -69.868498, -22.482978957681862 ], [ -69.864206, -22.485674957682694 ], [ -69.860344, -22.489084957683826 ], [ -69.859486, -22.49558795768603 ], [ -69.857769, -22.497252957686591 ], [ -69.857082, -22.494952957685847 ], [ -69.855537, -22.487339957683279 ], [ -69.850559, -22.486626957683086 ], [ -69.844379, -22.487895957683431 ], [ -69.84129, -22.493684957685389 ], [ -69.842577, -22.499472957687249 ], [ -69.845238, -22.503754957688788 ], [ -69.845238, -22.50518295768925 ], [ -69.84601, -22.508354957690294 ], [ -69.847984, -22.509860957690815 ], [ -69.852362, -22.511367957691295 ], [ -69.852448, -22.514380957692268 ], [ -69.852362, -22.517472957693382 ], [ -69.85528, -22.520485957694333 ], [ -69.855366, -22.525480957696072 ], [ -69.853907, -22.529285957697361 ], [ -69.856052, -22.534676957699187 ], [ -69.859571, -22.538878957700646 ], [ -69.865236, -22.541890957701675 ], [ -69.864378, -22.547915957703761 ], [ -69.863949, -22.555128957706195 ], [ -69.864893, -22.562341957708689 ], [ -69.86515, -22.570663957711584 ], [ -69.867468, -22.573834957712631 ], [ -69.878712, -22.575181957713127 ], [ -69.881029, -22.577955957714138 ], [ -69.886608, -22.583819957716191 ], [ -69.886093, -22.587544957717476 ], [ -69.881029, -22.587782957717593 ], [ -69.879827, -22.590714957718625 ], [ -69.874763, -22.592061957719103 ], [ -69.87339, -22.587306957717342 ], [ -69.870386, -22.578589957714374 ], [ -69.864807, -22.575894957713409 ], [ -69.864206, -22.580015957714821 ], [ -69.865549199999975, -22.585415457716774 ], [ -69.854507, -22.576687957713663 ], [ -69.850302, -22.568127957710733 ], [ -69.847898, -22.569078957711 ], [ -69.846611, -22.574705957713014 ], [ -69.86249, -22.59023895771843 ], [ -69.855881, -22.601253957722349 ], [ -69.846783, -22.607830957724573 ], [ -69.836826, -22.615119957727224 ], [ -69.834852, -22.62217095772969 ], [ -69.835024, -22.631440957733062 ], [ -69.846783, -22.631202957732942 ], [ -69.856911, -22.616941957727867 ], [ -69.864206, -22.625340957730899 ], [ -69.862232, -22.635876957734663 ], [ -69.866009, -22.650452957739859 ], [ -69.874678, -22.656709957742187 ], [ -69.878454, -22.651561957740309 ], [ -69.89193, -22.63492595773435 ], [ -69.882145, -22.625973957731173 ] ] ] } },
{ "type": "Feature", "properties": { "fid": 2785, "ISO3_CODE": "CHL", "COUNTRY_NAME": "Chile", "AREA": 0.016633999363580718 }, "geometry": { "type": "Polygon", "coordinates": [ [ [ -69.395689, -22.8765799578265 ], [ -69.394927, -22.876930957826659 ], [ -69.394675, -22.877252957826695 ], [ -69.394594, -22.877449957826894 ], [ -69.394498, -22.877568957826934 ], [ -69.394814, -22.878077957827056 ], [ -69.394954, -22.878225957827173 ], [ -69.395506, -22.877963957827028 ], [ -69.395383, -22.877756957826943 ], [ -69.396139, -22.877276957826755 ], [ -69.39615, -22.877133957826736 ], [ -69.395689, -22.8765799578265 ] ] ] } },
{ "type": "Feature", "properties": { "fid": 2786, "ISO3_CODE": "CHL", "COUNTRY_NAME": "Chile", "AREA": 0.033697749478908252 }, "geometry": { "type": "Polygon", "coordinates": [ [ [ -70.236969, -22.763330957781974 ], [ -70.237098, -22.763023957781858 ], [ -70.237066, -22.762776957781782 ], [ -70.23684, -22.762301957781592 ], [ -70.237001, -22.762133957781497 ], [ -70.237302, -22.762133957781501 ], [ -70.237838, -22.76201495778146 ], [ -70.23802, -22.76171795778134 ], [ -70.237656, -22.761460957781267 ], [ -70.237044, -22.761391957781196 ], [ -70.236915, -22.761648957781343 ], [ -70.236572, -22.761658957781354 ], [ -70.236186, -22.761519957781257 ], [ -70.235885, -22.761608957781334 ], [ -70.23595, -22.761895957781405 ], [ -70.235757, -22.762162957781502 ], [ -70.235553, -22.762360957781613 ], [ -70.235381, -22.762439957781634 ], [ -70.235242, -22.762726957781698 ], [ -70.23536, -22.763142957781927 ], [ -70.235531, -22.763369957781943 ], [ -70.235724, -22.763409957781946 ], [ -70.236154, -22.763330957781974 ], [ -70.236304, -22.763073957781877 ], [ -70.236508, -22.763043957781893 ], [ -70.236969, -22.763330957781974 ] ] ] } },
{ "type": "Feature", "properties": { "fid": 2787, "ISO3_CODE": "CHL", "COUNTRY_NAME": "Chile", "AREA": 0.07946001646738686 }, "geometry": { "type": "Polygon", "coordinates": [ [ [ -70.240445, -22.75304195777807 ], [ -70.240327, -22.753021957778031 ], [ -70.239952, -22.753130957778083 ], [ -70.239834, -22.752981957778069 ], [ -70.239812, -22.752684957777912 ], [ -70.239855, -22.752368957777751 ], [ -70.239544, -22.752417957777805 ], [ -70.23934, -22.752615957777895 ], [ -70.23919, -22.752882957777974 ], [ -70.238932, -22.753159957778081 ], [ -70.238696, -22.753100957778063 ], [ -70.238278, -22.753357957778157 ], [ -70.237892, -22.753446957778213 ], [ -70.237484, -22.753436957778217 ], [ -70.237291, -22.753120957778055 ], [ -70.236894, -22.753367957778163 ], [ -70.236894, -22.753575957778246 ], [ -70.236937, -22.753901957778393 ], [ -70.236829999999884, -22.754040957778461 ], [ -70.236261, -22.754267957778499 ], [ -70.236164, -22.754624957778645 ], [ -70.236347, -22.755029957778788 ], [ -70.236304, -22.755158957778914 ], [ -70.236261, -22.755564957778983 ], [ -70.236433, -22.756226957779234 ], [ -70.236701, -22.756355957779299 ], [ -70.237044, -22.756167957779219 ], [ -70.237409, -22.755811957779077 ], [ -70.237398, -22.755435957778975 ], [ -70.237162, -22.755039957778799 ], [ -70.236915, -22.754604957778664 ], [ -70.237173, -22.754297957778554 ], [ -70.237452, -22.754594957778608 ], [ -70.238181, -22.754970957778738 ], [ -70.238771, -22.755326957778905 ], [ -70.23905, -22.75483195777873 ], [ -70.239372, -22.754525957778597 ], [ -70.239823, -22.754109957778475 ], [ -70.240252, -22.753575957778249 ], [ -70.240445, -22.75304195777807 ] ] ] } },
{ "type": "Feature", "properties": { "fid": 2788, "ISO3_CODE": "CHL", "COUNTRY_NAME": "Chile", "AREA": 0.16989349895414663 }, "geometry": { "type": "Polygon", "coordinates": [ [ [ -70.221541, -22.759709957780572 ], [ -70.221241, -22.759570957780532 ], [ -70.220994, -22.759452957780447 ], [ -70.220672, -22.759382957780467 ], [ -70.220307, -22.759293957780407 ], [ -70.220007, -22.759254957780389 ], [ -70.219502, -22.75908695778034 ], [ -70.219213, -22.758828957780249 ], [ -70.219095, -22.758393957780079 ], [ -70.219095, -22.758106957779976 ], [ -70.21902, -22.757750957779837 ], [ -70.219063, -22.757503957779779 ], [ -70.219052, -22.757196957779644 ], [ -70.218986999999885, -22.756909957779499 ], [ -70.218966, -22.756434957779302 ], [ -70.218569, -22.756375957779269 ], [ -70.218183, -22.756395957779322 ], [ -70.218011, -22.756513957779358 ], [ -70.217764, -22.756642957779416 ], [ -70.217668, -22.756800957779468 ], [ -70.217539, -22.756949957779533 ], [ -70.217485, -22.757245957779634 ], [ -70.217367, -22.757364957779689 ], [ -70.217078, -22.757453957779674 ], [ -70.216938, -22.757592957779764 ], [ -70.216906, -22.757829957779851 ], [ -70.216713, -22.758146957779978 ], [ -70.216702, -22.758363957780073 ], [ -70.216187, -22.758591957780148 ], [ -70.216134, -22.758967957780261 ], [ -70.216595, -22.759204957780437 ], [ -70.217035, -22.759363957780426 ], [ -70.217668, -22.759689957780569 ], [ -70.218054, -22.759956957780691 ], [ -70.218354, -22.760401957780882 ], [ -70.218408, -22.760777957780977 ], [ -70.218859, -22.760946957781087 ], [ -70.21932, -22.760886957780997 ], [ -70.219824, -22.760758957780975 ], [ -70.220414, -22.760738957780969 ], [ -70.220929, -22.760946957781091 ], [ -70.221659, -22.761223957781159 ], [ -70.222378, -22.76164895778135 ], [ -70.223279, -22.761688957781331 ], [ -70.223408, -22.761233957781144 ], [ -70.223386, -22.760758957780975 ], [ -70.223386, -22.760401957780882 ], [ -70.223225, -22.760075957780742 ], [ -70.223043, -22.759857957780614 ], [ -70.222785, -22.759650957780547 ], [ -70.222496, -22.759650957780547 ], [ -70.222217, -22.759798957780628 ], [ -70.221906, -22.759778957780593 ], [ -70.221541, -22.759709957780572 ] ] ] } },
{ "type": "Feature", "properties": { "fid": 2789, "ISO3_CODE": "CHL", "COUNTRY_NAME": "Chile", "AREA": 0.26545871476535127 }, "geometry": { "type": "Polygon", "coordinates": [ [ [ -70.224524, -22.754515957778633 ], [ -70.223644, -22.75409995777844 ], [ -70.222893, -22.753763957778368 ], [ -70.222142, -22.753624957778225 ], [ -70.222142, -22.753149957778078 ], [ -70.222185, -22.752675957777878 ], [ -70.22227, -22.752378957777854 ], [ -70.222464, -22.752120957777695 ], [ -70.221949, -22.751685957777518 ], [ -70.220704, -22.751467957777418 ], [ -70.220404, -22.751289957777406 ], [ -70.220017, -22.75138895777739 ], [ -70.219996, -22.751883957777597 ], [ -70.220189, -22.752299957777712 ], [ -70.220253, -22.752853957777944 ], [ -70.220382, -22.753070957778068 ], [ -70.22079, -22.753585957778295 ], [ -70.220554, -22.753822957778297 ], [ -70.220039, -22.75409995777845 ], [ -70.219438, -22.754337957778567 ], [ -70.219352, -22.754792957778676 ], [ -70.219524, -22.755286957778857 ], [ -70.219524, -22.755722957779035 ], [ -70.219266, -22.756216957779191 ], [ -70.219202, -22.756850957779516 ], [ -70.219309, -22.757384957779664 ], [ -70.219545, -22.757839957779868 ], [ -70.220103, -22.758096957780005 ], [ -70.220811, -22.758037957779937 ], [ -70.221262, -22.757918957779854 ], [ -70.221884, -22.758096957780001 ], [ -70.222614, -22.758096957779966 ], [ -70.222871, -22.757740957779845 ], [ -70.223193, -22.757463957779741 ], [ -70.223837, -22.757325957779742 ], [ -70.223837, -22.756850957779513 ], [ -70.223923, -22.756236957779276 ], [ -70.22433, -22.75580195777906 ], [ -70.224652, -22.755326957778909 ], [ -70.224524, -22.754515957778633 ] ] ] } },
{ "type": "Feature", "properties": { "fid": 2794, "ISO3_CODE": "CHL", "COUNTRY_NAME": "Chile", "AREA": 88.7483833546586 }, "geometry": { "type": "Polygon", "coordinates": [ [ [ -69.128895, -22.962581957861847 ], [ -69.127522, -22.954125957858309 ], [ -69.118423, -22.939265957852111 ], [ -69.102287, -22.935787957850668 ], [ -69.112759, -22.92535395784639 ], [ -69.096966, -22.922665957845336 ], [ -69.071217, -22.933258957849709 ], [ -69.060574, -22.930096957848374 ], [ -69.025211, -22.938475957851828 ], [ -69.013367, -22.946063957854946 ], [ -69.016972, -22.956654957859413 ], [ -69.049587, -22.954915957858667 ], [ -69.038086, -22.968034957864209 ], [ -69.034824, -22.975304957867259 ], [ -69.045811, -22.990475957873628 ], [ -69.049587, -23.000273957877738 ], [ -69.06744, -23.015599957884337 ], [ -69.086537, -23.013111957883329 ], [ -69.091516, -23.021050957886747 ], [ -69.122114, -23.017337957885086 ], [ -69.139366, -23.014256957883845 ], [ -69.13825, -23.006119957880308 ], [ -69.128895, -22.962581957861847 ] ] ] } },
{ "type": "Feature", "properties": { "fid": 2798, "ISO3_CODE": "CHL", "COUNTRY_NAME": "Chile", "AREA": 0.7854574783508852 }, "geometry": { "type": "Polygon", "coordinates": [ [ [ -70.241776, -22.741157957773499 ], [ -70.240703, -22.741316957773552 ], [ -70.239758, -22.741039957773463 ], [ -70.239329, -22.74064395777329 ], [ -70.239158, -22.739772957773003 ], [ -70.237999, -22.739456957772866 ], [ -70.237484, -22.740208957773177 ], [ -70.236797, -22.740366957773261 ], [ -70.235596, -22.740287957773184 ], [ -70.235081, -22.739891957773018 ], [ -70.234437, -22.738743957772655 ], [ -70.233665, -22.737397957772096 ], [ -70.232549, -22.737397957772103 ], [ -70.231347, -22.738149957772382 ], [ -70.231047, -22.739099957772762 ], [ -70.231647, -22.739931957773084 ], [ -70.232892, -22.739970957773064 ], [ -70.233879, -22.740247957773192 ], [ -70.23345, -22.741039957773463 ], [ -70.231133, -22.741672957773741 ], [ -70.229802, -22.742226957773944 ], [ -70.228343, -22.742701957774123 ], [ -70.227957, -22.743730957774531 ], [ -70.228386, -22.745828957775327 ], [ -70.229888, -22.746382957775499 ], [ -70.231004, -22.746698957775649 ], [ -70.232205, -22.747134957775813 ], [ -70.233364, -22.747055957775771 ], [ -70.234265, -22.745907957775334 ], [ -70.235124, -22.744878957774954 ], [ -70.236325, -22.744245957774666 ], [ -70.237484, -22.743809957774499 ], [ -70.238256, -22.744205957774643 ], [ -70.239501, -22.744640957774838 ], [ -70.24066, -22.744720957774888 ], [ -70.241475, -22.744403957774782 ], [ -70.242162, -22.743255957774334 ], [ -70.241776, -22.741157957773499 ] ] ] } },
{ "type": "Feature", "properties": { "fid": 2800, "ISO3_CODE": "CHL", "COUNTRY_NAME": "Chile", "AREA": 45.019385279153944 }, "geometry": { "type": "Polygon", "coordinates": [ [ [ -69.428959, -22.852448957816808 ], [ -69.426384, -22.846279957814353 ], [ -69.416599, -22.839951957811856 ], [ -69.410076, -22.836470957810452 ], [ -69.403896, -22.83346495780928 ], [ -69.398403, -22.828402957807317 ], [ -69.390507, -22.831882957808624 ], [ -69.385529, -22.835363957810078 ], [ -69.376602, -22.837736957811003 ], [ -69.370422, -22.835679957810111 ], [ -69.367332, -22.831408957808495 ], [ -69.362698, -22.828085957807144 ], [ -69.355488, -22.83061795780813 ], [ -69.346561, -22.830775957808207 ], [ -69.338837, -22.831566957808526 ], [ -69.33094, -22.83156695780853 ], [ -69.327164, -22.833148957809193 ], [ -69.32579, -22.836629957810501 ], [ -69.327679, -22.841216957812406 ], [ -69.327164, -22.845013957813865 ], [ -69.329395, -22.849917957815869 ], [ -69.325275, -22.855137957817934 ], [ -69.321156, -22.861306957820354 ], [ -69.322186, -22.868108957823075 ], [ -69.323387, -22.873802957825387 ], [ -69.32888, -22.874276957825547 ], [ -69.334545, -22.872695957824931 ], [ -69.33918, -22.867159957822725 ], [ -69.34227, -22.86209795782073 ], [ -69.348106, -22.859092957819541 ], [ -69.347076, -22.866210957822322 ], [ -69.352398, -22.870164957823913 ], [ -69.351711, -22.876332957826374 ], [ -69.357033, -22.880444957828058 ], [ -69.355316, -22.886296957830467 ], [ -69.362526, -22.88898595783153 ], [ -69.367332, -22.882500957828888 ], [ -69.373684, -22.880444957828061 ], [ -69.383469, -22.879812957827848 ], [ -69.391365, -22.877914957827073 ], [ -69.428959, -22.852448957816808 ] ] ] } },
{ "type": "Feature", "properties": { "fid": 2887, "ISO3_CODE": "CHL", "COUNTRY_NAME": "Chile", "AREA": 0.045052640075378118 }, "geometry": { "type": "Polygon", "coordinates": [ [ [ -68.837178, -22.189133957592563 ], [ -68.835504, -22.189411957592586 ], [ -68.835526, -22.190424957592928 ], [ -68.836019, -22.19201395759335 ], [ -68.837607, -22.19082195759297 ], [ -68.837242, -22.189987957592784 ], [ -68.837178, -22.189133957592563 ] ] ] } },
{ "type": "Feature", "properties": { "fid": 2888, "ISO3_CODE": "CHL", "COUNTRY_NAME": "Chile", "AREA": 0.18757988910447432 }, "geometry": { "type": "Polygon", "coordinates": [ [ [ -68.846254, -22.163699957585578 ], [ -68.846383, -22.163341957585519 ], [ -68.844581, -22.164235957585738 ], [ -68.843637, -22.164732957585866 ], [ -68.842628, -22.165348957586005 ], [ -68.84207, -22.165785957586166 ], [ -68.840933, -22.166381957586296 ], [ -68.839152, -22.167176957586559 ], [ -68.838294, -22.167593957586625 ], [ -68.837687, -22.168110957586759 ], [ -68.837425, -22.168234957586812 ], [ -68.837033, -22.168458957586914 ], [ -68.836673, -22.168622957586972 ], [ -68.836555, -22.168726957586955 ], [ -68.836454, -22.169730957587209 ], [ -68.836228, -22.169948957587284 ], [ -68.835724, -22.170261957587353 ], [ -68.835279, -22.170549957587411 ], [ -68.834968, -22.170837957587583 ], [ -68.834592, -22.171016957587561 ], [ -68.834276, -22.171180957587644 ], [ -68.833948, -22.171409957587624 ], [ -68.833219, -22.171886957587819 ], [ -68.832902, -22.172084957587892 ], [ -68.832242, -22.172512957587951 ], [ -68.831572, -22.172899957588097 ], [ -68.831266, -22.173098957588124 ], [ -68.830987, -22.173286957588189 ], [ -68.830773, -22.173416957588199 ], [ -68.830343, -22.173634957588302 ], [ -68.830295, -22.173520957588241 ], [ -68.830172, -22.173629957588272 ], [ -68.830016, -22.174504957588503 ], [ -68.829909, -22.175428957588775 ], [ -68.829861, -22.175904957588909 ], [ -68.829753, -22.177906957589457 ], [ -68.829625, -22.179556957589856 ], [ -68.829646, -22.180688957590231 ], [ -68.829625, -22.182894957590822 ], [ -68.829603, -22.184126957591175 ], [ -68.829668, -22.185710957591581 ], [ -68.830392, -22.185829957591583 ], [ -68.831626, -22.185978957591683 ], [ -68.83235, -22.186083957591709 ], [ -68.832361, -22.187647957592162 ], [ -68.832366, -22.188626957592437 ], [ -68.832334, -22.189237957592553 ], [ -68.832151, -22.188934957592512 ], [ -68.831803, -22.188854957592454 ], [ -68.831529, -22.188775957592469 ], [ -68.831293, -22.188745957592388 ], [ -68.831196, -22.188989957592515 ], [ -68.831282, -22.18923795759255 ], [ -68.831422, -22.189480957592711 ], [ -68.831626, -22.189644957592709 ], [ -68.832189, -22.189967957592749 ], [ -68.83257, -22.190196957592846 ], [ -68.83338, -22.190682957592944 ], [ -68.834732, -22.191417957593231 ], [ -68.835794, -22.191994957593352 ], [ -68.835751, -22.191666957593245 ], [ -68.835268, -22.191358957593149 ], [ -68.83456, -22.190921957593044 ], [ -68.834023, -22.190583957592942 ], [ -68.833466, -22.190305957592912 ], [ -68.832833, -22.189967957592749 ], [ -68.832833, -22.188030957592247 ], [ -68.8328, -22.18672895759185 ], [ -68.832886, -22.185874957591647 ], [ -68.830322, -22.185377957591534 ], [ -68.830354, -22.184682957591281 ], [ -68.830333, -22.183231957590937 ], [ -68.830183, -22.181006957590288 ], [ -68.830129, -22.179556957589856 ], [ -68.830129, -22.178095957589502 ], [ -68.830193, -22.176645957589127 ], [ -68.830215, -22.175522957588775 ], [ -68.830333, -22.174459957588532 ], [ -68.830386, -22.173942957588441 ], [ -68.835075, -22.171041957587601 ], [ -68.836513, -22.17010795758728 ], [ -68.836781, -22.169630957587184 ], [ -68.836877, -22.168825957586932 ], [ -68.837628, -22.168438957586911 ], [ -68.838712, -22.167732957586697 ], [ -68.839699, -22.167216957586479 ], [ -68.840954, -22.166709957586438 ], [ -68.842489, -22.165845957586185 ], [ -68.843068, -22.165437957586025 ], [ -68.84487, -22.164364957585793 ], [ -68.846254, -22.163699957585578 ] ] ] } },
{ "type": "Feature", "properties": { "fid": 2928, "ISO3_CODE": "CHL", "COUNTRY_NAME": "Chile", "AREA": 33.474802283472847 }, "geometry": { "type": "Polygon", "coordinates": [ [ [ -68.722658, -21.974727957537681 ], [ -68.702402, -21.970031957536602 ], [ -68.683348, -21.978627957538617 ], [ -68.676395, -21.983721957539846 ], [ -68.651505, -22.010858957546375 ], [ -68.657169, -22.022396957549109 ], [ -68.659984799999961, -22.022899157549286 ], [ -68.660173, -22.023659957549505 ], [ -68.658671, -22.023828957549501 ], [ -68.65541, -22.0242569575496 ], [ -68.654165, -22.024992957549728 ], [ -68.6538, -22.025659957549916 ], [ -68.654251, -22.026554957550129 ], [ -68.654401, -22.027011957550268 ], [ -68.655335, -22.02900095755076 ], [ -68.656901, -22.029736957550984 ], [ -68.658371, -22.030592957551178 ], [ -68.659755, -22.031536957551399 ], [ -68.660131, -22.032203957551577 ], [ -68.660721, -22.032213957551523 ], [ -68.662856, -22.031656957551441 ], [ -68.661482, -22.033913957551949 ], [ -68.663124, -22.03437195755205 ], [ -68.664089, -22.034649957552144 ], [ -68.665076, -22.034878957552227 ], [ -68.665195, -22.034222957552043 ], [ -68.665076, -22.033585957551846 ], [ -68.665398, -22.033287957551828 ], [ -68.667598, -22.032581957551649 ], [ -68.668939, -22.030651957551168 ], [ -68.668402, -22.029130957550876 ], [ -68.667448, -22.028075957550502 ], [ -68.665645, -22.026564957550146 ], [ -68.66468, -22.026245957550117 ], [ -68.66263, -22.025997957550032 ], [ -68.662062, -22.025360957549875 ], [ -68.66321, -22.024555957549659 ], [ -68.664948700000039, -22.023784357549481 ], [ -68.666096, -22.023988957549516 ], [ -68.683176, -22.0165089575477 ], [ -68.687811, -22.023828957549497 ], [ -68.698797, -22.029398957550828 ], [ -68.710213, -22.030273957551081 ], [ -68.723688, -22.024147957549513 ], [ -68.72858, -22.010222957546194 ], [ -68.716564, -22.00791495754563 ], [ -68.712873, -22.002423957544309 ], [ -68.726349, -22.002582957544327 ], [ -68.727207, -21.997330957543053 ], [ -68.71047, -21.991123957541614 ], [ -68.709526, -21.983005957539675 ], [ -68.722401, -21.978547957538574 ], [ -68.722658, -21.974727957537681 ] ] ] } },
{ "type": "Feature", "properties": { "fid": 2929, "ISO3_CODE": "CHL", "COUNTRY_NAME": "Chile", "AREA": 0.84590479601463675 }, "geometry": { "type": "Polygon", "coordinates": [ [ [ -68.653007, -21.99305295754208 ], [ -68.651977, -21.993112957542085 ], [ -68.650903999999898, -21.993530957542173 ], [ -68.648736, -21.994147957542353 ], [ -68.646204, -21.994783957542495 ], [ -68.643136, -21.99575895754273 ], [ -68.642406, -21.996733957542901 ], [ -68.642149, -21.998026957543249 ], [ -68.6432, -21.998723957543355 ], [ -68.644488, -21.99991695754375 ], [ -68.644724, -22.000991957543945 ], [ -68.645818, -22.001190957544019 ], [ -68.649745, -22.000394957543783 ], [ -68.651268, -22.000454957543827 ], [ -68.652813, -22.00059395754387 ], [ -68.653715, -22.000215957543787 ], [ -68.654487, -21.998583957543413 ], [ -68.655217, -21.996753957542992 ], [ -68.655109, -21.995400957542643 ], [ -68.654423, -21.994246957542366 ], [ -68.653007, -21.99305295754208 ] ] ] } },
{ "type": "Feature", "properties": { "fid": 2946, "ISO3_CODE": "CHL", "COUNTRY_NAME": "Chile", "AREA": 11.96760868222931 }, "geometry": { "type": "Polygon", "coordinates": [ [ [ -68.846855, -21.90207898584039 ], [ -68.836341, -21.902158985840405 ], [ -68.829303, -21.904308985840572 ], [ -68.823895, -21.910838985841018 ], [ -68.817844, -21.917168985841482 ], [ -68.814883, -21.918800985841632 ], [ -68.816643, -21.924573985842009 ], [ -68.810635, -21.925409985842105 ], [ -68.80909, -21.918641985841592 ], [ -68.81012, -21.915217985841338 ], [ -68.805227, -21.912788985841164 ], [ -68.800979, -21.912629985841136 ], [ -68.79703, -21.917606985841509 ], [ -68.794756, -21.920433985841758 ], [ -68.797803, -21.924374985842011 ], [ -68.798962, -21.925927985842158 ], [ -68.800893, -21.927320985842268 ], [ -68.804498, -21.92664398584223 ], [ -68.808188, -21.928037985842277 ], [ -68.821535, -21.929112985842394 ], [ -68.836384, -21.929749985842449 ], [ -68.855867, -21.928634985842351 ], [ -68.854494, -21.922423985841867 ], [ -68.852434, -21.917964985841547 ], [ -68.852348, -21.909364985840895 ], [ -68.846855, -21.90207898584039 ] ] ] } },
{ "type": "Feature", "properties": { "fid": 2951, "ISO3_CODE": "CHL", "COUNTRY_NAME": "Chile", "AREA": 0.1669989754981473 }, "geometry": { "type": "Polygon", "coordinates": [ [ [ -68.795292, -21.932097985842613 ], [ -68.791881, -21.930764985842483 ], [ -68.790872, -21.930366985842486 ], [ -68.78849, -21.930883985842499 ], [ -68.788319, -21.931898985842597 ], [ -68.789949, -21.932476985842655 ], [ -68.790293, -21.932894985842687 ], [ -68.791795, -21.933630985842761 ], [ -68.796129, -21.933093985842667 ], [ -68.795292, -21.932097985842613 ] ] ] } },
{ "type": "Feature", "properties": { "fid": 2997, "ISO3_CODE": "CHL", "COUNTRY_NAME": "Chile", "AREA": 6.118743328403454 }, "geometry": { "type": "Polygon", "coordinates": [ [ [ -68.7271, -21.955961957533329 ], [ -68.728323, -21.957852957533753 ], [ -68.728452, -21.962867957534922 ], [ -68.72901, -21.964936957535425 ], [ -68.731585, -21.966011957535649 ], [ -68.730297, -21.968757957536294 ], [ -68.729911, -21.972458957537114 ], [ -68.735361, -21.970628957536672 ], [ -68.737979, -21.968638957536225 ], [ -68.742056, -21.965016957535454 ], [ -68.746305, -21.962548957534846 ], [ -68.751068, -21.960717957534396 ], [ -68.753858, -21.960717957534396 ], [ -68.757505, -21.962708957534844 ], [ -68.760381, -21.964777957535336 ], [ -68.761454, -21.963742957535086 ], [ -68.764114, -21.961076957534562 ], [ -68.765831, -21.958608957533933 ], [ -68.765144, -21.957295957533656 ], [ -68.761754, -21.956061957533318 ], [ -68.758836, -21.955225957533187 ], [ -68.757291, -21.953871957532868 ], [ -68.761926, -21.949612957531823 ], [ -68.768878, -21.944079957530558 ], [ -68.769221, -21.942049957530109 ], [ -68.767118, -21.941014957529877 ], [ -68.760939, -21.942567957530198 ], [ -68.755875, -21.945751957530923 ], [ -68.749781, -21.949015957531664 ], [ -68.747592, -21.95076795753215 ], [ -68.74390099999988, -21.953195957532682 ], [ -68.741434, -21.953871957532872 ], [ -68.740168, -21.953434957532718 ], [ -68.736799, -21.953195957532682 ], [ -68.734181, -21.9533349575327 ], [ -68.731627, -21.953931957532884 ], [ -68.731027, -21.954687957533014 ], [ -68.73137, -21.955603957533281 ], [ -68.730297, -21.955424957533225 ], [ -68.728194, -21.954867957533065 ], [ -68.726993, -21.954469957532943 ], [ -68.726006, -21.953792957532801 ], [ -68.724804, -21.953195957532682 ], [ -68.722937, -21.953215957532652 ], [ -68.722808, -21.953772957532745 ], [ -68.723345, -21.954250957532874 ], [ -68.724546, -21.954687957533025 ], [ -68.726091, -21.955105957533146 ], [ -68.7271, -21.955961957533329 ] ] ] } },
{ "type": "Feature", "properties": { "fid": 3180, "ISO3_CODE": "CHL", "COUNTRY_NAME": "Chile", "AREA": 0.21138503973544201 }, "geometry": { "type": "Polygon", "coordinates": [ [ [ -68.850224, -20.972158957399621 ], [ -68.84973, -20.97352195739964 ], [ -68.849108, -20.974062957399667 ], [ -68.849044, -20.974543957399664 ], [ -68.848443, -20.975284957399712 ], [ -68.847821, -20.976166957399748 ], [ -68.84737, -20.976707957399821 ], [ -68.84692, -20.977568957399782 ], [ -68.846598, -20.978109957399859 ], [ -68.84589, -20.97887095739987 ], [ -68.845353, -20.979151957399885 ], [ -68.844967, -20.979311957399897 ], [ -68.844495, -20.97925195739986 ], [ -68.844259, -20.979111957399898 ], [ -68.843894, -20.979291957399845 ], [ -68.843658, -20.979552957399864 ], [ -68.843787, -20.979872957399891 ], [ -68.844452, -20.980253957399903 ], [ -68.845074, -20.979952957399949 ], [ -68.845696, -20.979972957399934 ], [ -68.846684, -20.979732957399936 ], [ -68.847499, -20.979532957399883 ], [ -68.848207, -20.979431957399918 ], [ -68.848593, -20.97905195739985 ], [ -68.849001, -20.978149957399811 ], [ -68.849452, -20.97750895739982 ], [ -68.849838, -20.976807957399792 ], [ -68.850095, -20.976146957399767 ], [ -68.849816, -20.97546495739974 ], [ -68.850159999999889, -20.97496395739967 ], [ -68.85061, -20.974483957399695 ], [ -68.851211, -20.973801957399669 ], [ -68.851597, -20.973140957399611 ], [ -68.852005, -20.971958957399572 ], [ -68.851919, -20.971567957399596 ], [ -68.851705, -20.97135795739959 ], [ -68.851265, -20.971327957399556 ], [ -68.850728, -20.9716579573996 ], [ -68.850224, -20.972158957399621 ] ] ] } },
{ "type": "Feature", "properties": { "fid": 3188, "ISO3_CODE": "CHL", "COUNTRY_NAME": "Chile", "AREA": 19.15166784923008 }, "geometry": { "type": "Polygon", "coordinates": [ [ [ -68.617687, -20.926489957398079 ], [ -68.611851, -20.928253957398162 ], [ -68.608074, -20.928092957398164 ], [ -68.602753, -20.926649957398048 ], [ -68.59726, -20.925367957398009 ], [ -68.594856, -20.923763957398002 ], [ -68.593311, -20.922480957397902 ], [ -68.591595, -20.919915957397865 ], [ -68.59005, -20.917830957397829 ], [ -68.587646, -20.915585957397745 ], [ -68.584213, -20.916227957397773 ], [ -68.581982, -20.9186329573979 ], [ -68.580265, -20.922160957397899 ], [ -68.579235, -20.925206957398078 ], [ -68.578892, -20.929054957398048 ], [ -68.577347, -20.932261957398193 ], [ -68.57563, -20.935788957398383 ], [ -68.573742, -20.940919957398538 ], [ -68.575458999999896, -20.946851957398714 ], [ -68.578033, -20.950698957398821 ], [ -68.581467, -20.953904957398919 ], [ -68.587818, -20.955828957399003 ], [ -68.594856, -20.956469957398991 ], [ -68.599491, -20.957271957399051 ], [ -68.604813, -20.957752957399066 ], [ -68.611164, -20.957431957399034 ], [ -68.614597, -20.95711095739901 ], [ -68.62009, -20.957591957399043 ], [ -68.62318, -20.958072957399107 ], [ -68.62936, -20.9580729573991 ], [ -68.634682, -20.955026957398989 ], [ -68.63966, -20.952782957398888 ], [ -68.64069, -20.950057957398787 ], [ -68.637943, -20.947812957398739 ], [ -68.635025, -20.946370957398688 ], [ -68.633652, -20.949095957398754 ], [ -68.629875, -20.94861495739876 ], [ -68.62833, -20.947011957398708 ], [ -68.628674, -20.944446957398569 ], [ -68.626614, -20.942362957398537 ], [ -68.624554, -20.939796957398425 ], [ -68.623867, -20.93578895739833 ], [ -68.621979, -20.933063957398286 ], [ -68.620605, -20.93017795739814 ], [ -68.617687, -20.926489957398079 ] ] ] } },
{ "type": "Feature", "properties": { "fid": 3204, "ISO3_CODE": "CHL", "COUNTRY_NAME": "Chile", "AREA": 18.041856766919956 }, "geometry": { "type": "Polygon", "coordinates": [ [ [ -68.819132, -20.980794957399979 ], [ -68.818853, -20.981635957399998 ], [ -68.818767, -20.982056957399958 ], [ -68.81866, -20.982457957399976 ], [ -68.818531, -20.982757957400015 ], [ -68.818209, -20.982757957400018 ], [ -68.817716, -20.982757957400015 ], [ -68.817394, -20.982917957400019 ], [ -68.817394, -20.98355995740009 ], [ -68.817008, -20.983098957400085 ], [ -68.816557, -20.98265795740004 ], [ -68.816128, -20.982056957399958 ], [ -68.815527, -20.981615957399949 ], [ -68.814583, -20.981435957399952 ], [ -68.814025, -20.981435957399952 ], [ -68.81336, -20.981395957399965 ], [ -68.813896, -20.982717957400006 ], [ -68.813896, -20.982957957400028 ], [ -68.813745999999895, -20.983318957400009 ], [ -68.813102, -20.983318957400005 ], [ -68.812158, -20.983619957400073 ], [ -68.811193, -20.983819957400041 ], [ -68.810012, -20.983879957400081 ], [ -68.809369, -20.984240957400118 ], [ -68.809562, -20.984921957400072 ], [ -68.80969, -20.985522957400139 ], [ -68.809347, -20.985802957400125 ], [ -68.809004, -20.985963957400138 ], [ -68.809261, -20.98668495740014 ], [ -68.809948, -20.98686495740019 ], [ -68.810377, -20.986744957400219 ], [ -68.810806, -20.98672495740016 ], [ -68.811536, -20.987024957400198 ], [ -68.812029, -20.986884957400246 ], [ -68.812373, -20.986363957400219 ], [ -68.812823, -20.986283957400151 ], [ -68.813274, -20.986383957400182 ], [ -68.813639, -20.986343957400123 ], [ -68.813853, -20.985842957400127 ], [ -68.813853, -20.985281957400137 ], [ -68.813789, -20.984781957400063 ], [ -68.813596, -20.984420957400108 ], [ -68.813467, -20.983959957400074 ], [ -68.814218, -20.984079957400048 ], [ -68.814819, -20.984440957400079 ], [ -68.815227, -20.984861957400124 ], [ -68.815591, -20.985261957400102 ], [ -68.815591, -20.985862957400212 ], [ -68.815355, -20.986484957400165 ], [ -68.815119, -20.986764957400144 ], [ -68.815076, -20.987145957400234 ], [ -68.815656, -20.987125957400217 ], [ -68.816535, -20.987105957400225 ], [ -68.817351, -20.987205957400196 ], [ -68.817201, -20.987545957400208 ], [ -68.816857, -20.987926957400283 ], [ -68.817093, -20.988367957400232 ], [ -68.817587, -20.988848957400265 ], [ -68.817973, -20.989328957400303 ], [ -68.81808, -20.989909957400315 ], [ -68.81808, -20.990450957400348 ], [ -68.81778, -20.99093195740036 ], [ -68.817286, -20.991332957400378 ], [ -68.817008, -20.991833957400374 ], [ -68.816729, -20.99233395740038 ], [ -68.816814, -20.993175957400485 ], [ -68.817286, -20.993696957400456 ], [ -68.816364, -20.993736957400436 ], [ -68.816106, -20.99309595740046 ], [ -68.815913, -20.992634957400405 ], [ -68.815634, -20.992073957400383 ], [ -68.815291, -20.991773957400394 ], [ -68.814647, -20.991913957400349 ], [ -68.813896, -20.992153957400394 ], [ -68.813038, -20.992554957400369 ], [ -68.812416, -20.992954957400439 ], [ -68.811793, -20.993015957400441 ], [ -68.811214, -20.992894957400448 ], [ -68.810871, -20.992514957400452 ], [ -68.809969, -20.992313957400398 ], [ -68.809025, -20.992333957400373 ], [ -68.808274, -20.992173957400439 ], [ -68.807566, -20.991652957400422 ], [ -68.80703, -20.991172957400373 ], [ -68.806386, -20.990791957400379 ], [ -68.805807, -20.990570957400337 ], [ -68.805335, -20.990310957400304 ], [ -68.805742, -20.990050957400324 ], [ -68.80585, -20.989669957400277 ], [ -68.805721, -20.989268957400274 ], [ -68.805399, -20.988848957400254 ], [ -68.804841, -20.98838795740021 ], [ -68.804219, -20.987926957400294 ], [ -68.803532, -20.987906957400195 ], [ -68.80321, -20.98806695740025 ], [ -68.803124, -20.988667957400239 ], [ -68.803017, -20.989028957400272 ], [ -68.802567, -20.988747957400275 ], [ -68.801901, -20.988527957400283 ], [ -68.801429, -20.988287957400225 ], [ -68.801086, -20.988006957400213 ], [ -68.80085, -20.98764695740023 ], [ -68.800356, -20.987485957400242 ], [ -68.799992, -20.987305957400181 ], [ -68.79997, -20.986904957400167 ], [ -68.799648, -20.986544957400181 ], [ -68.799026, -20.986524957400157 ], [ -68.798597, -20.986744957400219 ], [ -68.79806, -20.986724957400167 ], [ -68.797503, -20.986544957400184 ], [ -68.797073, -20.986403957400164 ], [ -68.796473, -20.986363957400211 ], [ -68.795915, -20.986223957400195 ], [ -68.795807, -20.985963957400134 ], [ -68.795142, -20.985822957400185 ], [ -68.79452, -20.986023957400153 ], [ -68.793812, -20.985983957400133 ], [ -68.793104, -20.985862957400155 ], [ -68.792074, -20.985842957400131 ], [ -68.790979, -20.985943957400139 ], [ -68.789907, -20.986223957400195 ], [ -68.78922, -20.986844957400198 ], [ -68.789155, -20.987666957400286 ], [ -68.789113, -20.988547957400243 ], [ -68.790035, -20.989208957400272 ], [ -68.791623, -20.989990957400309 ], [ -68.792567, -20.990450957400348 ], [ -68.793318, -20.990450957400348 ], [ -68.794584, -20.990010957400315 ], [ -68.795443, -20.990010957400308 ], [ -68.796322, -20.989990957400316 ], [ -68.796837, -20.99057095740034 ], [ -68.797095, -20.991172957400373 ], [ -68.797095, -20.992073957400386 ], [ -68.797309, -20.992514957400452 ], [ -68.797545, -20.99313595740044 ], [ -68.797932, -20.993616957400526 ], [ -68.796837, -20.993916957400472 ], [ -68.795935999999884, -20.994517957400497 ], [ -68.794885, -20.994697957400508 ], [ -68.794262, -20.994958957400527 ], [ -68.793104, -20.994978957400519 ], [ -68.792782, -20.993335957400443 ], [ -68.792653, -20.992454957400444 ], [ -68.792138, -20.991532957400381 ], [ -68.792009, -20.990971957400344 ], [ -68.791151, -20.990691957400308 ], [ -68.79025, -20.990691957400305 ], [ -68.789349, -20.990450957400352 ], [ -68.788319, -20.990090957400291 ], [ -68.787374, -20.989609957400347 ], [ -68.785701, -20.98892895740024 ], [ -68.7851, -20.988607957400252 ], [ -68.783512, -20.988767957400263 ], [ -68.781409, -20.989248957400328 ], [ -68.78068, -20.990170957400334 ], [ -68.779435, -20.990851957400345 ], [ -68.778834, -20.991492957400354 ], [ -68.777976, -20.992053957400373 ], [ -68.777804, -20.992854957400422 ], [ -68.777761, -20.99377695740047 ], [ -68.777761, -20.99481895740055 ], [ -68.777804, -20.995659957400541 ], [ -68.778963, -20.996741957400637 ], [ -68.780766, -20.997582957400638 ], [ -68.780165, -20.99854495740064 ], [ -68.778405, -20.999065957400674 ], [ -68.777289, -20.999385957400747 ], [ -68.776646, -20.998664957400702 ], [ -68.775787, -20.998664957400692 ], [ -68.774285, -20.99930595740074 ], [ -68.773513, -21.000507957400764 ], [ -68.773513, -21.001549957400798 ], [ -68.775229, -21.002069957400813 ], [ -68.776002, -21.002150957400836 ], [ -68.776345, -21.002630957400847 ], [ -68.776474, -21.003392957400923 ], [ -68.776345, -21.004353957400941 ], [ -68.777719, -21.004674957400987 ], [ -68.779221, -21.004714957400978 ], [ -68.780551, -21.004714957400957 ], [ -68.782182, -21.004914957400985 ], [ -68.782439, -21.005896957400992 ], [ -68.782675, -21.006637957401104 ], [ -68.78231, -21.007198957401101 ], [ -68.781903, -21.007598957401079 ], [ -68.78201, -21.008259957401123 ], [ -68.782246, -21.00874095740112 ], [ -68.782353, -21.00948195740116 ], [ -68.782353, -21.010302957401205 ], [ -68.783104, -21.011224957401218 ], [ -68.783877, -21.011985957401272 ], [ -68.784242, -21.012786957401307 ], [ -68.785186, -21.013167957401368 ], [ -68.78583, -21.013608957401367 ], [ -68.785679, -21.013988957401413 ], [ -68.785379, -21.014509957401433 ], [ -68.785186, -21.015030957401411 ], [ -68.785036, -21.015671957401395 ], [ -68.785357, -21.0163929574015 ], [ -68.785915, -21.016612957401456 ], [ -68.786151, -21.017193957401506 ], [ -68.786066, -21.017814957401587 ], [ -68.786023, -21.018495957401594 ], [ -68.785636, -21.019056957401627 ], [ -68.785293, -21.019877957401693 ], [ -68.785163999999895, -21.020558957401693 ], [ -68.785036, -21.021379957401745 ], [ -68.785465, -21.021860957401817 ], [ -68.786516, -21.022301957401847 ], [ -68.787525, -21.022441957401828 ], [ -68.789241, -21.022621957401764 ], [ -68.791215, -21.022521957401874 ], [ -68.792803, -21.02210095740179 ], [ -68.794048, -21.020959957401772 ], [ -68.794734, -21.018956957401613 ], [ -68.795249, -21.017934957401579 ], [ -68.795764, -21.017133957401498 ], [ -68.795806999999883, -21.016151957401451 ], [ -68.795915, -21.015170957401391 ], [ -68.795485, -21.014028957401386 ], [ -68.795743, -21.013107957401317 ], [ -68.796237, -21.012125957401256 ], [ -68.797889, -21.012646957401351 ], [ -68.798833, -21.012265957401265 ], [ -68.799648, -21.012326957401321 ], [ -68.801129, -21.013147957401333 ], [ -68.802502, -21.013187957401382 ], [ -68.803747, -21.013367957401336 ], [ -68.804519, -21.013207957401352 ], [ -68.805485, -21.01326795740135 ], [ -68.806686, -21.013467957401353 ], [ -68.807287, -21.01352795740134 ], [ -68.807952, -21.013547957401368 ], [ -68.80851, -21.013447957401386 ], [ -68.809111, -21.013628957401416 ], [ -68.809239999999889, -21.014329957401419 ], [ -68.808982, -21.014849957401381 ], [ -68.808553, -21.014950957401492 ], [ -68.807995, -21.015611957401507 ], [ -68.807437, -21.016191957401503 ], [ -68.806751, -21.01623195740147 ], [ -68.806386, -21.016252957401534 ], [ -68.806214, -21.016892957401499 ], [ -68.80527, -21.016832957401462 ], [ -68.805141, -21.017493957401577 ], [ -68.806257, -21.017694957401581 ], [ -68.807588, -21.017473957401549 ], [ -68.807244, -21.017954957401606 ], [ -68.806643, -21.018295957401598 ], [ -68.806322, -21.018775957401594 ], [ -68.80482, -21.019096957401601 ], [ -68.803382, -21.019456957401687 ], [ -68.803275, -21.018855957401581 ], [ -68.802438, -21.019016957401604 ], [ -68.801751, -21.019336957401624 ], [ -68.800142, -21.019456957401687 ], [ -68.799219, -21.019737957401631 ], [ -68.798919, -21.020378957401718 ], [ -68.799348, -21.021099957401741 ], [ -68.799648, -21.02157995740172 ], [ -68.80055, -21.021600957401734 ], [ -68.801172, -21.020959957401768 ], [ -68.802438, -21.020558957401708 ], [ -68.80394, -21.020638957401712 ], [ -68.805549, -21.020037957401648 ], [ -68.806965, -21.019496957401625 ], [ -68.807931, -21.018976957401609 ], [ -68.808961, -21.018375957401606 ], [ -68.809948, -21.017854957401585 ], [ -68.810828, -21.017834957401568 ], [ -68.811364, -21.0182359574016 ], [ -68.811171, -21.018956957401617 ], [ -68.811107, -21.01977795740164 ], [ -68.811386, -21.020438957401737 ], [ -68.811922, -21.020959957401772 ], [ -68.812544, -21.021059957401736 ], [ -68.813016, -21.021419957401733 ], [ -68.812587, -21.022000957401751 ], [ -68.812029, -21.022361957401746 ], [ -68.811707, -21.022881957401818 ], [ -68.811901, -21.023382957401793 ], [ -68.812222, -21.023743957401848 ], [ -68.812673, -21.024504957401913 ], [ -68.813682, -21.024944957401903 ], [ -68.815033, -21.025145957401946 ], [ -68.815827, -21.025305957401898 ], [ -68.816707, -21.025585957401962 ], [ -68.81778, -21.025946957402017 ], [ -68.818595, -21.026587957401993 ], [ -68.820076, -21.026487957401955 ], [ -68.820763, -21.025906957401947 ], [ -68.821321, -21.025145957401946 ], [ -68.821621, -21.024544957401861 ], [ -68.822823, -21.025525957401971 ], [ -68.824797, -21.026346957401977 ], [ -68.82617, -21.02676795740199 ], [ -68.826857, -21.02634695740198 ], [ -68.826749, -21.025485957401983 ], [ -68.826921, -21.024424957401838 ], [ -68.827629, -21.023843957401876 ], [ -68.828359, -21.023683957401897 ], [ -68.829153, -21.023663957401855 ], [ -68.829453, -21.023302957401857 ], [ -68.830075, -21.023022957401778 ], [ -68.832436, -21.023622957401837 ], [ -68.835526, -21.022941957401809 ], [ -68.83544, -21.021539957401735 ], [ -68.834238, -21.020217957401655 ], [ -68.833551, -21.019096957401601 ], [ -68.832779, -21.017694957401584 ], [ -68.831964, -21.016572957401493 ], [ -68.831878, -21.015651957401516 ], [ -68.832221, -21.015010957401401 ], [ -68.83265, -21.014569957401427 ], [ -68.832221, -21.014128957401347 ], [ -68.830976, -21.013407957401377 ], [ -68.829989, -21.012526957401345 ], [ -68.829346, -21.01144495740126 ], [ -68.828874, -21.010763957401231 ], [ -68.828359, -21.009802957401178 ], [ -68.827372, -21.008279957401143 ], [ -68.8272, -21.006837957401011 ], [ -68.827629, -21.005875957400995 ], [ -68.827114, -21.004513957400988 ], [ -68.826513, -21.003512957400893 ], [ -68.826427, -21.002390957400848 ], [ -68.826642, -21.001589957400803 ], [ -68.827243, -21.000667957400751 ], [ -68.827415, -20.999826957400721 ], [ -68.8272, -20.999105957400669 ], [ -68.82647, -20.998183957400645 ], [ -68.825955, -20.997262957400626 ], [ -68.825483, -20.996180957400593 ], [ -68.825483, -20.995419957400554 ], [ -68.825741, -20.994778957400506 ], [ -68.826299, -20.99353595740051 ], [ -68.826427, -20.992293957400353 ], [ -68.826385, -20.990891957400397 ], [ -68.826385, -20.989729957400296 ], [ -68.825655, -20.988527957400272 ], [ -68.825054, -20.987565957400218 ], [ -68.824368, -20.986604957400147 ], [ -68.823853, -20.986083957400133 ], [ -68.823466, -20.985602957400175 ], [ -68.82278, -20.984480957400091 ], [ -68.822265, -20.983639957400033 ], [ -68.822136, -20.982797957400031 ], [ -68.821793, -20.982116957399992 ], [ -68.821192, -20.981956957400005 ], [ -68.820934, -20.98135595739998 ], [ -68.820763, -20.981034957399988 ], [ -68.820462, -20.980513957399861 ], [ -68.819947, -20.980593957399922 ], [ -68.819132, -20.980794957399979 ] ] ] } },
{ "type": "Feature", "properties": { "fid": 3215, "ISO3_CODE": "CHL", "COUNTRY_NAME": "Chile", "AREA": 1.1743945459196288 }, "geometry": { "type": "Polygon", "coordinates": [ [ [ -68.716843, -21.009020957401194 ], [ -68.717315, -21.008419957401081 ], [ -68.716371, -21.007238957401121 ], [ -68.714998, -21.006236957401018 ], [ -68.714697, -21.005515957400963 ], [ -68.711779, -21.003832957400871 ], [ -68.710213, -21.003171957400905 ], [ -68.707895, -21.003592957400858 ], [ -68.707209, -21.006476957401006 ], [ -68.705406, -21.005996957401003 ], [ -68.704977, -21.003031957400889 ], [ -68.701887, -21.002390957400848 ], [ -68.700943, -21.004634957400935 ], [ -68.702059, -21.007678957401033 ], [ -68.70266, -21.009521957401173 ], [ -68.703947, -21.01136495740128 ], [ -68.707724, -21.011204957401237 ], [ -68.70841, -21.013768957401361 ], [ -68.711672, -21.014569957401427 ], [ -68.71356, -21.013287957401335 ], [ -68.713045, -21.011685957401269 ], [ -68.712015, -21.010002957401191 ], [ -68.710041, -21.009521957401173 ], [ -68.709869, -21.008159957401116 ], [ -68.712702, -21.008399957401114 ], [ -68.714161, -21.0092819574012 ], [ -68.716843, -21.009020957401194 ] ] ] } },
{ "type": "Feature", "properties": { "fid": 3216, "ISO3_CODE": "CHL", "COUNTRY_NAME": "Chile", "AREA": 0.041621358676806088 }, "geometry": { "type": "Polygon", "coordinates": [ [ [ -68.698336, -21.001318957400802 ], [ -68.697231, -21.001328957400762 ], [ -68.696158, -21.001168957400829 ], [ -68.69575, -21.001689957400803 ], [ -68.69589, -21.002029957400801 ], [ -68.697166, -21.003051957400899 ], [ -68.697928, -21.003101957400915 ], [ -68.698003, -21.002410957400865 ], [ -68.698604, -21.002420957400837 ], [ -68.698336, -21.001318957400802 ] ] ] } },
{ "type": "Feature", "properties": { "fid": 3217, "ISO3_CODE": "CHL", "COUNTRY_NAME": "Chile", "AREA": 32.444987108846547 }, "geometry": { "type": "Polygon", "coordinates": [ [ [ -68.715534, -20.941961957398558 ], [ -68.713002, -20.942923957398605 ], [ -68.711329, -20.943564957398561 ], [ -68.709912, -20.944606957398637 ], [ -68.708754, -20.945287957398598 ], [ -68.707595, -20.946169957398627 ], [ -68.706264, -20.946931957398689 ], [ -68.704505, -20.946931957398682 ], [ -68.702531, -20.946810957398711 ], [ -68.700471, -20.94793395739871 ], [ -68.699183, -20.949456957398795 ], [ -68.698068, -20.950939957398791 ], [ -68.696308, -20.953103957398948 ], [ -68.694506, -20.954826957398957 ], [ -68.69266, -20.955668957398991 ], [ -68.69, -20.955708957398969 ], [ -68.688025, -20.956910957399046 ], [ -68.68515, -20.957631957399055 ], [ -68.682489, -20.958433957399052 ], [ -68.680129, -20.959876957399185 ], [ -68.678455, -20.961479957399163 ], [ -68.676353, -20.964084957399276 ], [ -68.673992, -20.966087957399353 ], [ -68.672318, -20.968251957399431 ], [ -68.672104, -20.969574957399534 ], [ -68.67558, -20.9694139573995 ], [ -68.677511, -20.969173957399438 ], [ -68.678498, -20.969694957399518 ], [ -68.679142, -20.970616957399535 ], [ -68.680644, -20.972259957399629 ], [ -68.681974, -20.972459957399582 ], [ -68.680086, -20.973861957399716 ], [ -68.679185, -20.975104957399687 ], [ -68.677769, -20.977187957399789 ], [ -68.678327, -20.978991957399863 ], [ -68.679743, -20.979872957399888 ], [ -68.681245, -20.980353957399881 ], [ -68.68279, -20.981275957399969 ], [ -68.684506, -20.982477957400008 ], [ -68.68412, -20.984280957400046 ], [ -68.682919, -20.985482957400112 ], [ -68.683691, -20.986804957400235 ], [ -68.685837, -20.987165957400169 ], [ -68.687811, -20.987525957400212 ], [ -68.696136, -20.98948995740032 ], [ -68.702831, -20.98868795740027 ], [ -68.707638, -20.989969957400298 ], [ -68.710899, -20.988206957400237 ], [ -68.714333, -20.984841957400132 ], [ -68.720341, -20.987245957400219 ], [ -68.725147, -20.990611957400343 ], [ -68.730469, -20.993816957400519 ], [ -68.734932, -20.996380957400557 ], [ -68.738708, -20.993656957400528 ], [ -68.741112, -20.990290957400337 ], [ -68.742485, -20.987245957400223 ], [ -68.745146, -20.981395957399965 ], [ -68.747549, -20.979712957399897 ], [ -68.750982, -20.979071957399825 ], [ -68.753214, -20.979231957399872 ], [ -68.758106, -20.979872957399888 ], [ -68.760767, -20.977788957399845 ], [ -68.761969, -20.975144957399731 ], [ -68.76317, -20.972820957399598 ], [ -68.765659, -20.97025595739958 ], [ -68.764887, -20.969133957399464 ], [ -68.762827, -20.967931957399383 ], [ -68.758879, -20.966328957399412 ], [ -68.755875, -20.964484957399375 ], [ -68.75433, -20.963523957399254 ], [ -68.751669, -20.96344295739927 ], [ -68.748064, -20.964885957399318 ], [ -68.746948, -20.966007957399363 ], [ -68.745661, -20.964805957399371 ], [ -68.744202, -20.963282957399255 ], [ -68.743258, -20.961599957399244 ], [ -68.742743, -20.959675957399128 ], [ -68.743, -20.955828957399007 ], [ -68.743, -20.952782957398888 ], [ -68.738708, -20.951981957398871 ], [ -68.733559, -20.950377957398803 ], [ -68.729095, -20.948935957398795 ], [ -68.723259, -20.947171957398762 ], [ -68.722057, -20.945087957398599 ], [ -68.720341, -20.943323957398587 ], [ -68.718624, -20.941560957398544 ], [ -68.715534, -20.941961957398558 ] ] ] } },
{ "type": "Feature", "properties": { "fid": 3218, "ISO3_CODE": "CHL", "COUNTRY_NAME": "Chile", "AREA": 24.766044096884176 }, "geometry": { "type": "Polygon", "coordinates": [ [ [ -68.648071, -20.979071957399821 ], [ -68.642578, -20.973140957399597 ], [ -68.634853, -20.971377957399572 ], [ -68.632107, -20.967049957399418 ], [ -68.6273, -20.964324957399288 ], [ -68.620605, -20.962240957399196 ], [ -68.612366, -20.960797957399254 ], [ -68.607559, -20.962561957399274 ], [ -68.601894, -20.968492957399445 ], [ -68.596058, -20.9673709573994 ], [ -68.593998, -20.963362957399276 ], [ -68.589363, -20.961759957399238 ], [ -68.586273, -20.965125957399362 ], [ -68.587132, -20.970415957399563 ], [ -68.587303, -20.976186957399797 ], [ -68.59211, -20.98099495739989 ], [ -68.599491, -20.985482957400119 ], [ -68.609276, -20.987405957400217 ], [ -68.608932, -20.991572957400379 ], [ -68.607044, -20.996380957400547 ], [ -68.610477, -21.001989957400827 ], [ -68.615284, -21.005515957400959 ], [ -68.622665, -21.009681957401181 ], [ -68.629189, -21.013848957401375 ], [ -68.634853, -21.013688957401371 ], [ -68.640003, -21.011444957401263 ], [ -68.645496, -21.007598957401079 ], [ -68.648758, -21.003111957400893 ], [ -68.652878, -21.000387957400754 ], [ -68.655624, -20.997181957400628 ], [ -68.654079, -20.992694957400456 ], [ -68.650475, -20.986924957400213 ], [ -68.648243, -20.981956957399998 ], [ -68.648071, -20.979071957399821 ] ] ] } },
{ "type": "Feature", "properties": { "fid": 3230, "ISO3_CODE": "CHL", "COUNTRY_NAME": "Chile", "AREA": 25.188791306320322 }, "geometry": { "type": "Polygon", "coordinates": [ [ [ -69.283562, -20.034644957453171 ], [ -69.278927, -20.033434957453348 ], [ -69.273348, -20.03754795745273 ], [ -69.257383, -20.034724957453211 ], [ -69.24159, -20.038675957452572 ], [ -69.238329, -20.062300957449022 ], [ -69.24511, -20.070845957447784 ], [ -69.269571, -20.081728957446227 ], [ -69.287338, -20.089870957444994 ], [ -69.290686, -20.087129957445402 ], [ -69.279785, -20.074473957447221 ], [ -69.282618, -20.068749957448077 ], [ -69.288626, -20.069959957447935 ], [ -69.290342, -20.066814957448386 ], [ -69.286051, -20.060284957449337 ], [ -69.287424, -20.054318957450199 ], [ -69.292231, -20.053350957450355 ], [ -69.29369, -20.0571409574498 ], [ -69.298925, -20.059720957449432 ], [ -69.304247, -20.055447957449996 ], [ -69.307423, -20.051980957450567 ], [ -69.30665, -20.048835957451026 ], [ -69.299612, -20.04536895745149 ], [ -69.295664, -20.044158957451781 ], [ -69.289999, -20.049964957450893 ], [ -69.28751, -20.049238957451024 ], [ -69.288626, -20.044965957451634 ], [ -69.288626, -20.038111957452625 ], [ -69.283562, -20.034644957453171 ] ] ] } },
{ "type": "Feature", "properties": { "fid": 3784, "ISO3_CODE": "CHL", "COUNTRY_NAME": "Chile", "AREA": 0.4373974832283109 }, "geometry": { "type": "Polygon", "coordinates": [ [ [ -68.835611, -22.378273957648144 ], [ -68.835611, -22.377777957647989 ], [ -68.835096, -22.377519957647927 ], [ -68.834538, -22.377876957648002 ], [ -68.833938, -22.378154957648114 ], [ -68.832672, -22.378193957648111 ], [ -68.831105, -22.378193957648115 ], [ -68.830333, -22.378193957648115 ], [ -68.829324, -22.378332957648155 ], [ -68.829217, -22.378035957648084 ], [ -68.828144, -22.377638957647985 ], [ -68.827329, -22.377201957647809 ], [ -68.826685, -22.376864957647722 ], [ -68.82617, -22.376110957647455 ], [ -68.825548, -22.375792957647406 ], [ -68.824947, -22.3763489576476 ], [ -68.824539, -22.377320957647871 ], [ -68.824561, -22.378233957648106 ], [ -68.824604, -22.379007957648355 ], [ -68.825355, -22.379543957648554 ], [ -68.826771, -22.379582957648566 ], [ -68.82808, -22.379404957648518 ], [ -68.828702, -22.379185957648442 ], [ -68.828766, -22.37997995764864 ], [ -68.828509, -22.381051957649042 ], [ -68.82853, -22.381904957649283 ], [ -68.828809, -22.382658957649575 ], [ -68.829303, -22.383273957649742 ], [ -68.830354, -22.38341295764975 ], [ -68.831127, -22.383154957649705 ], [ -68.831599, -22.382816957649617 ], [ -68.832049, -22.382420957649487 ], [ -68.832586, -22.381983957649329 ], [ -68.833165, -22.381626957649203 ], [ -68.833809, -22.381209957649109 ], [ -68.834453, -22.380693957648923 ], [ -68.835268, -22.37978195764865 ], [ -68.835483, -22.379106957648411 ], [ -68.835611, -22.378273957648144 ] ] ] } },
{ "type": "Feature", "properties": { "fid": 3842, "ISO3_CODE": "CHL", "COUNTRY_NAME": "Chile", "AREA": 778.70904100247037 }, "geometry": { "type": "Polygon", "coordinates": [ [ [ -69.65564459999996, -22.589539557718133 ], [ -69.647827, -22.592774957719257 ], [ -69.647141, -22.616308957727611 ], [ -69.65847, -22.631994957733262 ], [ -69.6680957, -22.639149457735801 ], [ -69.669628, -22.643006957737207 ], [ -69.662976, -22.647442957738761 ], [ -69.664693, -22.65849195774285 ], [ -69.663105, -22.662254957744164 ], [ -69.662375, -22.664709957745139 ], [ -69.663448, -22.667085957745964 ], [ -69.664006, -22.670688957747245 ], [ -69.664672, -22.671955757747753 ], [ -69.664521, -22.673183957748183 ], [ -69.665627099999966, -22.673772357748437 ], [ -69.666109, -22.674688957748742 ], [ -69.670057, -22.677856957749878 ], [ -69.66804, -22.680113957750681 ], [ -69.664865, -22.683162957751819 ], [ -69.662161, -22.686725957753204 ], [ -69.660702, -22.68989395775435 ], [ -69.65817, -22.693733957755757 ], [ -69.651818, -22.697376957757069 ], [ -69.644737, -22.700622957758295 ], [ -69.638858, -22.702879957759198 ], [ -69.637227, -22.704859957759883 ], [ -69.638815, -22.707471957760777 ], [ -69.643321, -22.709095957761505 ], [ -69.647312, -22.709095957761509 ], [ -69.65302, -22.708897957761344 ], [ -69.656024, -22.70988695776175 ], [ -69.656796, -22.712974957762924 ], [ -69.658341, -22.716062957764059 ], [ -69.660745, -22.719783957765493 ], [ -69.662418, -22.722673957766578 ], [ -69.662762, -22.73157995776992 ], [ -69.676860299999944, -22.734910757771214 ], [ -69.676108, -22.73648795777174 ], [ -69.676709, -22.740049957773088 ], [ -69.67907, -22.744917957774948 ], [ -69.685121, -22.747727957776053 ], [ -69.693704, -22.750419957777076 ], [ -69.700012, -22.752041957777656 ], [ -69.700775, -22.751087257777289 ], [ -69.701107, -22.75125095777738 ], [ -69.704154, -22.751863957777601 ], [ -69.705634, -22.754515957778633 ], [ -69.708252, -22.755484957779004 ], [ -69.711835, -22.75586095777911 ], [ -69.717479, -22.754614957778585 ], [ -69.719796, -22.755148957778825 ], [ -69.722993, -22.756672957779372 ], [ -69.724946, -22.754930957778775 ], [ -69.72604, -22.751903957777639 ], [ -69.724903, -22.749528957776718 ], [ -69.721169, -22.747648957775976 ], [ -69.715526, -22.747015957775712 ], [ -69.711106, -22.74745095777596 ], [ -69.705741, -22.747688957776024 ], [ -69.703746, -22.745353957775141 ], [ -69.701493, -22.745175957775054 ], [ -69.699261, -22.746303957775432 ], [ -69.6992135, -22.746315957775462 ], [ -69.698682, -22.745669957775213 ], [ -69.696708, -22.744720957774895 ], [ -69.692802, -22.743057957774241 ], [ -69.692202, -22.74127695777355 ], [ -69.69181, -22.738354657772437 ], [ -69.698424, -22.739931957773084 ], [ -69.702244, -22.734152957770835 ], [ -69.705162, -22.737397957772099 ], [ -69.709625, -22.740603957773306 ], [ -69.719625, -22.734666957771108 ], [ -69.730611, -22.746303957775428 ], [ -69.735332, -22.742622957774042 ], [ -69.737906, -22.744363957774787 ], [ -69.744945, -22.739614957772986 ], [ -69.750652, -22.752793957777886 ], [ -69.754086, -22.754930957778779 ], [ -69.757004, -22.755524957778935 ], [ -69.75666, -22.756790957779529 ], [ -69.753528, -22.756157957779202 ], [ -69.750609, -22.755207957778808 ], [ -69.74679, -22.754455957778603 ], [ -69.742541, -22.754693957778624 ], [ -69.739795, -22.755603957779066 ], [ -69.736233, -22.756553957779374 ], [ -69.7331, -22.756869957779511 ], [ -69.729581, -22.758650957780191 ], [ -69.727392, -22.760035957780723 ], [ -69.725375, -22.761895957781402 ], [ -69.724174, -22.764111957782244 ], [ -69.723058, -22.767633957783591 ], [ -69.721942, -22.769058957784146 ], [ -69.719582, -22.769849957784462 ], [ -69.716964, -22.771036957784922 ], [ -69.713874, -22.773767957785964 ], [ -69.712372, -22.77610195778685 ], [ -69.712586, -22.778278957787741 ], [ -69.714003, -22.780256957788435 ], [ -69.714646, -22.782195957789188 ], [ -69.714003, -22.783817957789839 ], [ -69.711385, -22.783857957789888 ], [ -69.707823, -22.785242957790391 ], [ -69.706192, -22.786587957790953 ], [ -69.706621, -22.78935695779203 ], [ -69.70778, -22.791651957792922 ], [ -69.710827, -22.795054957794235 ], [ -69.713101, -22.798219957795443 ], [ -69.716191, -22.800632957796392 ], [ -69.716964, -22.803164957797406 ], [ -69.713144, -22.802808957797239 ], [ -69.709454, -22.801423957796747 ], [ -69.704947, -22.8011469577966 ], [ -69.703145, -22.801977957796836 ], [ -69.700356, -22.802768957797227 ], [ -69.697309, -22.802570957797112 ], [ -69.694605, -22.802531957797147 ], [ -69.692459, -22.8032039577974 ], [ -69.690485, -22.803401957797405 ], [ -69.687738, -22.802412957797049 ], [ -69.684906, -22.802333957797018 ], [ -69.683104, -22.803520957797513 ], [ -69.682889, -22.805617957798326 ], [ -69.683704, -22.807436957799037 ], [ -69.684134, -22.809217957799703 ], [ -69.68276, -22.812025957800795 ], [ -69.681988, -22.814122957801697 ], [ -69.678726, -22.81467695780189 ], [ -69.676666, -22.817445957802956 ], [ -69.67658, -22.820174957804074 ], [ -69.678254, -22.821915957804666 ], [ -69.6804, -22.823141957805191 ], [ -69.682846, -22.823299957805268 ], [ -69.684563, -22.823299957805265 ], [ -69.687867, -22.822310957804937 ], [ -69.690914, -22.823299957805272 ], [ -69.692073, -22.825356957806047 ], [ -69.691257, -22.826938957806693 ], [ -69.687181, -22.827452957806916 ], [ -69.684219, -22.827017957806813 ], [ -69.680529, -22.826503957806406 ], [ -69.677181, -22.826582957806568 ], [ -69.674778, -22.827610957807007 ], [ -69.673319, -22.830696957808193 ], [ -69.672503, -22.833979957809468 ], [ -69.672546, -22.836984957810685 ], [ -69.67319, -22.839120957811506 ], [ -69.675336, -22.840623957812145 ], [ -69.678512, -22.841454957812456 ], [ -69.681602, -22.842957957813027 ], [ -69.685035, -22.844064957813462 ], [ -69.687095, -22.845092957813897 ], [ -69.690614, -22.84529095781399 ], [ -69.692888, -22.844064957813462 ], [ -69.693918, -22.840702957812162 ], [ -69.691901, -22.837380957810822 ], [ -69.690657, -22.833702957809333 ], [ -69.691644, -22.830617957808123 ], [ -69.694777, -22.829074957807524 ], [ -69.697266, -22.82903495780754 ], [ -69.697909, -22.830735957808212 ], [ -69.698381, -22.834928957809819 ], [ -69.699283, -22.838448957811309 ], [ -69.701557, -22.839951957811863 ], [ -69.70602, -22.841533957812455 ], [ -69.709926, -22.841770957812518 ], [ -69.713616, -22.840228957811927 ], [ -69.715204, -22.837103957810712 ], [ -69.716921, -22.833820957809408 ], [ -69.719024, -22.832476957808897 ], [ -69.721212, -22.833939957809491 ], [ -69.724689, -22.836945957810688 ], [ -69.728808, -22.837538957810882 ], [ -69.731083, -22.835719957810117 ], [ -69.73177, -22.832278957808814 ], [ -69.729195, -22.830696957808126 ], [ -69.725418, -22.830300957807989 ], [ -69.723873, -22.82915395780757 ], [ -69.72589, -22.828125957807174 ], [ -69.729924, -22.825672957806255 ], [ -69.731684, -22.822824957805043 ], [ -69.732413, -22.820688957804204 ], [ -69.730396, -22.816298957802566 ], [ -69.728165, -22.811630957800681 ], [ -69.726191, -22.809019957799638 ], [ -69.725547, -22.806289957798516 ], [ -69.726362, -22.804667957797971 ], [ -69.728465, -22.804786957797972 ], [ -69.73074, -22.805419957798275 ], [ -69.734173, -22.808267957799362 ], [ -69.736705, -22.809454957799815 ], [ -69.739494, -22.810008957800068 ], [ -69.742756, -22.809494957799824 ], [ -69.744301, -22.807318957799026 ], [ -69.746833, -22.806883957798821 ], [ -69.747992, -22.809494957799824 ], [ -69.747863, -22.811630957800684 ], [ -69.749837, -22.812658957801066 ], [ -69.752197, -22.813964957801584 ], [ -69.753013, -22.817563957802967 ], [ -69.749794, -22.81839495780331 ], [ -69.744687, -22.819976957803952 ], [ -69.743528, -22.822468957804993 ], [ -69.744215, -22.824723957805833 ], [ -69.746404, -22.825119957805949 ], [ -69.750395, -22.825435957806153 ], [ -69.754901, -22.820332957804112 ], [ -69.75709, -22.819146957803603 ], [ -69.757733, -22.821400957804538 ], [ -69.756961, -22.8243279578057 ], [ -69.753957, -22.829905957807853 ], [ -69.755116, -22.832080957808767 ], [ -69.758892, -22.833899957809404 ], [ -69.761767, -22.835007957809893 ], [ -69.766617, -22.833267957809198 ], [ -69.767132, -22.8307759578082 ], [ -69.767733, -22.825870957806291 ], [ -69.766746, -22.823299957805272 ], [ -69.764857, -22.822429957804882 ], [ -69.762754, -22.820965957804319 ], [ -69.761682, -22.81795995780319 ], [ -69.760995, -22.816218957802459 ], [ -69.762583, -22.814280957801699 ], [ -69.764514, -22.811036957800471 ], [ -69.765759, -22.808663957799538 ], [ -69.767904, -22.806527957798657 ], [ -69.770994, -22.807199957798943 ], [ -69.773526, -22.805814957798447 ], [ -69.777174, -22.807753957799157 ], [ -69.783354, -22.807911957799263 ], [ -69.783311, -22.804865957798032 ], [ -69.780865, -22.802294957797042 ], [ -69.777861, -22.801146957796597 ], [ -69.776316, -22.798575957795599 ], [ -69.775929, -22.796478957794751 ], [ -69.77859, -22.794341957793936 ], [ -69.779749, -22.792284957793076 ], [ -69.778762, -22.789633957792134 ], [ -69.775929, -22.789752957792178 ], [ -69.773827, -22.791216957792713 ], [ -69.773655, -22.794341957793943 ], [ -69.771295, -22.795726957794486 ], [ -69.766402, -22.796201957794654 ], [ -69.762411, -22.79762595779518 ], [ -69.75915, -22.797032957794983 ], [ -69.756317, -22.795291957794284 ], [ -69.753485, -22.794500957793993 ], [ -69.747949, -22.798337957795454 ], [ -69.743829, -22.802333957797018 ], [ -69.740181, -22.806724957798789 ], [ -69.736962, -22.806843957798762 ], [ -69.734387, -22.804825957798052 ], [ -69.731469, -22.803203957797407 ], [ -69.728465, -22.802294957797042 ], [ -69.729838, -22.800276957796218 ], [ -69.731555, -22.797665957795171 ], [ -69.733014, -22.79635995779471 ], [ -69.731555, -22.793946957793747 ], [ -69.730911, -22.790622957792511 ], [ -69.73074, -22.787576957791281 ], [ -69.733658, -22.785439957790487 ], [ -69.737606, -22.784569957790119 ], [ -69.740266999999875, -22.785202957790357 ], [ -69.74649, -22.784885957790205 ], [ -69.748335, -22.781839957789071 ], [ -69.751897, -22.7798219577883 ], [ -69.758592, -22.778357957787701 ], [ -69.763355, -22.778555957787795 ], [ -69.768806, -22.777091957787217 ], [ -69.772539, -22.77558795778662 ], [ -69.77344, -22.7721059577853 ], [ -69.772539, -22.768148957783851 ], [ -69.773226, -22.764191957782316 ], [ -69.774642, -22.76209395778152 ], [ -69.778161, -22.762529957781638 ], [ -69.782367, -22.764151957782278 ], [ -69.786143, -22.762489957781622 ], [ -69.784212, -22.75623695777929 ], [ -69.799404, -22.753229957778132 ], [ -69.805498, -22.755247957778835 ], [ -69.811463, -22.755761957779093 ], [ -69.830947, -22.741514957773699 ], [ -69.830904, -22.74020895777317 ], [ -69.829874, -22.736368957771671 ], [ -69.832664, -22.732727957770322 ], [ -69.831548, -22.728531957768787 ], [ -69.836268, -22.725008957767471 ], [ -69.845023, -22.719071957765163 ], [ -69.849571999999895, -22.720377957765724 ], [ -69.85086, -22.718200957764882 ], [ -69.852362, -22.715587957763862 ], [ -69.854937, -22.715112957763722 ], [ -69.860773, -22.714241957763402 ], [ -69.866738, -22.712341957762671 ], [ -69.872189, -22.710480957762005 ], [ -69.874549, -22.707709957760954 ], [ -69.873347, -22.705373957760067 ], [ -69.870901, -22.705294957760081 ], [ -69.86721, -22.70679895776059 ], [ -69.863176, -22.708540957761301 ], [ -69.860902, -22.708026957761039 ], [ -69.857426, -22.703790957759505 ], [ -69.852233, -22.698603957757534 ], [ -69.849358, -22.700504957758341 ], [ -69.846053, -22.699791957758034 ], [ -69.839959, -22.698445957757453 ], [ -69.834723, -22.696188957756668 ], [ -69.832535, -22.693931957755847 ], [ -69.829874, -22.69353595775571 ], [ -69.82348, -22.69630795775673 ], [ -69.818888, -22.698603957757538 ], [ -69.814854, -22.701256957758613 ], [ -69.81215, -22.701335957758594 ], [ -69.808545, -22.698564957757526 ], [ -69.80391, -22.69401195775589 ], [ -69.799533, -22.688665957753877 ], [ -69.79713, -22.685735957752797 ], [ -69.796014, -22.682093957751448 ], [ -69.796314, -22.679202957750373 ], [ -69.804211, -22.674134957748524 ], [ -69.809875, -22.668194957746376 ], [ -69.815369, -22.661857957743987 ], [ -69.819489, -22.657105957742314 ], [ -69.821463, -22.652749957740774 ], [ -69.820004, -22.648947957739367 ], [ -69.817944, -22.643956957737576 ], [ -69.818029, -22.638728957735726 ], [ -69.816999, -22.633658957733882 ], [ -69.816999, -22.63025195773259 ], [ -69.818287, -22.627320957731577 ], [ -69.824553, -22.622012957729698 ], [ -69.823694, -22.618368957728421 ], [ -69.818544, -22.613218957726545 ], [ -69.816012, -22.609890957725437 ], [ -69.815583, -22.606205957724036 ], [ -69.816442, -22.603313957723078 ], [ -69.819403, -22.599827957721747 ], [ -69.820218, -22.594597957719955 ], [ -69.821634, -22.591308957718788 ], [ -69.824038, -22.588891957717927 ], [ -69.828072, -22.587068957717317 ], [ -69.832406, -22.583027957715917 ], [ -69.835067, -22.578589957714424 ], [ -69.838672, -22.574983957713119 ], [ -69.841718999999884, -22.572288957712193 ], [ -69.844594, -22.570505957711511 ], [ -69.846783, -22.566225957710046 ], [ -69.846525, -22.564045957709332 ], [ -69.844551, -22.562103957708629 ], [ -69.843135, -22.556991957706838 ], [ -69.837513, -22.553265957705584 ], [ -69.831076, -22.552393957705238 ], [ -69.827943, -22.554415957705977 ], [ -69.827814, -22.556238957706597 ], [ -69.830346, -22.557546957707004 ], [ -69.833822, -22.558576957707391 ], [ -69.834895, -22.561350957708349 ], [ -69.832835, -22.562777957708871 ], [ -69.830174, -22.564006957709349 ], [ -69.827385, -22.563966957709312 ], [ -69.825582999999881, -22.564917957709604 ], [ -69.825025, -22.567612957710494 ], [ -69.827471, -22.568999957710993 ], [ -69.828372, -22.571496957711872 ], [ -69.827213, -22.574349957712865 ], [ -69.825153, -22.577677957714037 ], [ -69.822106, -22.579144957714529 ], [ -69.81966, -22.580293957714961 ], [ -69.81936, -22.579183957714555 ], [ -69.821506, -22.57759895771407 ], [ -69.823136, -22.574309957712877 ], [ -69.822965, -22.570426957711422 ], [ -69.821892, -22.570069957711393 ], [ -69.818759, -22.570505957711511 ], [ -69.815412, -22.570861957711678 ], [ -69.81112, -22.570544957711551 ], [ -69.808288, -22.570822957711563 ], [ -69.807901, -22.569078957711 ], [ -69.809833, -22.566502957710149 ], [ -69.812837, -22.563807957709233 ], [ -69.815755, -22.562936957708864 ], [ -69.819059, -22.558537957707372 ], [ -69.818287, -22.555643957706451 ], [ -69.815626, -22.555762957706389 ], [ -69.81421, -22.557546957707004 ], [ -69.812236, -22.556753957706789 ], [ -69.810863, -22.550332957704612 ], [ -69.810004, -22.547875957703745 ], [ -69.80906, -22.545477957702953 ], [ -69.808695, -22.544229957702466 ], [ -69.807794, -22.542901957701993 ], [ -69.808073, -22.540523957701247 ], [ -69.808545, -22.538878957700643 ], [ -69.809082, -22.537193957700044 ], [ -69.810262, -22.536519957699873 ], [ -69.812407, -22.536083957699695 ], [ -69.812815, -22.534617957699187 ], [ -69.813845, -22.533507957698774 ], [ -69.813974, -22.531941957698297 ], [ -69.813073, -22.530673957697832 ], [ -69.811485, -22.529721957697539 ], [ -69.810326, -22.529959957697585 ], [ -69.808974, -22.53079195769784 ], [ -69.808052, -22.530930957697958 ], [ -69.807429, -22.53039595769771 ], [ -69.807343, -22.528790957697211 ], [ -69.806442, -22.527937957696896 ], [ -69.806571, -22.525618957696096 ], [ -69.806249, -22.524568957695763 ], [ -69.806635, -22.522903957695178 ], [ -69.80715, -22.520762957694497 ], [ -69.808009, -22.518701957693807 ], [ -69.808803, -22.516937957693195 ], [ -69.80788, -22.515172957692599 ], [ -69.806464, -22.514855957692482 ], [ -69.805241, -22.514162957692221 ], [ -69.804511, -22.512596957691706 ], [ -69.804318, -22.510296957690997 ], [ -69.803846, -22.506094957689502 ], [ -69.803116, -22.502823957688413 ], [ -69.803567, -22.501058957687842 ], [ -69.805048, -22.499254957687199 ], [ -69.804704, -22.498243957686931 ], [ -69.803481, -22.497708957686701 ], [ -69.803052, -22.497153957686493 ], [ -69.803352, -22.496519957686331 ], [ -69.803782, -22.49560795768603 ], [ -69.802902, -22.494794957685745 ], [ -69.801872, -22.494754957685707 ], [ -69.801507, -22.494100957685507 ], [ -69.802001, -22.493188957685181 ], [ -69.80449, -22.491265957684597 ], [ -69.807816, -22.488073957683532 ], [ -69.809275, -22.487399957683333 ], [ -69.811356, -22.487419957683308 ], [ -69.813373, -22.48797495768347 ], [ -69.813673, -22.489382957684008 ], [ -69.81436, -22.492217957684915 ], [ -69.815948, -22.493902957685474 ], [ -69.818501, -22.494952957685847 ], [ -69.819531, -22.49562695768601 ], [ -69.820776, -22.495250957685933 ], [ -69.822106, -22.49487395768579 ], [ -69.82363, -22.494873957685797 ], [ -69.824553, -22.494179957685564 ], [ -69.824746, -22.493287957685226 ], [ -69.826097, -22.492276957684933 ], [ -69.826441, -22.490373957684273 ], [ -69.825625, -22.48963995768403 ], [ -69.824445, -22.490056957684189 ], [ -69.82348, -22.49100795768447 ], [ -69.822407, -22.491087957684499 ], [ -69.822257, -22.490531957684404 ], [ -69.821742, -22.489461957683996 ], [ -69.821613, -22.487934957683478 ], [ -69.821119, -22.486427957683023 ], [ -69.820518, -22.485119957682542 ], [ -69.819295, -22.48490195768251 ], [ -69.819145, -22.483870957682139 ], [ -69.819059, -22.482541957681647 ], [ -69.818974, -22.481332957681278 ], [ -69.81848, -22.480261957680941 ], [ -69.817064, -22.480162957680907 ], [ -69.815776, -22.480797957681109 ], [ -69.81451, -22.480479957680998 ], [ -69.812858, -22.479230957680535 ], [ -69.811227, -22.477783957680106 ], [ -69.810948, -22.47605895767953 ], [ -69.804575, -22.467115957676597 ], [ -69.794276, -22.4658269576762 ], [ -69.793847, -22.463903957675537 ], [ -69.792902, -22.462178957674968 ], [ -69.791765, -22.460889957674539 ], [ -69.790885, -22.458747957673864 ], [ -69.7911, -22.457062957673298 ], [ -69.790199, -22.455257957672739 ], [ -69.788868, -22.454147957672351 ], [ -69.787817, -22.45345295767207 ], [ -69.78713, -22.451787957671566 ], [ -69.785843, -22.447582957670214 ], [ -69.784899, -22.444885957669374 ], [ -69.784641, -22.442803957668698 ], [ -69.783719, -22.44228795766848 ], [ -69.781637, -22.442208957668488 ], [ -69.779062, -22.439907957667742 ], [ -69.780006, -22.437527957666962 ], [ -69.780779, -22.434989957666172 ], [ -69.777861, -22.432767957665412 ], [ -69.777946, -22.429911957664501 ], [ -69.779234, -22.426658957663481 ], [ -69.779148, -22.42451695766281 ], [ -69.774427, -22.422136957662026 ], [ -69.775372, -22.419279957661104 ], [ -69.774342, -22.415788957659949 ], [ -69.774599, -22.410234957658247 ], [ -69.785414, -22.411980957658802 ], [ -69.784727, -22.408092957657576 ], [ -69.784641, -22.404699957656447 ], [ -69.785392, -22.403112957655946 ], [ -69.787345, -22.400573957655119 ], [ -69.789813, -22.399779957654935 ], [ -69.790692, -22.398173957654432 ], [ -69.791229, -22.396427957653856 ], [ -69.792237, -22.395534957653584 ], [ -69.793396, -22.395911957653709 ], [ -69.794877, -22.396903957654001 ], [ -69.794941, -22.398292957654398 ], [ -69.795971, -22.399204957654685 ], [ -69.797344, -22.398272957654406 ], [ -69.799297, -22.39716195765406 ], [ -69.799576, -22.395534957653577 ], [ -69.800906, -22.394066957653148 ], [ -69.80273, -22.394304957653123 ], [ -69.805455, -22.394978957653375 ], [ -69.80906, -22.394701957653325 ], [ -69.810991, -22.394601957653286 ], [ -69.811249, -22.392657957652702 ], [ -69.811099, -22.39089195765218 ], [ -69.810734, -22.389483957651645 ], [ -69.810648, -22.388253957651276 ], [ -69.810518999999886, -22.38706295765094 ], [ -69.808803, -22.386269957650683 ], [ -69.806635, -22.38599195765056 ], [ -69.805005, -22.384424957650101 ], [ -69.803052, -22.382916957649613 ], [ -69.802473, -22.380455957648891 ], [ -69.801786, -22.378094957648123 ], [ -69.799919, -22.377479957647918 ], [ -69.797409, -22.3771029576478 ], [ -69.795821, -22.374800957647121 ], [ -69.794641, -22.374086957646835 ], [ -69.792817, -22.373530957646711 ], [ -69.790285, -22.371784957646156 ], [ -69.788718, -22.370237957645671 ], [ -69.786787, -22.370098957645617 ], [ -69.785607, -22.370673957645828 ], [ -69.784104999999897, -22.373213957646538 ], [ -69.783053, -22.376209957647553 ], [ -69.783204, -22.378967957648371 ], [ -69.784019, -22.380336957648826 ], [ -69.785092, -22.38166695764918 ], [ -69.784663, -22.383729957649813 ], [ -69.783719, -22.38632895765069 ], [ -69.7808, -22.387320957650992 ], [ -69.777968, -22.388392957651337 ], [ -69.775586, -22.389483957651635 ], [ -69.775522, -22.391645957652432 ], [ -69.774663, -22.391526957652321 ], [ -69.773312, -22.390475957651979 ], [ -69.770308, -22.387519957651062 ], [ -69.76932, -22.385356957650398 ], [ -69.769127, -22.383074957649626 ], [ -69.76932, -22.380237957648788 ], [ -69.768806, -22.37827395764814 ], [ -69.767218, -22.377300957647812 ], [ -69.764922, -22.377479957647918 ], [ -69.763098, -22.376824957647706 ], [ -69.758978, -22.373253957646508 ], [ -69.755459, -22.369284957645402 ], [ -69.756231, -22.362299957643174 ], [ -69.742584, -22.358965957642184 ], [ -69.748507, -22.351821957639924 ], [ -69.753399, -22.346344957638305 ], [ -69.75194, -22.344597957637774 ], [ -69.729795, -22.339516957636196 ], [ -69.727306, -22.332927957634254 ], [ -69.716578, -22.333403957634353 ], [ -69.714775, -22.325226957631852 ], [ -69.712286, -22.320779957630503 ], [ -69.704733, -22.315241957628871 ], [ -69.709775, -22.314328957628575 ], [ -69.712542999999897, -22.31345595762841 ], [ -69.713552, -22.312065957627887 ], [ -69.714367, -22.308095957626776 ], [ -69.697566, -22.298566957623976 ], [ -69.695549, -22.299896957624345 ], [ -69.691601, -22.301762957624881 ], [ -69.686687, -22.300809957624633 ], [ -69.680636, -22.299122957624096 ], [ -69.670186, -22.295866957623094 ], [ -69.669542, -22.295230957622913 ], [ -69.669971, -22.294118957622622 ], [ -69.671538, -22.293821957622459 ], [ -69.674284, -22.294317957622642 ], [ -69.676838, -22.294099957622556 ], [ -69.67864, -22.294635957622745 ], [ -69.680271, -22.295667957623046 ], [ -69.682245, -22.295846957623052 ], [ -69.685249, -22.295369957622924 ], [ -69.690421, -22.295071957622874 ], [ -69.693468, -22.295349957622946 ], [ -69.695055, -22.295826957623124 ], [ -69.697201, -22.296977957623454 ], [ -69.701385, -22.298129957623818 ], [ -69.70366, -22.298804957623997 ], [ -69.709797, -22.297752957623693 ], [ -69.708467, -22.291537957621831 ], [ -69.703553, -22.292252957622026 ], [ -69.695656, -22.293721957622509 ], [ -69.693296, -22.293205957622373 ], [ -69.691408, -22.28568095762007 ], [ -69.680421, -22.28540295762004 ], [ -69.666646, -22.284747957619835 ], [ -69.666817, -22.286753957620412 ], [ -69.66701, -22.289850957621322 ], [ -69.667804, -22.292332957622069 ], [ -69.667332, -22.294754957622779 ], [ -69.666302, -22.295389957622927 ], [ -69.655681, -22.288599957620946 ], [ -69.651539, -22.286554957620346 ], [ -69.649436, -22.28798495762075 ], [ -69.648557, -22.289234957621119 ], [ -69.648535, -22.291418957621776 ], [ -69.649909, -22.292808957622221 ], [ -69.659779, -22.299618957624169 ], [ -69.659843, -22.300710957624574 ], [ -69.643364, -22.307519957626528 ], [ -69.643707, -22.308631957626901 ], [ -69.645724, -22.310179957627344 ], [ -69.646153, -22.313792957628404 ], [ -69.644866, -22.317127957629463 ], [ -69.642034, -22.320184957630421 ], [ -69.636583, -22.323003957631201 ], [ -69.634438, -22.326139957632169 ], [ -69.634523, -22.328521957632855 ], [ -69.635811, -22.331458957633746 ], [ -69.633965, -22.330347957633471 ], [ -69.631133, -22.330466957633458 ], [ -69.629889, -22.334594957634714 ], [ -69.629803, -22.339239957636078 ], [ -69.632292, -22.343962957637579 ], [ -69.633493, -22.348844957639102 ], [ -69.64169, -22.350075957639405 ], [ -69.640017, -22.350313957639496 ], [ -69.635468, -22.354639957640853 ], [ -69.628301, -22.371705957646135 ], [ -69.624739, -22.380118957648769 ], [ -69.618988, -22.378729957648272 ], [ -69.615512, -22.381864957649316 ], [ -69.61431, -22.383769957649935 ], [ -69.615555, -22.387181957650892 ], [ -69.613624, -22.392022957652475 ], [ -69.611392, -22.392856957652725 ], [ -69.606113, -22.395474957653519 ], [ -69.604869, -22.397617957654177 ], [ -69.605427, -22.40083195765526 ], [ -69.60753, -22.403965957656226 ], [ -69.609504, -22.408131957657588 ], [ -69.609504, -22.410155957658169 ], [ -69.618001, -22.416026957660129 ], [ -69.621863, -22.421422957661768 ], [ -69.614911, -22.428562957664003 ], [ -69.607701, -22.437884957667119 ], [ -69.611864, -22.441534957668317 ], [ -69.614997, -22.44780195767024 ], [ -69.618173, -22.455257957672728 ], [ -69.61549, -22.460829957674562 ], [ -69.616842, -22.465192957675953 ], [ -69.613323, -22.467908957676837 ], [ -69.620705, -22.503279957688637 ], [ -69.635639, -22.500821957687755 ], [ -69.640617, -22.51929595769397 ], [ -69.666023, -22.515410957692705 ], [ -69.672718, -22.516600957693111 ], [ -69.67907, -22.522150957694976 ], [ -69.679413, -22.526669957696484 ], [ -69.677439, -22.537372957700111 ], [ -69.676151, -22.544585957702569 ], [ -69.676409, -22.54926295770419 ], [ -69.677353, -22.55092795770474 ], [ -69.679627, -22.552334957705259 ], [ -69.679348, -22.555921957706449 ], [ -69.680636, -22.557130957706967 ], [ -69.682417, -22.557268957706963 ], [ -69.684005, -22.555663957706333 ], [ -69.684949, -22.554316957705907 ], [ -69.690549, -22.555088957706165 ], [ -69.69424, -22.555980957706549 ], [ -69.696879, -22.5560409577065 ], [ -69.698575, -22.556813957706829 ], [ -69.702051, -22.557922957707159 ], [ -69.707243, -22.558933957707513 ], [ -69.709775, -22.55952795770779 ], [ -69.711213, -22.56073695770813 ], [ -69.707994, -22.563134957708975 ], [ -69.705999, -22.565571957709839 ], [ -69.705377, -22.567533957710538 ], [ -69.684112, -22.560578957708064 ], [ -69.674006, -22.589763957718233 ], [ -69.670486, -22.588178957717709 ], [ -69.668856, -22.584770957716589 ], [ -69.667397, -22.579302957714621 ], [ -69.667139, -22.574071957712796 ], [ -69.66465, -22.569791957711253 ], [ -69.659328, -22.570663957711584 ], [ -69.657612, -22.574705957713022 ], [ -69.658127, -22.580729957715082 ], [ -69.656153, -22.585008957716607 ], [ -69.65564459999996, -22.589539557718133 ] ], [ [ -69.758542762356868, -22.482312497983425 ], [ -69.753943607985505, -22.484231662358855 ], [ -69.749196093795803, -22.497939205470338 ], [ -69.748157575066855, -22.511371280089161 ], [ -69.746525617064066, -22.519320260615661 ], [ -69.749789533069489, -22.525487258123793 ], [ -69.746080537608748, -22.529050286769635 ], [ -69.735398630681857, -22.530420657930886 ], [ -69.728128999578786, -22.529735474049744 ], [ -69.72427164429962, -22.525350216725229 ], [ -69.724271644299563, -22.520005496153352 ], [ -69.722639686296901, -22.514523516718587 ], [ -69.718188891744035, -22.51096011349042 ], [ -69.713293017735836, -22.516031082739271 ], [ -69.711067620459346, -22.522335271564618 ], [ -69.706320106269629, -22.525761340513139 ], [ -69.699198834984983, -22.526720624593661 ], [ -69.691929203881998, -22.519868449317666 ], [ -69.689258727150204, -22.512878880488778 ], [ -69.682879254957754, -22.506848380249028 ], [ -69.677835021131131, -22.500954682719655 ], [ -69.676944862220552, -22.495060734050064 ], [ -69.678131740767967, -22.487795754181409 ], [ -69.682434175502465, -22.480530392955774 ], [ -69.690593965516072, -22.483546249564679 ], [ -69.702314391172081, -22.482449582035386 ], [ -69.708693863364473, -22.475869394440661 ], [ -69.713886457009636, -22.468055015577615 ], [ -69.715963494467573, -22.460514407585357 ], [ -69.719820849746753, -22.455167182387267 ], [ -69.725458522847063, -22.453247615336998 ], [ -69.732134714676434, -22.448037227948664 ], [ -69.735398630681857, -22.438027250298308 ], [ -69.740146144871645, -22.431033549692216 ], [ -69.746673976882477, -22.427467998062976 ], [ -69.752756729438076, -22.426233747314793 ], [ -69.761806678362305, -22.428976511852802 ], [ -69.76952138892068, -22.434461878343654 ], [ -69.773527104018299, -22.449545518116402 ], [ -69.773230384381392, -22.462845184779312 ], [ -69.768779589828497, -22.48025622091561 ], [ -69.766257472915242, -22.482312497983422 ], [ -69.762400117636034, -22.48244958203539 ], [ -69.758542762356868, -22.482312497983425 ] ] ] } },
{ "type": "Feature", "properties": { "fid": 3845, "ISO3_CODE": "CHL", "COUNTRY_NAME": "Chile", "AREA": 0.073771714714027936 }, "geometry": { "type": "Polygon", "coordinates": [ [ [ -68.838336, -22.371090957645894 ], [ -68.837585, -22.370534957645805 ], [ -68.836856, -22.371090957645901 ], [ -68.836834, -22.370733957645847 ], [ -68.836513, -22.37073395764585 ], [ -68.836362, -22.371209957645991 ], [ -68.836212, -22.371447957646005 ], [ -68.835697, -22.371546957646089 ], [ -68.835247, -22.371586957646088 ], [ -68.834839, -22.371348957645999 ], [ -68.834281, -22.371189957645953 ], [ -68.834131, -22.371447957646005 ], [ -68.834023, -22.372022957646205 ], [ -68.834301999999894, -22.372737957646432 ], [ -68.835032, -22.373173957646575 ], [ -68.835847, -22.373312957646526 ], [ -68.836513, -22.373094957646568 ], [ -68.836942, -22.372737957646436 ], [ -68.837328, -22.372201957646222 ], [ -68.837821, -22.371626957646054 ], [ -68.838336, -22.371090957645894 ] ] ] } },
{ "type": "Feature", "properties": { "fid": 3847, "ISO3_CODE": "CHL", "COUNTRY_NAME": "Chile", "AREA": 82.47392720986349 }, "geometry": { "type": "Polygon", "coordinates": [ [ [ -68.824196, -22.371665957646112 ], [ -68.818016, -22.362140957643192 ], [ -68.811836, -22.349757957639309 ], [ -68.804626, -22.337373957635556 ], [ -68.79673, -22.327211957632482 ], [ -68.79364, -22.321494957630776 ], [ -68.781281, -22.322129957630942 ], [ -68.774071, -22.33133995763373 ], [ -68.772354, -22.333562957634378 ], [ -68.765488, -22.33006995763332 ], [ -68.758965, -22.335150957634887 ], [ -68.758965, -22.346582957638386 ], [ -68.756905, -22.354520957640837 ], [ -68.746605, -22.354203957640724 ], [ -68.743515, -22.356743957641534 ], [ -68.735619, -22.352615957640278 ], [ -68.728065, -22.348805957639065 ], [ -68.719826, -22.352298957640169 ], [ -68.716393, -22.357060957641579 ], [ -68.711586, -22.360235957642569 ], [ -68.708153, -22.363728957643687 ], [ -68.700943, -22.368490957645108 ], [ -68.698196, -22.374523957647003 ], [ -68.703003, -22.384364957650067 ], [ -68.710213, -22.393570957652948 ], [ -68.716736, -22.397379957654174 ], [ -68.727379, -22.400236957655054 ], [ -68.740425, -22.402140957655643 ], [ -68.753815, -22.402775957655834 ], [ -68.774071, -22.403092957655982 ], [ -68.783684, -22.407219957657354 ], [ -68.796043, -22.411028957658491 ], [ -68.810463, -22.414519957659618 ], [ -68.822136, -22.415471957659872 ], [ -68.828659, -22.41515495765977 ], [ -68.824883, -22.407219957657354 ], [ -68.822479, -22.398966957654601 ], [ -68.821449, -22.392618957652637 ], [ -68.821793, -22.384681957650187 ], [ -68.824196, -22.376110957647509 ], [ -68.824196, -22.371665957646112 ] ] ] } },
{ "type": "Feature", "properties": { "fid": 3858, "ISO3_CODE": "CHL", "COUNTRY_NAME": "Chile", "AREA": 177.86101679410871 }, "geometry": { "type": "Polygon", "coordinates": [ [ [ -68.881359, -22.173177957588184 ], [ -68.880329, -22.171031957587591 ], [ -68.878612999999888, -22.169322957587109 ], [ -68.876638, -22.167772957586713 ], [ -68.87475, -22.167216957586479 ], [ -68.871188, -22.167534957586636 ], [ -68.869686, -22.167613957586624 ], [ -68.865438, -22.1647529575859 ], [ -68.860974, -22.162685957585321 ], [ -68.857584, -22.160897957584854 ], [ -68.855782, -22.160022957584605 ], [ -68.854194, -22.15926795758439 ], [ -68.852391, -22.158711957584238 ], [ -68.850074, -22.160738957584783 ], [ -68.849001, -22.162288957585222 ], [ -68.846984, -22.162725957585348 ], [ -68.845568, -22.165189957586026 ], [ -68.843722, -22.167732957586701 ], [ -68.841319, -22.171150957587649 ], [ -68.837714, -22.175562957588852 ], [ -68.836169, -22.177906957589467 ], [ -68.835096, -22.17961595758997 ], [ -68.834152, -22.181086957590296 ], [ -68.833466, -22.182317957590712 ], [ -68.83574, -22.185616957591549 ], [ -68.837543, -22.186768957591912 ], [ -68.838315, -22.188517957592371 ], [ -68.839238, -22.189152957592544 ], [ -68.838143, -22.189868957592779 ], [ -68.8378, -22.191338957593132 ], [ -68.838015, -22.192192957593377 ], [ -68.838272, -22.193663957593799 ], [ -68.839839, -22.19431895759395 ], [ -68.840804, -22.193782957593839 ], [ -68.841577, -22.192252957593436 ], [ -68.844624, -22.192689957593533 ], [ -68.848057, -22.192093957593386 ], [ -68.850374, -22.19237195759343 ], [ -68.851748, -22.193206957593645 ], [ -68.849902, -22.19439895759399 ], [ -68.847456, -22.195351957594312 ], [ -68.844924, -22.196384957594539 ], [ -68.843036, -22.197418957594891 ], [ -68.840675, -22.19825295759507 ], [ -68.839517, -22.198530957595175 ], [ -68.837714, -22.19733895759482 ], [ -68.834925, -22.198411957595063 ], [ -68.833637, -22.199961957595548 ], [ -68.833079, -22.202345957596233 ], [ -68.833766, -22.205046957596956 ], [ -68.83604, -22.205960957597227 ], [ -68.838615, -22.207867957597767 ], [ -68.841019, -22.209377957598164 ], [ -68.845053, -22.209655957598272 ], [ -68.847885, -22.208781957598049 ], [ -68.851576, -22.209179957598117 ], [ -68.855267, -22.21140395759878 ], [ -68.859472, -22.213311957599302 ], [ -68.863335, -22.213946957599429 ], [ -68.864965, -22.218634957600816 ], [ -68.866682, -22.221971957601774 ], [ -68.867197, -22.226024957602935 ], [ -68.866596, -22.229917957603949 ], [ -68.867369, -22.233413957604977 ], [ -68.869686, -22.238259957606349 ], [ -68.872175, -22.243185957607807 ], [ -68.874149, -22.246442957608689 ], [ -68.875437, -22.249460957609575 ], [ -68.869429, -22.248428957609327 ], [ -68.871145, -22.255259957611226 ], [ -68.876553, -22.259549957612418 ], [ -68.879128, -22.258755957612252 ], [ -68.879642, -22.262091957613222 ], [ -68.873205, -22.263362957613587 ], [ -68.871403, -22.267016957614661 ], [ -68.877239, -22.269478957615345 ], [ -68.882046, -22.266618957614515 ], [ -68.882046, -22.270987957615812 ], [ -68.882046, -22.275594957617081 ], [ -68.879814, -22.27885095761809 ], [ -68.878441, -22.281789957618976 ], [ -68.877668, -22.278453957617923 ], [ -68.874235, -22.27360895761656 ], [ -68.871059, -22.274879957616914 ], [ -68.870201, -22.27710395761757 ], [ -68.870029, -22.281948957618969 ], [ -68.869429, -22.283774957619546 ], [ -68.867283, -22.279644957618366 ], [ -68.864708, -22.27702395761758 ], [ -68.863506, -22.275753957617226 ], [ -68.860846, -22.274641957616854 ], [ -68.856897, -22.275117957616999 ], [ -68.851918999999896, -22.276229957617357 ], [ -68.848143, -22.277262957617666 ], [ -68.843851, -22.2792479576182 ], [ -68.842306, -22.279962957618466 ], [ -68.839817, -22.2836959576195 ], [ -68.839388, -22.286078957620212 ], [ -68.8381, -22.288619957620945 ], [ -68.836384, -22.289969957621366 ], [ -68.834925, -22.291557957621823 ], [ -68.834152, -22.294734957622758 ], [ -68.833809, -22.29822895762376 ], [ -68.833981, -22.303310957625335 ], [ -68.83913, -22.303310957625339 ], [ -68.83647, -22.306090957626122 ], [ -68.833637, -22.305852957626055 ], [ -68.831749, -22.305057957625877 ], [ -68.828573, -22.307519957626532 ], [ -68.82823, -22.309663957627233 ], [ -68.830891, -22.31133195762775 ], [ -68.835011, -22.309107957627038 ], [ -68.838959, -22.307201957626447 ], [ -68.841963, -22.305931957626079 ], [ -68.846598, -22.306884957626405 ], [ -68.849173, -22.308710957626886 ], [ -68.848743, -22.310854957627534 ], [ -68.846254, -22.313316957628363 ], [ -68.844023, -22.314427957628631 ], [ -68.841534, -22.314983957628797 ], [ -68.837414, -22.316889957629368 ], [ -68.835268, -22.319588957630156 ], [ -68.832951, -22.321415957630791 ], [ -68.832436, -22.322844957631183 ], [ -68.831663, -22.325623957631993 ], [ -68.831234, -22.327925957632722 ], [ -68.834324, -22.330307957633419 ], [ -68.837757, -22.330545957633522 ], [ -68.839302, -22.327528957632648 ], [ -68.840246, -22.324988957631895 ], [ -68.842821, -22.32228895763102 ], [ -68.844709, -22.319827957630249 ], [ -68.846941, -22.320303957630426 ], [ -68.849773, -22.321573957630832 ], [ -68.85252, -22.322526957631073 ], [ -68.855953, -22.323638957631395 ], [ -68.860331, -22.323876957631438 ], [ -68.863506, -22.32403595763159 ], [ -68.871145, -22.323876957631434 ], [ -68.865395, -22.328005957632701 ], [ -68.860588, -22.332768957634155 ], [ -68.85458, -22.334832957634774 ], [ -68.848056999999898, -22.334356957634611 ], [ -68.84634, -22.335309957634937 ], [ -68.841362, -22.33451595763465 ], [ -68.834324, -22.336103957635121 ], [ -68.832779, -22.342613957637091 ], [ -68.834323999999896, -22.348011957638846 ], [ -68.83913, -22.354679957640911 ], [ -68.84325, -22.36071295764274 ], [ -68.845482, -22.367855957644931 ], [ -68.84325, -22.371665957646112 ], [ -68.84428, -22.374840957647042 ], [ -68.850632, -22.374364957646922 ], [ -68.856125, -22.373570957646713 ], [ -68.859558, -22.375316957647261 ], [ -68.864708, -22.377697957647932 ], [ -68.868141, -22.381666957649188 ], [ -68.867798, -22.388491957651436 ], [ -68.870373, -22.394046957653121 ], [ -68.875351, -22.386586957650735 ], [ -68.880672, -22.381983957649329 ], [ -68.885822, -22.379920957648665 ], [ -68.893547, -22.38134895764906 ], [ -68.88093, -22.391745957652397 ], [ -68.879042, -22.400394957655042 ], [ -68.882647, -22.405870957656834 ], [ -68.89123, -22.409520957658 ], [ -68.900156, -22.407219957657347 ], [ -68.902302, -22.406346957656996 ], [ -68.903675, -22.405473957656728 ], [ -68.908825, -22.409441957657943 ], [ -68.912258, -22.411345957658543 ], [ -68.920498, -22.408330957657611 ], [ -68.922901, -22.404521957656431 ], [ -68.921871, -22.39785595765429 ], [ -68.919983, -22.389602957651711 ], [ -68.921013, -22.386110957650633 ], [ -68.921013, -22.380872957648947 ], [ -68.91964, -22.375634957647357 ], [ -68.919468, -22.370872957645815 ], [ -68.923416, -22.363410957643541 ], [ -68.925819, -22.355155957640957 ], [ -68.927879, -22.348328957638923 ], [ -68.928566, -22.342930957637257 ], [ -68.929253, -22.337214957635503 ], [ -68.930969, -22.333245957634333 ], [ -68.935604, -22.330863957633596 ], [ -68.940411, -22.328799957632981 ], [ -68.945732, -22.323876957631434 ], [ -68.94556, -22.317524957629558 ], [ -68.946762, -22.312760957628065 ], [ -68.946075, -22.309425957627113 ], [ -68.942814, -22.305772957626019 ], [ -68.939724, -22.300372957624425 ], [ -68.938351, -22.29830895762387 ], [ -68.936634, -22.294337957622677 ], [ -68.934746, -22.29163795762183 ], [ -68.932686, -22.289095957621125 ], [ -68.931313, -22.287825957620729 ], [ -68.930283, -22.284966957619815 ], [ -68.928738, -22.282424957619167 ], [ -68.927021, -22.280995957618725 ], [ -68.923073, -22.280359957618529 ], [ -68.920326, -22.280359957618533 ], [ -68.918095, -22.279088957618132 ], [ -68.917065, -22.27686595761751 ], [ -68.915691, -22.274323957616748 ], [ -68.914146, -22.270193957615522 ], [ -68.914661, -22.265109957614115 ], [ -68.914661, -22.263838957613736 ], [ -68.914833, -22.261138957612939 ], [ -68.91346, -22.257960957612003 ], [ -68.910713, -22.25494295761116 ], [ -68.907452, -22.252717957610489 ], [ -68.906422, -22.249858957609678 ], [ -68.910198, -22.247792957609065 ], [ -68.911915, -22.244297957608079 ], [ -68.911914999999894, -22.23984895760681 ], [ -68.91243, -22.234922957605395 ], [ -68.913803, -22.231267957604341 ], [ -68.91346, -22.228566957603618 ], [ -68.911228, -22.226341957602958 ], [ -68.90728, -22.224593957602476 ], [ -68.902645, -22.223004957601979 ], [ -68.901615, -22.220939957601409 ], [ -68.902302, -22.218078957600607 ], [ -68.903332, -22.215218957599824 ], [ -68.906765, -22.214582957599685 ], [ -68.91037, -22.214264957599578 ], [ -68.910885, -22.211721957598865 ], [ -68.910027, -22.209814957598308 ], [ -68.90728, -22.208066957597762 ], [ -68.904705, -22.207430957597627 ], [ -68.901958, -22.205841957597176 ], [ -68.899899, -22.20377595759663 ], [ -68.89595, -22.201550957595998 ], [ -68.894405, -22.197735957594954 ], [ -68.893032, -22.193921957593894 ], [ -68.892174, -22.189470957592665 ], [ -68.897152, -22.18788195759225 ], [ -68.893719, -22.175164957588716 ], [ -68.886166, -22.173416957588202 ], [ -68.881359, -22.173177957588184 ] ] ] } }
]
}
